County,Premium_Rate_per_acre
Other,64.39
Madera,157.37
Stanislaus,176.2
Merced,172.48
Stanislaus,206.63
Merced,157.05
Stanislaus,150.79
Kern,206.31
Fresno,201.51
Colusa,136.97
Stanislaus,119.69
Colusa,153.3
Fresno,175.64
Other,217.07
Fresno,174.09
Madera,164.35
Stanislaus,162.96
Fresno,167.46
Madera,141.78
Kern,230.0
Merced,146.77
Tulare,227.76
Fresno,65.0
Fresno,136.83
Glenn,164.41
Butte,134.25
Other,207.84
Kern,101.78
Tulare,225.99
Fresno,173.26
San Joaquin,136.44
Tulare,65.25
Merced,151.91
Tulare,111.72
Merced,55.98
Kern,208.04
Madera,118.51
Colusa,0.0
Kern,118.1
Butte,140.89
Colusa,0.0
Stanislaus,176.2
Glenn,137.61
Other,234.4
Stanislaus,190.4
Kern,212.06
Fresno,0.0
Kern,125.7
Kern,217.0
Merced,0.0
Stanislaus,161.9
Tulare,145.95
San Joaquin,139.01
Madera,0.0
Madera,149.37
Kern,72.91
Other,174.32
Merced,171.39
Stanislaus,143.93
Stanislaus,194.36
Other,210.37
Other,217.58
Madera,163.03
Other,214.42
San Joaquin,175.63
Kern,230.69
Other,101.45
Kern,202.06
Madera,165.46
Tulare,128.84
Stanislaus,126.64
Butte,133.11
Madera,53.13
Butte,167.55
Kern,179.17
Other,218.34
Other,168.37
Madera,150.89
Other,172.55
Fresno,146.56
Butte,0.0
Kern,193.2
Fresno,181.33
Other,182.29
Other,168.12
Merced,200.67
Fresno,156.08
Other,223.27
Fresno,171.91
Fresno,181.44
Butte,147.36
Other,210.12
Stanislaus,146.16
Colusa,143.07
Madera,166.47
Stanislaus,162.67
Stanislaus,191.56
Other,213.66
Other,201.77
Glenn,168.33
Merced,52.91
Other,81.85
Kern,73.48
Fresno,89.73
Stanislaus,205.18
Other,224.54
Merced,154.88
Butte,179.96
Fresno,61.48
Other,201.01
Kern,204.7
Stanislaus,153.3
Other,0.0
Tulare,141.2
San Joaquin,118.13
Other,232.76
Colusa,138.5
Kern,98.56
Fresno,159.7
Kern,190.56
Fresno,213.42
Colusa,91.67
Butte,125.86
Fresno,204.72
Butte,161.17
Stanislaus,132.82
Tulare,205.01
Fresno,158.77
Madera,123.16
Kern,175.14
Stanislaus,114.08
Fresno,148.52
Stanislaus,157.65
Kern,190.44
Madera,183.58
Merced,167.24
Butte,106.54
San Joaquin,146.74
Kern,201.82
Kern,222.87
Kern,197.11
Other,222.39
Glenn,106.55
Kern,118.68
Merced,194.44
Stanislaus,165.77
Other,257.55
San Joaquin,163.58
Tulare,184.26
Stanislaus,177.94
Butte,153.82
Merced,46.58
Stanislaus,133.79
Other,204.42
San Joaquin,153.36
Fresno,185.78
Kern,228.62
Other,265.78
Fresno,217.97
Madera,227.4
Butte,140.89
Butte,63.8
Stanislaus,156.69
Fresno,151.21
San Joaquin,201.66
San Joaquin,170.02
Tulare,164.83
Merced,204.13
Kern,206.77
San Joaquin,59.62
Madera,176.59
Glenn,174.03
San Joaquin,172.13
Merced,148.75
Stanislaus,143.26
Merced,174.46
Madera,193.9
San Joaquin,0.0
Fresno,134.86
Colusa,196.35
Fresno,141.59
Stanislaus,109.16
Kern,206.65
Other,209.99
Madera,108.99
Stanislaus,176.87
Kern,128.46
Kern,252.77
Merced,162.49
Stanislaus,153.21
Tulare,139.77
Merced,155.77
Kern,202.28
Other,193.04
Kern,175.72
Merced,159.92
San Joaquin,146.19
Other,202.53
Stanislaus,207.88
Fresno,172.43
Other,159.64
Tulare,63.37
San Joaquin,186.21
Fresno,168.19
Glenn,113.44
Fresno,152.97
Fresno,173.05
Fresno,172.43
Other,213.41
Other,0.0
Kern,137.66
Fresno,135.07
Other,186.33
Merced,96.33
Glenn,159.9
Fresno,154.11
San Joaquin,157.23
Merced,198.69
Glenn,0.0
Other,91.08
Stanislaus,138.14
Other,251.61
Merced,134.11
Merced,140.73
Other,234.02
Fresno,160.74
Stanislaus,135.63
Tulare,160.85
Butte,127.6
Madera,164.75
Butte,160.55
Fresno,212.38
Kern,171.0
Kern,195.96
Colusa,162.72
Fresno,175.33
Madera,209.28
Fresno,115.82
Madera,196.23
Stanislaus,0.0
Fresno,180.4
Kern,215.16
Stanislaus,154.17
Merced,109.48
Merced,166.55
Fresno,131.65
Other,200.12
San Joaquin,125.95
Kern,183.77
Fresno,212.8
San Joaquin,0.0
Butte,98.76
Madera,113.14
San Joaquin,199.46
Kern,285.89
Fresno,203.9
Tulare,138.77
Madera,116.89
Kern,175.14
Stanislaus,183.54
Other,248.45
Stanislaus,146.74
Other,239.21
Kern,202.28
Madera,162.22
Other,223.27
Butte,156.45
San Joaquin,0.0
San Joaquin,136.71
Kern,171.12
Merced,117.2
Stanislaus,203.05
Tulare,193.97
Other,200.63
Stanislaus,129.54
San Joaquin,190.26
Fresno,197.79
San Joaquin,145.27
Butte,164.14
Other,131.31
Other,211.76
Merced,0.0
Fresno,172.02
Stanislaus,197.16
San Joaquin,151.71
Madera,157.77
Butte,138.44
Merced,118.68
Fresno,205.14
Merced,162.29
Stanislaus,176.87
Madera,135.41
Kern,103.27
Merced,149.44
Madera,150.89
Fresno,176.57
Madera,0.0
Tulare,109.08
Colusa,107.64
Fresno,170.98
Kern,202.86
Fresno,165.81
Glenn,140.93
Stanislaus,130.7
Other,196.2
Kern,132.83
Other,176.59
Colusa,173.84
Other,92.85
Merced,180.79
Merced,149.64
Madera,183.78
Madera,149.27
Fresno,64.17
Butte,142.02
Merced,127.38
Stanislaus,169.15
Kern,0.0
Kern,172.16
Fresno,167.57
Colusa,163.07
Madera,0.0
Madera,134.9
Fresno,213.93
San Joaquin,173.51
Other,0.0
Glenn,206.37
Merced,147.06
Other,229.34
Fresno,161.15
Merced,196.32
Colusa,131.68
Glenn,158.71
Merced,166.75
Fresno,212.49
Merced,155.27
Fresno,119.75
Kern,0.0
Fresno,148.83
Fresno,156.6
Kern,233.56
Colusa,184.87
Fresno,164.36
San Joaquin,156.12
Kern,160.54
Kern,157.44
San Joaquin,151.06
San Joaquin,185.66
Kern,239.54
Stanislaus,165.57
Kern,211.37
Tulare,123.65
Merced,179.31
Butte,120.0
Butte,0.0
Kern,144.56
Merced,141.92
Stanislaus,148.09
Kern,210.91
Tulare,180.95
Madera,125.89
Butte,132.32
Colusa,99.66
Kern,168.94
Merced,174.76
Madera,212.42
Stanislaus,197.16
Madera,148.56
Glenn,0.0
Merced,93.46
San Joaquin,130.0
Butte,124.46
Stanislaus,144.8
Madera,152.41
Madera,186.82
Fresno,159.39
Stanislaus,140.46
Stanislaus,170.5
Merced,171.69
Stanislaus,117.27
Colusa,137.42
Madera,89.56
Stanislaus,148.47
Kern,179.17
Stanislaus,146.16
Madera,159.9
Stanislaus,153.4
Madera,192.38
Madera,176.19
Butte,181.44
Butte,138.27
Fresno,191.06
Madera,178.42
Merced,172.48
Kern,213.1
Stanislaus,0.0
Stanislaus,161.32
Merced,127.88
Other,142.19
Merced,133.61
Other,247.81
Fresno,166.22
Stanislaus,172.82
Fresno,166.22
Other,0.0
Butte,154.52
San Joaquin,169.0
San Joaquin,190.26
Colusa,142.08
Stanislaus,163.74
Merced,89.8
Stanislaus,138.14
Madera,194.2
San Joaquin,156.86
Other,162.17
Kern,163.53
Merced,169.12
San Joaquin,104.05
Other,243.51
Stanislaus,95.92
Stanislaus,137.08
Madera,168.6
Kern,192.97
Stanislaus,110.41
Fresno,205.34
Kern,171.12
Fresno,186.4
Merced,172.78
San Joaquin,141.5
Stanislaus,160.84
Fresno,197.79
Stanislaus,149.92
Tulare,182.6
Kern,179.4
Colusa,147.92
Madera,139.15
Merced,195.62
Butte,177.6
Kern,187.45
Merced,144.1
Other,202.02
Madera,134.9
Merced,192.86
San Joaquin,138.18
Madera,0.0
Colusa,104.05
Kern,235.98
Colusa,127.28
Merced,250.41
San Joaquin,169.83
Stanislaus,125.68
Other,236.93
Kern,173.3
Stanislaus,155.72
Merced,182.96
Fresno,155.15
Stanislaus,153.5
Butte,75.78
Merced,185.64
Kern,186.53
Tulare,134.03
Fresno,0.0
Madera,122.65
Other,170.02
Fresno,73.9
Other,193.04
Stanislaus,159.39
Kern,172.62
Stanislaus,132.34
San Joaquin,156.12
Other,167.61
Colusa,196.8
Other,216.82
Butte,138.27
Kern,225.98
Other,188.86
Madera,181.15
Colusa,152.58
Other,212.65
Butte,57.25
Tulare,209.76
Madera,199.06
Merced,140.24
San Joaquin,103.13
Butte,120.35
Kern,162.26
Madera,226.38
Merced,145.48
Fresno,142.62
Butte,119.91
Merced,133.71
Fresno,142.21
Stanislaus,151.66
Other,268.56
Fresno,177.5
Fresno,150.7
Kern,226.2
Kern,158.36
Kern,178.71
Glenn,116.5
Kern,0.0
Madera,136.42
Merced,113.64
Fresno,144.07
Colusa,0.0
Merced,179.31
Tulare,183.93
Fresno,171.5
Madera,147.75
Other,251.1
Merced,163.58
Glenn,128.25
Other,240.98
Merced,174.06
Kern,178.6
Fresno,175.95
Kern,190.78
Butte,131.45
San Joaquin,160.72
Kern,183.08
Stanislaus,151.47
Fresno,190.96
Stanislaus,200.93
Madera,170.22
Fresno,123.99
Madera,174.06
Madera,151.7
Tulare,168.91
Madera,153.22
San Joaquin,126.13
Stanislaus,156.88
Fresno,148.11
Madera,170.93
San Joaquin,94.67
Madera,173.76
Madera,151.29
Kern,107.98
Other,135.61
Other,183.68
Merced,197.9
Colusa,145.67
Butte,58.03
Fresno,175.64
Butte,172.09
Other,197.72
Tulare,143.52
Kern,169.4
Butte,55.5
Fresno,150.39
Colusa,125.22
Stanislaus,146.35
Stanislaus,120.75
Kern,189.06
Stanislaus,163.74
Madera,173.76
Merced,140.44
Stanislaus,130.31
Fresno,191.68
Madera,164.96
Madera,154.84
Kern,128.8
Kern,183.54
Kern,69.11
Fresno,0.0
Other,146.61
San Joaquin,137.26
Stanislaus,158.62
Madera,132.27
Other,284.37
Stanislaus,56.8
Fresno,175.12
Other,205.56
Stanislaus,183.15
Other,191.9
Fresno,224.08
Stanislaus,163.93
Fresno,187.44
Fresno,89.22
Fresno,147.49
Colusa,151.77
Stanislaus,182.09
Other,0.0
Butte,147.36
Stanislaus,204.02
Kern,162.72
San Joaquin,146.1
San Joaquin,150.24
Stanislaus,162.19
Other,288.55
Stanislaus,149.25
Colusa,116.88
Kern,226.32
Butte,139.67
Butte,155.31
Kern,177.68
Merced,160.81
Merced,164.27
San Joaquin,189.15
Other,210.62
Madera,189.75
Madera,153.22
Other,195.57
Fresno,206.28
Other,135.73
Other,261.6
Merced,122.34
Other,312.71
Other,101.33
Stanislaus,177.94
Fresno,101.33
Butte,151.11
Stanislaus,169.44
San Joaquin,107.82
Stanislaus,183.44
Other,77.29
Kern,178.02
Merced,144.99
Madera,187.02
Kern,126.38
Madera,110.21
Fresno,134.24
Kern,155.82
Other,226.18
Merced,157.05
Stanislaus,129.64
Tulare,174.1
Butte,147.53
Fresno,194.37
Colusa,171.78
Kern,155.48
Kern,169.51
Fresno,240.12
Kern,180.32
Other,253.13
Madera,189.04
Merced,111.76
Merced,130.15
Stanislaus,134.56
Fresno,125.55
Merced,0.0
Madera,174.06
Fresno,133.1
Kern,148.7
Tulare,170.46
Madera,152.91
San Joaquin,167.81
Fresno,150.07
Colusa,144.24
Kern,153.52
Butte,159.68
San Joaquin,157.69
Fresno,148.21
Tulare,175.87
Madera,191.27
Madera,185.2
Kern,158.58
Kern,188.83
Fresno,140.45
Kern,241.38
Stanislaus,168.08
Fresno,164.46
Kern,158.58
Tulare,220.14
Stanislaus,151.76
Madera,167.79
Fresno,182.47
Merced,183.56
Other,222.39
Kern,170.77
Tulare,232.72
Fresno,202.03
Butte,138.09
Kern,227.01
Fresno,199.13
San Joaquin,158.52
Butte,127.95
Kern,243.68
Butte,103.48
Fresno,243.22
Merced,176.14
Stanislaus,162.87
Other,194.68
Other,160.4
Colusa,134.37
Madera,178.31
Stanislaus,185.09
Kern,248.74
Fresno,194.79
Madera,175.38
San Joaquin,149.68
Fresno,133.2
Other,188.36
Other,167.74
Tulare,93.29
Fresno,202.76
Tulare,0.0
Fresno,193.54
Stanislaus,189.63
Colusa,0.0
Kern,215.4
Merced,131.14
Fresno,171.5
Merced,120.06
Kern,190.32
San Joaquin,194.4
Madera,191.57
Other,0.0
Stanislaus,148.86
Butte,103.92
Fresno,157.32
Other,227.95
Merced,147.26
Madera,156.56
Stanislaus,62.02
Stanislaus,184.12
Glenn,111.06
Tulare,208.77
Merced,140.73
Fresno,163.43
Tulare,223.78
Other,165.34
Other,187.6
Madera,146.84
Merced,146.97
Merced,152.6
Stanislaus,116.6
Merced,161.01
Butte,140.1
Colusa,126.93
San Joaquin,55.94
Stanislaus,130.51
Glenn,106.03
Other,188.23
Madera,168.6
Kern,158.01
Merced,130.15
Other,183.3
Kern,160.2
San Joaquin,136.16
Tulare,185.47
Madera,194.91
Kern,168.82
Other,196.58
Fresno,210.73
Other,201.77
Fresno,198.41
Kern,175.95
Madera,135.3
Fresno,147.69
Fresno,131.55
Merced,114.43
Fresno,204.83
Madera,203.31
Fresno,123.37
Kern,177.68
Merced,176.14
Butte,111.87
Merced,167.54
Stanislaus,86.46
Colusa,141.1
Stanislaus,164.9
Butte,82.24
Fresno,222.94
Tulare,212.96
Kern,153.99
Kern,224.36
Butte,123.41
Fresno,138.48
Stanislaus,175.52
Tulare,201.81
Colusa,149.44
Stanislaus,140.55
Fresno,120.06
Butte,138.35
Butte,150.68
Fresno,177.61
Madera,170.62
Kern,0.0
Madera,166.47
Merced,164.27
Other,223.02
Madera,132.37
Stanislaus,141.71
Madera,171.33
Fresno,196.03
Fresno,180.09
Other,285.0
Kern,186.64
Merced,175.25
Kern,131.79
San Joaquin,173.05
Butte,121.92
Merced,125.6
Kern,187.22
Fresno,169.43
Other,152.81
Kern,194.0
Merced,156.16
Madera,79.44
Madera,147.65
San Joaquin,153.73
Merced,182.77
Fresno,154.01
Stanislaus,188.37
Madera,150.99
Stanislaus,173.2
Fresno,0.0
Colusa,134.73
Kern,201.36
Merced,178.81
San Joaquin,116.1
Butte,202.16
Tulare,220.36
Glenn,151.31
Other,257.43
Colusa,168.55
Other,227.19
Kern,159.39
Madera,154.13
Kern,114.88
Fresno,151.01
Merced,101.08
Kern,166.75
Tulare,132.37
Fresno,159.08
Tulare,195.41
Tulare,191.21
Merced,126.0
Stanislaus,168.37
Fresno,0.0
Merced,153.39
Merced,156.16
Kern,205.74
Stanislaus,159.68
Stanislaus,181.7
Fresno,124.2
Kern,143.18
Butte,123.85
Kern,158.93
Other,210.62
Colusa,121.18
Fresno,217.25
Tulare,181.39
Fresno,172.22
Fresno,237.22
Madera,165.26
Butte,109.08
Madera,152.2
Stanislaus,140.26
Kern,216.08
Kern,190.44
Merced,201.56
Merced,118.09
Glenn,94.04
Fresno,171.29
Madera,220.92
Merced,212.83
Merced,181.88
Colusa,173.21
Merced,177.33
Other,208.47
Stanislaus,186.82
Madera,169.21
Merced,146.97
Other,76.41
Colusa,175.99
Fresno,155.15
Stanislaus,0.0
Stanislaus,136.4
Colusa,114.19
Kern,183.88
Stanislaus,115.73
Kern,171.35
Kern,213.1
Stanislaus,212.42
Fresno,140.76
Fresno,152.77
Stanislaus,161.13
Kern,157.78
Kern,205.5
Kern,195.27
Tulare,218.04
Merced,143.6
Fresno,170.46
Butte,165.89
San Joaquin,131.56
Fresno,184.54
Madera,157.97
Colusa,0.0
Other,168.12
Kern,75.21
Kern,186.76
Stanislaus,191.65
Butte,193.07
Fresno,71.73
Merced,161.8
Kern,217.0
Fresno,222.63
Kern,84.98
Stanislaus,173.01
Kern,211.37
Other,195.95
Kern,173.76
Tulare,61.49
Fresno,161.56
Stanislaus,153.01
Glenn,193.52
Butte,128.13
Butte,184.06
Stanislaus,220.15
Fresno,186.92
Kern,208.84
Tulare,136.23
Kern,190.56
Kern,194.24
Butte,51.13
Fresno,186.71
Kern,73.72
Tulare,68.67
Stanislaus,140.75
Merced,0.0
Other,228.84
Fresno,157.42
Fresno,0.0
Merced,150.62
Fresno,173.16
Stanislaus,163.45
Stanislaus,70.9
Glenn,160.5
Madera,154.23
Kern,200.56
Fresno,208.55
Kern,268.98
San Joaquin,161.28
Madera,152.81
Other,202.78
Other,191.52
Madera,144.41
Colusa,131.77
Madera,127.61
Colusa,170.16
Merced,174.95
Tulare,199.27
Merced,196.02
Glenn,124.67
Merced,181.88
Tulare,163.28
Merced,173.77
Other,227.95
Stanislaus,145.0
Merced,176.44
Kern,228.39
Kern,210.22
Madera,153.32
Butte,148.14
Other,166.6
Other,220.62
Fresno,227.91
Madera,157.26
Other,138.01
Colusa,78.49
Kern,233.34
Fresno,128.65
Madera,204.12
Kern,205.16
Madera,185.9
Madera,0.0
Other,72.23
Stanislaus,144.8
Tulare,0.0
Other,240.73
Stanislaus,176.58
Madera,142.79
Kern,149.84
Madera,65.58
Fresno,195.82
Fresno,152.14
Merced,162.59
Fresno,245.3
Fresno,179.57
San Joaquin,163.21
Stanislaus,129.25
Madera,129.23
Stanislaus,148.28
Glenn,0.0
Kern,211.14
Fresno,175.85
Butte,133.81
Merced,138.26
Madera,162.73
San Joaquin,126.22
Stanislaus,224.11
Fresno,147.8
Kern,182.16
Merced,163.48
Stanislaus,155.43
Stanislaus,108.77
Merced,156.76
San Joaquin,124.84
Other,233.39
Butte,138.62
Fresno,209.07
Kern,83.26
Kern,154.9
Stanislaus,140.55
Colusa,157.51
Madera,215.66
Kern,234.02
Madera,171.53
Merced,140.64
Fresno,188.27
Other,154.46
Madera,62.14
Butte,0.0
Colusa,139.57
Merced,144.99
Madera,147.95
Merced,143.21
Merced,176.64
Fresno,126.99
Stanislaus,96.89
Other,208.22
Stanislaus,190.59
Kern,184.34
Merced,183.36
Kern,148.12
San Joaquin,154.28
San Joaquin,110.31
Merced,131.34
Other,239.59
Other,200.5
Fresno,181.85
Butte,162.21
Kern,172.96
Fresno,175.33
San Joaquin,162.38
Fresno,145.52
Butte,110.65
Other,178.74
Other,226.31
Other,227.83
Tulare,0.0
San Joaquin,195.32
Fresno,80.42
Fresno,152.46
Stanislaus,178.13
Madera,152.41
Merced,146.08
Merced,162.59
Butte,126.21
San Joaquin,173.42
Merced,126.79
Butte,114.32
Kern,183.66
Stanislaus,59.41
Merced,138.76
Kern,211.26
San Joaquin,117.02
San Joaquin,147.2
Stanislaus,155.33
Madera,0.0
Merced,132.72
Other,213.41
Madera,189.35
San Joaquin,149.78
Stanislaus,158.52
Colusa,176.17
Butte,150.68
Glenn,0.0
Butte,180.04
Fresno,130.51
Kern,190.44
Merced,160.61
Fresno,179.68
Madera,211.1
Kern,139.38
Stanislaus,128.48
Kern,127.88
Stanislaus,179.0
Stanislaus,49.36
Kern,176.18
Madera,170.72
Fresno,157.73
Butte,156.53
Butte,122.45
Fresno,115.92
San Joaquin,162.93
Fresno,0.0
Fresno,167.88
Kern,222.18
Fresno,179.47
San Joaquin,162.38
Kern,225.74
Madera,169.61
Stanislaus,96.6
Kern,134.66
Colusa,134.28
Kern,184.23
Kern,244.49
Stanislaus,173.98
Merced,158.93
Kern,215.86
Other,188.23
Glenn,151.9
Merced,209.87
Merced,166.05
Kern,184.23
Butte,168.16
Other,166.73
Butte,162.3
Madera,189.14
Fresno,164.77
Stanislaus,147.51
Kern,179.4
Fresno,147.9
Stanislaus,127.32
Glenn,63.48
Tulare,0.0
Kern,205.62
Kern,238.16
Other,160.02
Tulare,0.0
Colusa,167.38
Merced,149.93
Kern,190.44
Stanislaus,121.04
Stanislaus,179.68
Stanislaus,157.55
Kern,231.04
Kern,171.0
Other,175.71
Stanislaus,153.88
Fresno,133.41
Madera,193.6
Other,248.07
Merced,155.27
Stanislaus,185.28
San Joaquin,222.0
Colusa,117.06
Fresno,144.07
Stanislaus,106.36
Butte,180.31
Stanislaus,169.82
Merced,113.83
Stanislaus,147.22
Fresno,175.23
Other,205.94
Other,210.5
Kern,68.88
Glenn,132.84
Fresno,137.76
Kern,148.0
Merced,122.83
Other,256.54
Kern,211.14
Stanislaus,195.52
Other,0.0
Fresno,202.14
Stanislaus,126.64
Tulare,225.0
Stanislaus,147.51
Stanislaus,177.84
Merced,148.25
Madera,202.0
Colusa,137.06
San Joaquin,204.24
Tulare,161.07
San Joaquin,205.34
Kern,63.02
Butte,133.63
Merced,138.86
Merced,177.43
Stanislaus,153.11
Other,202.4
Other,181.91
Colusa,161.01
Tulare,145.18
Kern,176.41
Kern,208.15
Glenn,126.8
Glenn,126.29
Kern,188.6
Glenn,151.9
Stanislaus,115.63
Fresno,0.0
Kern,170.89
Other,0.0
Butte,134.95
Tulare,200.16
Tulare,212.19
Merced,178.12
Glenn,125.1
Merced,179.9
Colusa,145.4
Merced,171.29
San Joaquin,136.71
Tulare,190.66
Fresno,200.17
Madera,146.13
Stanislaus,176.68
Butte,133.46
San Joaquin,135.98
Stanislaus,178.32
Merced,82.78
Madera,0.0
Fresno,120.68
Kern,211.83
Fresno,136.41
Merced,168.23
San Joaquin,141.22
Other,236.93
Stanislaus,168.28
Fresno,196.34
Kern,178.02
Fresno,209.07
Kern,163.42
Kern,174.68
Butte,143.07
San Joaquin,131.01
Kern,158.93
Tulare,163.94
Colusa,128.81
Fresno,192.1
Stanislaus,169.63
Colusa,143.07
Madera,180.03
San Joaquin,121.26
Fresno,113.23
Fresno,114.78
Merced,128.37
Merced,191.87
Kern,165.94
Kern,198.03
San Joaquin,0.0
Merced,165.66
Fresno,188.78
Tulare,198.5
Madera,142.29
San Joaquin,165.51
Tulare,222.68
Merced,121.25
Fresno,140.55
Fresno,175.43
Fresno,158.15
Glenn,195.82
Stanislaus,123.07
Fresno,128.86
Stanislaus,169.63
Stanislaus,132.54
Other,184.69
Fresno,52.27
Kern,235.98
Madera,179.63
San Joaquin,167.26
Fresno,168.91
Butte,155.31
Madera,0.0
Merced,119.57
Madera,0.0
Merced,179.6
Fresno,154.21
Kern,228.39
Glenn,114.03
Other,216.06
Colusa,141.46
Stanislaus,161.71
Fresno,188.06
Stanislaus,151.08
Fresno,207.0
Kern,244.03
Merced,130.55
San Joaquin,49.31
Other,228.33
Fresno,0.0
Madera,183.17
Kern,144.44
Kern,185.84
Madera,149.47
Fresno,49.27
Merced,174.06
Merced,171.29
Merced,139.94
Other,156.35
Fresno,96.26
Kern,123.97
Merced,0.0
Stanislaus,145.77
Kern,135.58
Butte,134.68
Stanislaus,149.44
Kern,143.64
Stanislaus,190.21
Butte,166.41
Stanislaus,128.77
Other,128.02
Other,241.49
Madera,165.97
San Joaquin,108.56
Merced,172.68
Merced,101.77
Stanislaus,128.86
Tulare,185.47
Fresno,149.14
Butte,139.93
Madera,156.05
Butte,140.98
Colusa,142.17
Kern,219.76
Fresno,167.57
Fresno,190.13
Kern,184.69
Kern,200.22
Kern,193.08
Butte,130.4
Glenn,118.29
Other,215.81
Madera,120.23
Madera,166.47
Kern,208.26
Glenn,158.88
Kern,159.85
Fresno,148.42
Stanislaus,214.55
San Joaquin,191.08
Merced,207.89
Tulare,174.54
Kern,208.38
Butte,139.84
Colusa,140.56
Colusa,165.23
Tulare,231.51
Butte,112.05
Kern,216.43
Merced,189.49
Other,236.93
Madera,160.0
Other,227.07
Other,217.07
San Joaquin,168.91
Fresno,204.31
Stanislaus,159.39
Tulare,154.56
Colusa,208.55
Merced,164.77
Merced,103.94
Other,156.23
Stanislaus,168.37
Madera,173.36
Fresno,139.93
Other,235.67
Kern,221.49
Other,208.6
Tulare,215.83
Stanislaus,160.36
Kern,131.68
Kern,179.17
Glenn,140.33
Merced,193.84
Madera,127.51
Other,0.0
San Joaquin,117.39
Madera,190.26
Butte,0.0
Butte,149.19
Colusa,150.07
San Joaquin,51.89
Other,205.18
Kern,210.68
Stanislaus,171.95
Fresno,156.18
Fresno,209.9
Kern,184.46
Tulare,127.51
Other,250.09
Kern,0.0
Other,0.0
Kern,192.05
Other,270.33
Colusa,61.62
Fresno,156.6
Stanislaus,171.18
Madera,156.76
Fresno,170.26
Tulare,177.08
Kern,0.0
Other,259.45
Other,169.26
Fresno,182.37
Fresno,0.0
Fresno,186.2
Merced,157.55
Stanislaus,0.0
Stanislaus,159.58
Madera,167.28
Butte,175.24
Colusa,129.8
Butte,159.77
Madera,166.07
Tulare,0.0
Glenn,176.41
Stanislaus,145.96
Madera,150.89
Madera,102.01
Kern,192.62
Glenn,122.88
Fresno,147.9
Fresno,150.28
Madera,143.0
San Joaquin,152.54
Madera,174.87
Fresno,159.49
Madera,120.12
Kern,139.26
Colusa,174.11
Stanislaus,202.38
Kern,235.64
Madera,185.6
San Joaquin,142.88
Kern,195.5
Fresno,199.13
Madera,177.5
Kern,192.62
Madera,128.83
Butte,93.17
Other,271.85
Stanislaus,121.43
Merced,199.18
Kern,146.97
Kern,0.0
Fresno,127.82
Merced,131.04
Other,219.98
Stanislaus,187.11
Kern,184.0
Merced,186.13
Kern,186.64
Tulare,162.95
Other,219.86
Merced,131.93
Kern,183.54
Other,85.26
Other,139.02
Fresno,156.91
Tulare,0.0
Kern,0.0
Merced,156.95
Stanislaus,119.3
Fresno,197.27
Stanislaus,159.49
Other,144.46
Other,174.19
Fresno,150.18
Kern,206.2
Stanislaus,185.18
Butte,114.23
Tulare,136.01
Fresno,209.59
Colusa,173.57
Stanislaus,131.47
Tulare,156.22
Fresno,199.55
Merced,114.63
Madera,118.61
Tulare,170.13
Butte,60.22
Other,229.47
Stanislaus,35.74
Fresno,59.1
Kern,165.94
Stanislaus,99.5
Stanislaus,183.44
Stanislaus,147.12
Madera,162.63
Stanislaus,166.83
Merced,148.65
Tulare,140.98
Other,206.95
Other,254.52
Other,233.01
Stanislaus,199.19
Fresno,199.03
San Joaquin,0.0
Madera,168.5
Kern,212.4
Kern,77.62
Other,198.23
Fresno,238.57
Merced,62.7
Merced,154.58
Madera,107.98
Fresno,186.09
Butte,0.0
Kern,162.04
Stanislaus,134.85
Kern,214.94
Butte,145.35
Kern,114.77
Butte,106.19
Madera,161.82
Madera,175.28
San Joaquin,138.83
Fresno,168.6
Tulare,132.81
Butte,149.54
Fresno,105.78
Butte,125.77
Stanislaus,0.0
Tulare,161.96
Kern,198.49
Other,71.09
Merced,171.99
Stanislaus,152.14
Tulare,64.58
Madera,148.66
Stanislaus,156.69
Glenn,132.16
Madera,125.89
Stanislaus,170.11
Other,124.22
Butte,140.8
Other,277.67
San Joaquin,195.41
Merced,170.6
Stanislaus,155.82
Fresno,161.67
Fresno,194.68
Kern,148.46
Madera,181.55
Merced,161.7
San Joaquin,167.62
Stanislaus,163.45
Fresno,167.46
Kern,98.9
Fresno,173.98
Fresno,154.94
Merced,152.7
Stanislaus,96.02
Other,179.25
Fresno,115.92
Madera,111.02
Fresno,206.07
Madera,220.82
Kern,167.32
Stanislaus,134.76
Kern,197.8
Stanislaus,191.65
Butte,86.7
Merced,166.75
Stanislaus,105.29
Stanislaus,193.01
Fresno,187.13
Madera,156.86
Kern,215.51
Butte,163.79
Merced,125.21
Butte,134.95
Kern,185.61
San Joaquin,158.15
Kern,237.24
Other,202.65
Stanislaus,142.1
Glenn,151.73
Madera,152.41
Kern,167.78
Fresno,161.36
Tulare,164.72
Other,239.46
Stanislaus,142.48
Butte,162.65
Merced,168.33
Fresno,0.0
Fresno,123.27
Colusa,160.65
Other,86.91
Kern,174.0
Madera,195.01
Madera,197.44
Butte,149.89
Colusa,156.44
Other,151.8
Merced,138.66
San Joaquin,158.88
Stanislaus,163.25
Other,185.7
Glenn,168.33
Madera,131.96
San Joaquin,76.91
Butte,125.42
Merced,151.42
Fresno,168.29
Fresno,146.45
Fresno,156.6
Fresno,181.75
Glenn,142.54
San Joaquin,171.67
San Joaquin,167.16
Kern,188.37
Fresno,138.28
Stanislaus,225.37
Colusa,149.17
Butte,126.47
Stanislaus,158.04
Colusa,184.78
Madera,162.93
Fresno,214.35
Stanislaus,128.86
Fresno,168.91
Stanislaus,198.42
Kern,119.37
Kern,66.24
Merced,174.66
Merced,111.95
Stanislaus,133.4
Other,237.06
Madera,194.1
Glenn,138.46
Merced,129.46
Kern,161.34
Stanislaus,142.48
Other,235.29
Madera,80.45
Other,168.5
Merced,139.65
Fresno,0.0
Madera,130.35
Madera,217.18
Stanislaus,137.75
Other,227.32
Stanislaus,180.45
Fresno,182.68
Tulare,216.27
San Joaquin,134.5
Butte,136.78
Fresno,0.0
Other,244.78
Kern,182.16
Merced,158.14
Butte,115.02
Stanislaus,182.19
Fresno,134.76
Other,245.28
Kern,229.77
Kern,167.78
Kern,180.44
Butte,150.94
Butte,172.09
Fresno,155.25
Butte,175.59
Madera,201.29
Stanislaus,151.57
Kern,148.81
Madera,221.22
Fresno,118.51
Fresno,116.02
Fresno,188.78
Fresno,172.22
Butte,118.51
Butte,143.86
Tulare,178.74
Fresno,166.84
Merced,167.93
Butte,156.97
Stanislaus,213.78
Colusa,143.43
Fresno,207.93
Other,214.67
Fresno,187.33
Stanislaus,130.41
Fresno,0.0
Colusa,98.04
Kern,156.4
Merced,136.48
Kern,197.34
Kern,205.62
Merced,174.16
Stanislaus,189.14
San Joaquin,155.39
Other,230.99
Madera,132.47
Madera,184.99
Butte,179.26
Merced,160.02
Tulare,129.83
Fresno,160.53
Stanislaus,147.7
Kern,197.68
Glenn,141.35
Other,190.64
Kern,169.51
San Joaquin,140.58
Madera,172.04
Fresno,179.68
Colusa,177.34
Stanislaus,167.99
Kern,206.31
Glenn,129.1
Tulare,153.57
Stanislaus,160.45
Fresno,171.09
Other,185.45
Other,177.35
Madera,191.47
Merced,61.42
Other,77.29
Merced,68.44
San Joaquin,163.85
Stanislaus,144.22
Other,216.31
Other,219.73
Kern,137.54
Stanislaus,138.62
San Joaquin,151.71
Kern,191.94
Madera,0.0
Kern,169.51
San Joaquin,154.28
Madera,194.0
Merced,185.34
Fresno,167.15
Tulare,182.16
Merced,129.56
Butte,136.17
Fresno,157.53
Stanislaus,165.48
Other,217.83
Butte,75.86
Kern,165.83
Fresno,149.97
Madera,165.36
Fresno,185.47
Tulare,192.21
Other,177.1
San Joaquin,186.02
Merced,156.46
Colusa,136.16
Madera,119.42
Stanislaus,128.19
Fresno,175.74
Madera,162.12
Stanislaus,118.24
Colusa,102.26
Butte,139.84
Fresno,155.77
Stanislaus,183.44
Butte,145.35
Kern,156.28
Stanislaus,171.56
Fresno,189.72
Merced,129.06
Other,220.74
Glenn,157.95
Kern,163.3
Kern,174.0
Stanislaus,142.2
Kern,144.21
Madera,174.47
Other,64.52
San Joaquin,120.52
Other,224.28
Stanislaus,175.33
Butte,142.02
Kern,208.5
Butte,139.58
Other,148.89
Stanislaus,131.18
Colusa,128.45
Fresno,167.46
Fresno,216.52
Fresno,189.2
Other,234.15
Madera,183.88
Other,191.02
Kern,186.64
Stanislaus,0.0
Stanislaus,0.0
Other,207.08
Other,205.94
Fresno,179.88
Stanislaus,187.5
Other,179.76
Merced,0.0
Stanislaus,186.34
Colusa,146.84
Stanislaus,90.22
Other,250.98
Madera,161.82
Kern,261.97
Stanislaus,104.62
Other,170.77
Butte,111.61
Fresno,183.3
Other,191.14
Glenn,140.33
Fresno,204.83
Butte,127.6
Glenn,133.78
Stanislaus,153.01
Colusa,58.39
Merced,190.28
Other,185.45
Fresno,176.47
Merced,154.68
Stanislaus,148.67
San Joaquin,162.1
Fresno,170.15
Fresno,153.28
Other,214.8
Madera,148.76
Butte,156.62
Glenn,167.39
Kern,198.72
Butte,123.76
Colusa,126.39
Stanislaus,153.79
Merced,0.0
Stanislaus,197.64
Fresno,199.55
Other,286.4
Madera,236.3
Madera,193.7
Madera,160.6
Stanislaus,150.02
Merced,157.75
Fresno,248.61
Fresno,110.33
Butte,182.58
Kern,159.16
Fresno,155.66
Merced,151.12
Kern,127.54
Merced,194.24
Madera,171.03
Glenn,123.82
Other,175.96
Fresno,198.51
Fresno,127.3
Colusa,182.18
Merced,98.5
Glenn,159.56
Glenn,150.71
Glenn,94.55
Merced,183.36
San Joaquin,209.76
Other,87.79
Butte,169.38
Tulare,168.03
Fresno,128.24
Merced,196.61
Other,169.51
Fresno,144.18
Glenn,149.44
Kern,211.14
Glenn,111.23
Butte,157.84
Kern,153.99
Glenn,81.7
Stanislaus,191.85
Other,237.95
Fresno,173.88
Fresno,254.09
Merced,149.44
Fresno,165.7
Fresno,187.33
Stanislaus,153.59
Stanislaus,142.87
Kern,184.92
Merced,118.28
Stanislaus,181.51
Madera,112.33
San Joaquin,163.67
Butte,120.09
Stanislaus,187.69
Butte,141.94
Kern,172.84
Fresno,155.46
Stanislaus,165.48
Fresno,164.15
Colusa,54.18
Merced,165.06
Kern,215.05
Stanislaus,149.92
Fresno,163.74
Tulare,141.09
Stanislaus,140.07
Fresno,157.94
Merced,182.87
Stanislaus,160.65
San Joaquin,168.36
Stanislaus,150.89
Stanislaus,135.63
Butte,113.18
Merced,151.22
Other,259.2
Merced,124.52
Fresno,225.22
Fresno,209.48
Fresno,147.38
Fresno,171.91
Other,239.72
Stanislaus,143.64
Other,202.02
Fresno,146.14
Madera,144.11
Kern,145.48
Fresno,56.3
Kern,68.31
Other,166.85
Madera,153.93
Fresno,178.02
Fresno,137.03
Fresno,155.15
Fresno,122.34
San Joaquin,152.26
Other,227.7
Stanislaus,0.0
Merced,147.06
Glenn,143.73
Butte,126.03
Fresno,0.0
Colusa,171.78
Kern,162.04
Kern,156.17
Other,186.71
Kern,162.5
Kern,245.3
Kern,204.7
Other,204.8
Other,166.85
Stanislaus,110.03
Other,84.75
Kern,172.5
Colusa,132.04
Stanislaus,179.29
Stanislaus,167.21
Merced,156.66
Merced,95.74
Madera,193.19
Kern,205.62
Stanislaus,188.76
Colusa,174.29
Merced,127.48
Kern,197.57
Merced,67.05
Stanislaus,156.3
Tulare,204.9
Tulare,161.96
Kern,187.1
Butte,110.12
Stanislaus,168.28
Kern,202.17
Merced,194.54
Madera,179.33
Butte,62.49
Kern,224.25
Stanislaus,149.63
Kern,238.4
Fresno,195.93
Madera,158.88
Colusa,116.7
Stanislaus,123.26
San Joaquin,0.0
Other,181.53
Fresno,189.92
Merced,153.29
San Joaquin,164.13
Butte,145.7
Madera,66.39
San Joaquin,161.64
Stanislaus,170.4
Merced,155.27
Fresno,67.9
Other,238.71
Madera,143.81
Butte,77.87
Kern,169.62
Kern,0.0
Other,233.27
Kern,163.42
Glenn,116.33
Other,146.23
Tulare,144.29
Kern,174.11
Colusa,128.99
Tulare,181.28
Butte,0.0
Other,204.17
Stanislaus,209.82
Kern,194.35
Stanislaus,163.93
Other,237.57
Kern,0.0
San Joaquin,0.0
Merced,150.72
Colusa,137.33
Fresno,148.52
San Joaquin,130.92
Stanislaus,193.39
Kern,111.89
Madera,154.03
Merced,61.22
Glenn,153.95
Fresno,141.69
Kern,197.34
Madera,175.99
Merced,146.37
Fresno,106.71
Fresno,159.29
Stanislaus,157.94
Glenn,110.29
Glenn,178.54
Kern,194.35
Merced,166.55
Madera,108.79
Butte,129.79
Madera,157.67
Fresno,190.96
Other,207.59
Fresno,160.32
Kern,143.29
Stanislaus,144.32
Tulare,174.65
Stanislaus,118.34
Other,176.09
Tulare,181.17
Madera,158.48
Other,199.36
Other,95.51
Merced,131.93
Other,190.38
Stanislaus,87.23
Stanislaus,119.3
Fresno,120.47
Fresno,188.78
Fresno,190.85
Kern,178.94
Kern,143.06
Kern,194.35
Kern,217.58
Stanislaus,0.0
Fresno,65.41
San Joaquin,136.71
Tulare,160.08
Fresno,151.52
Stanislaus,159.49
Butte,117.55
Colusa,98.22
Stanislaus,173.11
Other,181.4
Kern,210.45
Butte,125.16
Glenn,177.52
Madera,159.79
Stanislaus,135.14
Fresno,179.68
Glenn,0.0
Other,178.74
Kern,233.91
Merced,167.64
Other,152.56
San Joaquin,147.2
Other,0.0
Tulare,102.89
Madera,157.57
Colusa,124.68
Kern,171.12
San Joaquin,152.17
Other,207.46
San Joaquin,158.24
Madera,199.36
Merced,193.25
Colusa,166.57
Merced,153.29
Butte,172.0
Fresno,68.21
Stanislaus,139.39
Fresno,242.19
Stanislaus,184.51
Tulare,182.71
Merced,0.0
Fresno,165.29
Tulare,0.0
Kern,233.1
Other,142.19
Kern,145.13
Butte,141.33
Other,161.54
Kern,201.94
Stanislaus,178.03
Kern,212.75
Madera,191.37
Kern,0.0
Merced,141.33
Glenn,126.03
Kern,117.18
Madera,220.41
Tulare,196.07
Butte,124.02
Fresno,207.31
Madera,90.07
Colusa,135.0
Butte,180.31
Other,217.33
Madera,86.12
Merced,233.11
Merced,161.7
Kern,159.85
San Joaquin,178.94
Other,212.9
Butte,134.86
Kern,119.6
Other,187.73
Fresno,194.06
Fresno,157.22
Madera,103.43
San Joaquin,127.42
Colusa,135.99
Fresno,74.83
Butte,45.62
Other,194.18
Fresno,143.24
Tulare,182.49
Madera,151.6
Fresno,134.03
Fresno,117.37
Stanislaus,156.78
Stanislaus,182.57
Other,215.43
Fresno,195.1
San Joaquin,161.28
Fresno,193.96
Other,174.82
Stanislaus,168.47
Madera,188.43
Fresno,185.16
Fresno,182.16
Merced,162.1
Stanislaus,159.49
San Joaquin,138.83
Tulare,111.61
Stanislaus,187.31
Fresno,213.0
Madera,125.49
Other,137.25
Madera,216.97
Fresno,199.44
Kern,69.0
Colusa,152.04
Madera,180.14
Butte,53.93
Madera,193.9
Colusa,48.44
Butte,131.97
Merced,138.86
Kern,198.49
Kern,160.66
Fresno,185.37
Stanislaus,139.59
Butte,146.39
Stanislaus,178.03
Other,160.02
Glenn,152.33
Stanislaus,180.93
Other,193.67
Colusa,161.01
Kern,172.62
Kern,209.07
Merced,157.75
Kern,177.56
Stanislaus,149.05
Madera,175.99
Kern,244.84
San Joaquin,103.04
Butte,157.32
Merced,73.68
Fresno,115.3
Fresno,55.89
Kern,168.24
Kern,180.09
Kern,183.31
Stanislaus,165.77
Kern,173.88
Kern,182.5
San Joaquin,123.83
Kern,160.42
Merced,196.22
Butte,104.71
Other,254.52
Other,191.39
Fresno,154.73
Glenn,163.73
Glenn,159.73
Madera,215.86
Butte,0.0
Kern,179.52
Other,261.6
Butte,160.2
Other,233.14
Other,186.71
Fresno,185.06
Madera,172.04
Butte,173.66
Stanislaus,133.6
Glenn,124.33
Fresno,139.83
Stanislaus,156.49
Kern,0.0
Other,199.11
Other,177.48
Stanislaus,173.2
San Joaquin,112.7
Kern,220.57
Merced,169.71
Merced,166.05
Kern,218.5
Stanislaus,179.19
Tulare,229.08
Other,244.78
Other,235.04
Fresno,168.5
Butte,151.81
Tulare,149.81
Other,201.64
Fresno,155.56
Madera,115.67
Tulare,196.18
Kern,156.06
Stanislaus,0.0
Madera,142.29
Stanislaus,64.53
Merced,151.02
Kern,161.12
Colusa,131.32
Fresno,195.41
Madera,181.76
Glenn,134.29
Other,206.95
San Joaquin,69.37
Madera,146.34
Merced,168.53
Glenn,173.94
Colusa,186.49
Madera,201.49
Stanislaus,61.34
Merced,181.88
Stanislaus,0.0
San Joaquin,107.64
Tulare,68.45
Fresno,168.7
Stanislaus,152.92
Stanislaus,179.19
Merced,160.02
Tulare,169.57
Butte,129.61
Stanislaus,69.55
Butte,100.68
Kern,0.0
Madera,174.47
San Joaquin,108.1
Stanislaus,162.67
Madera,163.74
Merced,133.91
Kern,124.08
Kern,152.72
Madera,192.99
Butte,109.42
Other,186.33
Kern,133.86
Colusa,140.2
Tulare,182.49
Fresno,171.6
Stanislaus,154.37
Fresno,173.98
Madera,0.0
Madera,226.18
Kern,208.96
Fresno,176.67
Kern,158.7
Kern,175.84
Fresno,229.36
Other,234.15
Other,235.92
Merced,150.23
Other,65.15
San Joaquin,120.34
Stanislaus,157.65
Glenn,134.88
Butte,135.73
Kern,182.96
Stanislaus,164.61
Kern,189.86
Other,144.08
Madera,145.42
San Joaquin,153.27
Glenn,167.73
Fresno,163.22
Merced,145.78
Stanislaus,218.03
Fresno,167.36
Kern,177.1
Kern,148.58
Fresno,85.08
Kern,140.76
Merced,0.0
Fresno,169.74
Tulare,224.0
Merced,195.53
Glenn,186.37
Butte,129.79
Madera,221.93
Merced,70.32
Madera,48.98
Other,178.36
Madera,187.62
Merced,143.9
Other,209.74
Other,0.0
Fresno,0.0
Other,198.35
Butte,76.74
Fresno,189.4
Fresno,69.86
Glenn,111.65
Merced,113.04
Kern,145.13
Madera,151.4
Other,257.55
Stanislaus,172.04
Tulare,220.14
Madera,157.26
Other,184.82
Other,253.25
Merced,191.17
Kern,187.91
Butte,188.87
Tulare,106.65
Stanislaus,158.81
Butte,144.56
Stanislaus,212.42
San Joaquin,149.5
Kern,151.68
Tulare,200.93
Other,306.0
Fresno,218.7
Kern,169.51
Butte,166.32
Tulare,220.8
Kern,253.92
Glenn,190.37
Butte,130.49
Butte,134.6
Merced,200.17
Stanislaus,130.6
Kern,154.44
Tulare,159.31
Butte,114.06
Stanislaus,148.86
Stanislaus,149.25
Fresno,180.81
Colusa,138.68
Merced,158.04
Madera,133.58
Tulare,183.37
Other,248.7
Fresno,137.76
Merced,175.55
Butte,189.48
Stanislaus,153.88
Butte,192.98
Kern,126.38
Merced,0.0
Fresno,171.29
Other,87.66
Colusa,171.95
Kern,111.44
Stanislaus,64.14
Butte,75.43
Merced,177.82
Other,176.09
Merced,194.83
Other,199.87
Kern,151.8
San Joaquin,131.28
Fresno,63.65
San Joaquin,0.0
Merced,72.0
Madera,169.91
Merced,119.27
Merced,161.5
Fresno,224.49
Colusa,161.55
Other,199.11
Kern,203.2
Kern,128.92
Stanislaus,169.73
Fresno,155.25
Kern,71.76
Stanislaus,172.33
Fresno,178.85
Kern,164.91
Madera,160.1
Stanislaus,153.69
Fresno,123.48
Merced,177.82
Merced,149.44
Kern,163.3
Madera,173.15
Madera,157.97
San Joaquin,179.4
Kern,103.84
Fresno,179.26
Fresno,102.57
Stanislaus,124.61
Butte,158.89
Madera,98.97
Fresno,231.22
Other,158.88
San Joaquin,117.48
Other,258.95
Stanislaus,0.0
Other,72.74
Fresno,195.1
Fresno,153.18
Stanislaus,159.1
Other,195.82
San Joaquin,174.8
Butte,90.81
Fresno,170.15
Madera,175.89
Glenn,174.2
Madera,175.89
Tulare,179.73
Fresno,144.38
Fresno,168.6
Madera,142.29
Butte,161.6
Merced,222.13
Colusa,161.64
Stanislaus,160.55
Glenn,150.46
Kern,168.7
Stanislaus,179.97
Butte,163.53
San Joaquin,88.14
Madera,154.43
Butte,181.18
Madera,190.86
Madera,150.48
San Joaquin,142.97
Kern,203.9
Fresno,177.61
Other,227.32
Kern,183.54
Tulare,223.45
Madera,173.25
Merced,128.77
Fresno,182.78
Other,200.63
San Joaquin,157.78
Other,285.76
Butte,110.56
Kern,259.9
Stanislaus,165.77
Merced,194.83
Other,164.83
San Joaquin,130.82
Stanislaus,156.11
Fresno,164.67
Kern,182.27
Fresno,181.85
Merced,143.31
Kern,175.14
San Joaquin,123.74
Butte,113.97
Butte,165.45
Other,148.51
Merced,95.64
Madera,187.52
Kern,202.74
Fresno,163.32
Stanislaus,152.53
Madera,151.8
Tulare,202.69
Butte,138.09
Other,214.67
San Joaquin,0.0
Merced,153.89
San Joaquin,137.36
Madera,196.23
Kern,177.22
Glenn,80.42
Madera,84.5
Butte,148.32
Madera,120.43
Merced,119.87
Other,76.79
Other,198.73
Butte,159.07
Other,194.81
Other,178.24
Fresno,164.05
Other,141.43
Merced,167.44
Kern,158.24
Kern,232.88
Madera,173.15
Stanislaus,144.32
Stanislaus,108.1
Glenn,144.67
Other,231.75
Madera,0.0
Madera,85.41
Fresno,170.46
Butte,136.43
Stanislaus,117.47
Tulare,198.06
Madera,147.95
Kern,162.26
San Joaquin,144.62
Other,241.11
San Joaquin,138.83
Colusa,0.0
Other,186.46
Kern,159.74
Madera,0.0
Stanislaus,180.16
Fresno,195.1
Colusa,0.0
Kern,167.67
Merced,167.64
Tulare,194.3
Butte,124.98
Other,240.98
Other,97.15
Stanislaus,211.65
Other,197.72
Stanislaus,136.79
Stanislaus,216.0
Kern,121.21
Madera,157.77
Kern,201.25
Madera,180.54
Kern,162.5
Madera,101.2
Colusa,134.73
Kern,216.89
Merced,134.9
Tulare,130.38
Fresno,198.41
Stanislaus,94.09
Butte,134.68
Stanislaus,137.46
Merced,124.52
Stanislaus,154.85
Fresno,173.26
Merced,176.44
Merced,169.61
Butte,0.0
Stanislaus,56.99
Butte,65.38
Fresno,0.0
Stanislaus,51.58
Butte,153.56
Madera,175.78
Madera,203.82
Butte,0.0
Other,192.28
Fresno,148.11
Other,143.96
Other,211.25
Colusa,155.63
Kern,248.17
Colusa,116.97
Butte,157.49
Butte,0.0
Kern,270.14
Tulare,164.83
Fresno,205.55
Madera,137.13
San Joaquin,65.96
Glenn,100.93
Kern,171.35
Stanislaus,174.46
Fresno,168.08
Madera,162.22
San Joaquin,164.77
Fresno,181.23
San Joaquin,156.95
Stanislaus,123.07
Kern,151.22
Merced,186.62
Kern,172.62
Stanislaus,50.33
Fresno,138.17
Stanislaus,148.96
Stanislaus,188.85
Kern,221.03
Kern,256.22
Kern,174.8
Butte,149.45
Glenn,147.65
San Joaquin,124.29
Tulare,186.02
Merced,0.0
Madera,197.74
Kern,241.27
Stanislaus,154.95
Glenn,151.9
San Joaquin,0.0
Other,170.65
Merced,108.2
Merced,182.37
Fresno,132.17
Madera,121.44
Other,59.08
Stanislaus,152.92
Merced,198.79
San Joaquin,132.39
Fresno,150.7
Madera,161.21
Other,190.13
Stanislaus,194.94
Fresno,96.67
Merced,149.54
Kern,155.36
Stanislaus,0.0
Stanislaus,164.03
Stanislaus,102.01
Fresno,136.21
Other,173.68
Other,185.45
Fresno,130.1
Stanislaus,0.0
Fresno,102.05
Glenn,179.9
Fresno,61.06
Kern,176.3
Fresno,203.27
Stanislaus,174.56
Other,241.11
Other,0.0
Fresno,199.76
Madera,216.06
Stanislaus,137.66
Fresno,183.51
Fresno,163.22
Fresno,125.75
Fresno,67.38
Fresno,160.53
Fresno,202.14
Kern,186.64
Butte,144.47
San Joaquin,164.31
Butte,179.26
Other,144.72
Kern,171.24
Other,277.92
Madera,160.4
Butte,87.92
Merced,157.15
Fresno,73.28
Other,199.62
Kern,65.78
Kern,178.14
Fresno,216.21
Madera,179.53
Glenn,116.67
Tulare,199.71
Butte,159.42
Fresno,219.94
Glenn,123.05
Other,281.72
Kern,164.8
Kern,216.43
Madera,103.83
Fresno,159.7
Kern,192.05
Tulare,195.63
San Joaquin,190.9
Butte,166.5
San Joaquin,152.17
Butte,131.71
Merced,160.51
San Joaquin,151.34
Other,0.0
Fresno,180.71
Stanislaus,141.71
Madera,174.97
Fresno,130.62
Kern,0.0
Stanislaus,130.99
Stanislaus,152.63
Stanislaus,112.93
Other,158.38
Stanislaus,135.72
Merced,128.27
Merced,156.95
Merced,99.99
Fresno,127.82
Stanislaus,104.91
Kern,177.68
Fresno,202.24
Kern,232.3
San Joaquin,179.49
Butte,134.86
Merced,159.23
Stanislaus,133.02
Butte,126.9
Kern,194.58
Colusa,110.6
Merced,211.45
Colusa,146.57
San Joaquin,52.07
Madera,165.36
Stanislaus,120.75
Stanislaus,193.59
Glenn,44.68
Madera,147.55
Stanislaus,124.03
Stanislaus,0.0
Other,191.27
Merced,176.83
Kern,150.76
Kern,199.3
Kern,158.82
Butte,147.97
Stanislaus,162.19
Fresno,200.69
Madera,160.91
Butte,55.94
Stanislaus,187.89
Madera,148.66
Colusa,221.02
Tulare,0.0
Kern,136.04
Colusa,154.73
Colusa,148.99
Colusa,81.99
Other,158.38
Glenn,145.27
Merced,197.01
Kern,227.47
Butte,101.65
Tulare,115.7
Fresno,162.6
Colusa,174.02
Fresno,0.0
Fresno,189.09
Kern,180.32
Other,211.0
Fresno,169.64
Kern,202.98
Merced,165.26
Madera,136.01
Madera,161.62
Stanislaus,0.0
Fresno,163.22
Kern,155.48
Butte,130.84
Tulare,147.05
Glenn,175.22
Other,222.64
Merced,156.46
Stanislaus,133.98
Other,234.78
Other,237.95
Tulare,209.76
Other,179.76
Madera,140.06
Merced,150.23
Stanislaus,52.16
Glenn,172.84
San Joaquin,114.36
San Joaquin,147.94
Fresno,160.01
Madera,142.08
San Joaquin,124.2
Fresno,140.35
Fresno,133.2
Merced,119.77
Merced,145.68
Stanislaus,188.56
Other,219.48
Kern,222.18
Madera,208.57
Kern,199.3
Kern,257.71
Kern,130.76
Fresno,134.24
Kern,151.57
Merced,168.53
Merced,159.72
Merced,186.33
San Joaquin,120.52
San Joaquin,146.74
Fresno,200.89
Merced,133.32
Kern,0.0
Butte,168.16
Madera,171.03
Madera,169.0
Stanislaus,87.91
Stanislaus,154.56
Stanislaus,65.3
Butte,161.69
Other,173.56
Madera,138.44
Kern,0.0
Fresno,145.73
Butte,173.05
Merced,194.44
Butte,114.23
Other,188.61
Merced,198.69
Colusa,172.22
Butte,109.42
Stanislaus,174.56
Glenn,133.69
Kern,186.76
Glenn,114.37
Stanislaus,0.0
San Joaquin,84.27
San Joaquin,152.72
Kern,233.91
Fresno,213.83
Kern,221.84
Glenn,156.16
Butte,146.74
Stanislaus,192.33
Merced,0.0
Merced,187.12
Merced,188.21
San Joaquin,154.19
Merced,173.37
Kern,125.46
Kern,195.62
Stanislaus,227.78
San Joaquin,57.78
Fresno,172.22
Butte,124.46
Colusa,121.09
Fresno,70.38
Kern,203.78
San Joaquin,124.94
Kern,0.0
San Joaquin,160.82
San Joaquin,128.98
Fresno,164.25
Merced,222.62
Merced,136.48
Stanislaus,127.32
Stanislaus,154.17
Stanislaus,132.92
Kern,177.1
Kern,221.38
Fresno,148.63
Colusa,136.43
Colusa,99.66
Madera,144.92
Merced,193.84
Stanislaus,156.78
Tulare,213.07
San Joaquin,129.26
Madera,209.48
Stanislaus,106.65
Fresno,164.05
Tulare,104.88
Fresno,185.68
Kern,286.35
Merced,0.0
Merced,171.1
Butte,167.2
Stanislaus,156.01
Kern,137.88
Butte,150.76
Kern,175.49
Stanislaus,166.73
Merced,150.23
Butte,159.85
Fresno,89.32
Merced,180.49
Fresno,221.8
Stanislaus,182.09
Kern,176.3
San Joaquin,131.01
Merced,188.6
San Joaquin,0.0
Stanislaus,184.31
Madera,175.28
San Joaquin,127.7
Butte,187.21
Butte,174.19
Kern,181.47
Other,251.36
Stanislaus,0.0
Fresno,64.48
Butte,179.52
Fresno,150.9
Butte,113.79
San Joaquin,90.99
Stanislaus,176.2
Kern,180.66
Kern,217.0
Fresno,174.19
Butte,140.19
Other,227.45
Fresno,182.37
Kern,216.43
Stanislaus,154.95
Merced,112.35
Kern,185.15
Kern,182.04
Other,140.67
Other,63.5
Butte,173.23
Glenn,122.46
Colusa,0.0
Madera,160.2
Tulare,0.0
Butte,114.06
Madera,192.89
Madera,116.89
Kern,207.46
Fresno,207.93
Kern,232.64
Fresno,153.8
Colusa,167.83
Madera,141.68
Merced,0.0
Butte,119.65
Merced,174.46
Merced,180.99
Merced,180.69
Fresno,206.9
Other,136.24
Kern,195.27
Fresno,137.76
San Joaquin,159.53
Butte,143.16
Glenn,109.1
Other,173.94
Kern,193.08
Other,253.63
Fresno,158.46
San Joaquin,190.9
Merced,156.46
Fresno,173.88
Other,234.15
Tulare,163.5
Kern,172.38
Merced,182.77
Stanislaus,140.46
Stanislaus,132.82
Other,203.79
Madera,174.67
Stanislaus,170.6
Stanislaus,130.51
Tulare,157.21
Merced,138.26
Stanislaus,144.03
San Joaquin,164.5
Merced,209.27
Other,195.82
San Joaquin,194.21
San Joaquin,205.9
Kern,168.36
Tulare,194.86
Stanislaus,241.89
Merced,160.91
Colusa,150.79
Merced,0.0
Kern,66.24
Fresno,174.5
Merced,116.6
Fresno,69.34
Tulare,228.75
Fresno,196.86
Merced,114.92
San Joaquin,118.5
Merced,172.98
Other,158.5
Madera,158.99
Kern,130.76
Butte,162.13
Butte,175.41
Glenn,149.1
Tulare,209.21
Colusa,146.03
Kern,237.82
Fresno,223.15
Fresno,51.44
Fresno,128.96
San Joaquin,65.04
Fresno,123.48
Other,206.07
Merced,164.37
Kern,227.81
Merced,178.12
Tulare,233.83
Colusa,175.63
Kern,191.94
Stanislaus,183.44
Kern,219.42
Other,238.71
Stanislaus,169.73
Colusa,133.29
Stanislaus,163.74
Tulare,144.29
San Joaquin,116.84
Other,243.77
Fresno,144.9
Other,260.34
Butte,161.69
Other,179.88
Merced,162.39
Butte,175.76
San Joaquin,121.26
Merced,177.62
Butte,147.62
Kern,137.54
Kern,194.35
Kern,175.95
Madera,144.41
Tulare,193.42
Butte,152.6
Other,186.59
Other,169.13
Merced,213.82
Tulare,180.95
Fresno,146.56
Madera,212.82
Colusa,115.71
Kern,183.42
Merced,161.6
Stanislaus,151.57
Colusa,125.13
Butte,121.14
Merced,228.16
Colusa,116.34
Other,247.56
Fresno,121.82
Fresno,215.38
Merced,164.67
Other,96.77
Stanislaus,152.24
Fresno,204.83
Madera,173.05
Butte,163.79
Kern,221.03
Other,186.08
Madera,175.89
Merced,189.1
Merced,153.79
Other,268.81
Glenn,49.53
Colusa,141.37
Tulare,221.79
Merced,177.03
Fresno,190.13
Butte,135.73
Merced,166.94
Stanislaus,173.01
Madera,166.98
Merced,136.98
Madera,129.33
Butte,145.17
Other,173.56
Colusa,150.34
Stanislaus,99.4
Stanislaus,197.93
Fresno,209.59
Stanislaus,172.53
Tulare,187.02
Kern,206.88
Butte,122.36
Butte,137.48
Butte,169.64
Madera,160.5
Colusa,179.85
Tulare,129.61
San Joaquin,125.95
Merced,191.17
Kern,116.04
Other,149.14
Colusa,176.62
Merced,175.65
Fresno,142.21
Madera,0.0
Glenn,137.1
Kern,216.43
Fresno,151.42
Stanislaus,146.74
Kern,0.0
Fresno,172.53
Other,174.57
Kern,205.39
Other,217.71
Other,131.31
Other,204.3
Other,0.0
Other,205.69
Stanislaus,134.27
Fresno,162.18
Madera,164.85
Kern,174.92
San Joaquin,166.24
Stanislaus,109.25
Madera,114.86
Madera,165.97
Kern,177.56
Butte,153.21
Stanislaus,171.46
Merced,162.0
Butte,134.6
Merced,192.36
Butte,136.52
Other,167.11
Kern,178.36
Madera,168.4
Kern,247.82
Other,201.89
Stanislaus,115.63
Butte,0.0
Fresno,159.7
Stanislaus,190.5
Merced,181.28
Butte,51.22
Kern,184.69
Glenn,103.65
Tulare,103.67
Kern,151.11
San Joaquin,175.44
Colusa,143.79
Other,203.16
Butte,156.1
Butte,160.29
Stanislaus,96.79
San Joaquin,107.27
Fresno,182.99
Madera,167.79
Madera,155.24
Fresno,162.6
Fresno,208.14
Merced,215.7
San Joaquin,146.74
Other,291.33
Tulare,171.89
Merced,170.21
Madera,189.65
Fresno,175.33
Kern,231.61
San Joaquin,113.16
Fresno,191.27
Stanislaus,156.2
Kern,205.28
Kern,192.28
Fresno,141.69
San Joaquin,147.29
Madera,138.85
San Joaquin,161.28
Kern,0.0
Butte,36.27
Other,262.99
Colusa,123.25
Butte,104.71
Fresno,0.0
Tulare,193.75
Fresno,213.83
Kern,87.63
Kern,153.29
Stanislaus,102.3
San Joaquin,151.52
San Joaquin,155.2
Kern,198.38
Fresno,192.41
Fresno,168.91
Glenn,146.03
Fresno,102.46
Other,241.24
Stanislaus,195.42
Fresno,180.19
Kern,169.62
Stanislaus,168.95
Stanislaus,144.61
Kern,63.25
Fresno,145.73
Stanislaus,161.42
Butte,156.01
Other,298.67
Butte,138.53
Glenn,132.33
Other,201.89
Fresno,221.08
Fresno,155.15
Madera,147.95
Merced,157.35
Fresno,189.4
Other,194.56
Madera,106.16
Merced,186.23
Stanislaus,137.94
Stanislaus,138.52
Other,258.95
Fresno,185.06
San Joaquin,138.55
Other,194.81
Madera,152.1
Merced,99.3
Kern,141.79
Stanislaus,133.89
Tulare,199.6
Madera,135.51
Tulare,153.57
Merced,78.23
Fresno,149.97
Merced,110.17
Tulare,157.1
Other,186.59
Stanislaus,163.74
San Joaquin,0.0
Kern,234.71
Fresno,140.66
Tulare,183.6
Kern,180.9
San Joaquin,164.4
Tulare,196.51
Madera,190.36
Fresno,165.6
Butte,74.38
Other,246.17
Tulare,138.22
Tulare,198.94
Fresno,199.86
Fresno,203.79
Stanislaus,162.38
San Joaquin,151.71
Other,115.49
Merced,159.43
Fresno,169.02
Fresno,140.76
Fresno,176.67
Kern,171.92
Madera,210.9
San Joaquin,196.05
San Joaquin,150.6
Other,222.51
Butte,95.09
Merced,187.91
Other,222.26
Kern,220.8
Merced,190.18
San Joaquin,189.43
Other,118.91
Glenn,162.54
Merced,185.73
Other,178.24
Glenn,142.46
Kern,62.79
Other,268.31
Colusa,180.12
San Joaquin,153.92
Stanislaus,133.4
Other,204.3
Fresno,176.67
Madera,0.0
Fresno,228.74
Stanislaus,149.44
Madera,153.93
Stanislaus,190.3
Stanislaus,217.16
Fresno,100.71
Stanislaus,177.26
Other,192.41
Butte,58.03
Merced,156.56
Stanislaus,120.17
Merced,107.31
Fresno,143.55
Fresno,153.59
Madera,0.0
Kern,126.73
Merced,148.65
Madera,203.31
Tulare,160.41
Madera,180.64
San Joaquin,112.7
Butte,135.56
Kern,175.26
Madera,164.45
Glenn,144.5
Kern,141.56
Madera,185.3
Stanislaus,126.84
Fresno,168.81
Merced,161.9
Fresno,180.09
Madera,185.5
San Joaquin,150.33
Kern,194.58
Merced,143.01
Fresno,163.43
Glenn,141.95
Fresno,142.62
Fresno,168.19
Madera,155.44
Madera,0.0
Butte,175.94
Other,124.48
Fresno,194.06
Other,214.16
Fresno,193.34
Fresno,207.0
Merced,158.54
Kern,150.65
Merced,129.95
Glenn,141.35
Madera,191.37
Madera,156.76
Merced,0.0
Stanislaus,0.0
Merced,145.28
Kern,212.64
Other,156.86
Fresno,204.1
Madera,183.88
Stanislaus,140.94
Fresno,167.98
Merced,119.27
Kern,133.63
Madera,171.23
Colusa,0.0
Merced,142.32
Tulare,191.88
Other,0.0
Colusa,137.78
San Joaquin,100.1
Glenn,123.31
Fresno,145.52
Butte,145.08
Butte,122.1
Colusa,144.78
Kern,213.44
Kern,231.61
Glenn,148.58
Glenn,147.65
Fresno,211.97
Kern,173.65
Fresno,163.53
Madera,182.36
Butte,123.93
Butte,127.25
Other,212.9
Kern,186.07
Fresno,197.06
Butte,156.62
Butte,109.42
San Joaquin,120.7
Other,0.0
Other,142.82
Fresno,209.28
Tulare,173.66
Madera,96.34
Merced,181.88
Fresno,189.72
Merced,179.4
Tulare,163.83
Butte,0.0
Merced,206.9
Tulare,192.32
Fresno,188.16
Tulare,155.33
Fresno,137.45
Tulare,165.16
Glenn,176.41
Colusa,150.88
Madera,162.32
Other,222.26
Kern,162.38
Merced,144.2
Fresno,137.03
Kern,167.21
San Joaquin,107.09
Other,0.0
Kern,59.22
Other,196.2
Kern,0.0
Tulare,197.62
Fresno,137.24
Madera,235.9
Kern,132.02
Stanislaus,123.55
Kern,256.33
Tulare,159.42
Tulare,189.56
Kern,164.8
Madera,231.44
Butte,137.48
Kern,179.06
Merced,113.64
Madera,192.99
Merced,141.23
Kern,172.96
Kern,0.0
Kern,131.22
Merced,127.19
Stanislaus,136.59
Kern,209.76
Butte,111.0
San Joaquin,149.68
Merced,0.0
Colusa,142.71
San Joaquin,66.42
Other,119.04
Fresno,156.08
San Joaquin,124.75
Butte,139.05
Merced,178.32
Merced,229.25
Fresno,136.83
Fresno,206.79
Stanislaus,164.9
Stanislaus,139.01
Stanislaus,182.19
Kern,191.59
Tulare,153.9
Kern,222.3
Butte,184.94
Tulare,168.14
Kern,210.45
San Joaquin,179.86
Madera,195.52
Stanislaus,164.12
Kern,216.66
Other,219.35
Glenn,58.38
Other,238.71
Madera,201.39
Fresno,207.41
Kern,152.26
Kern,124.78
Merced,172.38
Merced,135.1
San Joaquin,149.68
Fresno,158.98
Fresno,194.06
Stanislaus,100.66
Fresno,156.49
Tulare,121.77
Other,213.28
Butte,117.2
Fresno,214.87
Other,89.18
Stanislaus,195.71
Madera,144.01
Fresno,133.62
Stanislaus,155.53
Merced,0.0
Tulare,178.74
Kern,188.94
Stanislaus,143.35
Butte,125.68
Fresno,211.24
Other,0.0
Glenn,149.95
Tulare,153.12
Madera,112.33
Kern,186.07
Other,183.8
Stanislaus,0.0
Kern,209.3
Stanislaus,183.35
Kern,191.02
Madera,171.64
Merced,184.15
Stanislaus,154.08
Fresno,191.37
Stanislaus,134.95
Stanislaus,157.75
Other,252.87
Stanislaus,183.73
Fresno,95.94
Kern,150.88
Stanislaus,102.49
Merced,116.41
Stanislaus,136.88
Other,192.41
Glenn,125.69
Glenn,116.25
Kern,125.93
Tulare,116.03
Madera,123.67
Other,211.0
Fresno,177.09
Kern,114.08
Merced,128.97
Kern,168.02
Kern,182.04
Madera,140.97
Other,237.57
San Joaquin,113.99
Tulare,69.88
Butte,103.31
Kern,201.25
Glenn,0.0
Merced,113.04
Other,186.97
Fresno,189.2
Colusa,139.84
Tulare,77.61
Merced,165.36
Fresno,185.89
Merced,109.68
Madera,170.93
Butte,163.61
Madera,147.04
Kern,197.92
Tulare,191.88
Merced,141.53
Colusa,152.58
Kern,0.0
Fresno,162.49
Kern,107.06
Merced,145.58
Kern,156.51
Fresno,175.54
Kern,139.38
Stanislaus,172.24
Fresno,223.35
Fresno,163.53
Fresno,101.02
Butte,128.3
Fresno,216.63
Fresno,184.23
Fresno,0.0
Glenn,132.5
Butte,115.46
Madera,153.82
Butte,0.0
Glenn,156.58
Stanislaus,110.12
Fresno,202.03
Kern,191.13
Madera,180.95
Stanislaus,170.79
Fresno,187.75
Merced,209.17
Other,77.29
Madera,189.24
Glenn,187.05
Madera,170.02
Stanislaus,0.0
Colusa,158.14
Butte,129.7
Kern,185.72
San Joaquin,194.86
Fresno,206.17
Merced,183.36
Other,228.59
Merced,127.19
Other,173.3
Fresno,159.91
Other,211.25
Glenn,175.65
Other,149.14
Madera,179.53
Stanislaus,196.97
Other,242.63
Kern,158.93
Fresno,60.44
Fresno,117.68
San Joaquin,158.42
Stanislaus,171.56
San Joaquin,190.72
Other,228.84
Other,239.97
Kern,0.0
Glenn,153.44
Madera,53.03
Fresno,177.09
Other,129.66
Other,193.29
Kern,148.92
Other,160.53
Colusa,99.48
Stanislaus,236.86
Tulare,186.58
Stanislaus,161.8
Kern,155.14
Stanislaus,57.86
Fresno,194.37
Fresno,133.72
Stanislaus,199.0
Madera,177.3
Colusa,117.15
Fresno,58.58
Kern,83.49
Tulare,78.16
Butte,114.58
Stanislaus,181.12
Butte,61.27
Butte,0.0
San Joaquin,134.96
Fresno,138.28
Stanislaus,178.71
Kern,190.32
Fresno,121.92
Kern,176.87
Merced,188.21
Madera,61.93
Kern,96.94
Other,148.64
Fresno,119.23
Fresno,145.83
Butte,144.04
Fresno,134.34
Kern,198.26
Colusa,0.0
Merced,180.29
Fresno,169.22
Other,179.38
Kern,179.63
Tulare,205.01
Other,247.56
Tulare,237.14
Kern,0.0
Stanislaus,190.01
Stanislaus,141.23
Kern,191.13
Kern,200.22
Kern,270.71
Fresno,184.13
Colusa,134.1
Madera,146.23
Kern,238.86
Fresno,144.18
Kern,166.18
Merced,181.58
Madera,200.68
Merced,170.31
Butte,172.88
Kern,165.72
Tulare,173.55
Other,209.1
San Joaquin,157.96
Tulare,197.62
Fresno,52.27
Kern,212.52
San Joaquin,127.7
San Joaquin,122.73
Fresno,157.84
Merced,212.93
Merced,159.82
Fresno,139.83
Colusa,162.36
Madera,117.29
Madera,159.39
Merced,194.24
Other,214.29
Colusa,142.89
Madera,168.09
Madera,129.03
Butte,184.41
Fresno,173.57
Other,186.84
San Joaquin,178.2
Stanislaus,214.94
Stanislaus,125.1
Colusa,50.77
Tulare,194.75
Glenn,0.0
Stanislaus,185.38
Tulare,0.0
Glenn,58.89
Other,158.76
Stanislaus,204.6
Other,269.19
Fresno,176.26
Glenn,82.46
Other,0.0
Madera,212.22
Glenn,66.8
Fresno,138.69
Fresno,200.89
Merced,146.67
Fresno,208.97
Other,175.96
Stanislaus,131.18
Other,167.23
Glenn,154.2
Other,209.86
Fresno,0.0
Madera,64.57
Glenn,132.5
Other,214.04
Butte,141.76
Kern,215.28
Madera,181.55
Madera,175.78
Stanislaus,0.0
Madera,135.0
Kern,138.0
Other,185.96
Kern,196.08
Other,167.11
Madera,205.94
Other,222.77
Madera,99.18
Kern,206.77
Kern,201.02
Merced,183.66
Butte,160.2
Kern,221.84
Kern,196.76
San Joaquin,144.16
Glenn,201.52
Fresno,220.14
Kern,0.0
Merced,0.0
Fresno,187.85
Kern,217.92
Other,259.45
Glenn,140.59
Kern,206.88
Stanislaus,132.54
Stanislaus,100.85
Kern,192.74
Kern,155.48
Stanislaus,134.85
Tulare,205.9
Merced,48.86
Butte,81.54
Madera,269.39
Kern,209.76
Madera,206.04
Fresno,108.36
Fresno,123.58
Stanislaus,184.8
Tulare,227.31
Merced,0.0
Merced,122.04
Merced,192.95
San Joaquin,141.5
San Joaquin,163.85
Kern,170.89
San Joaquin,120.89
Madera,149.78
Other,0.0
Madera,86.42
Kern,185.15
San Joaquin,139.2
Madera,164.75
Fresno,70.17
Colusa,164.96
Madera,213.63
Kern,214.59
Kern,195.38
Stanislaus,139.39
Colusa,137.24
Fresno,0.0
San Joaquin,181.24
Kern,223.21
Merced,120.56
Other,142.69
Colusa,127.02
Other,192.03
Other,241.11
Butte,157.15
Butte,117.73
Colusa,113.47
Other,217.45
Merced,160.32
Stanislaus,169.63
San Joaquin,61.64
Butte,134.6
Butte,148.58
Fresno,187.13
San Joaquin,0.0
Butte,120.96
Merced,185.14
Stanislaus,169.73
Stanislaus,146.16
Kern,152.14
Stanislaus,58.35
Stanislaus,178.32
Kern,194.46
Tulare,254.69
Madera,186.01
Stanislaus,128.19
Kern,183.2
Other,247.81
Madera,120.33
San Joaquin,151.16
San Joaquin,0.0
Fresno,148.94
Stanislaus,169.82
Glenn,158.37
Fresno,195.1
Madera,108.28
Stanislaus,158.71
Fresno,147.28
Fresno,166.12
Other,222.89
San Joaquin,138.74
Kern,168.7
Kern,175.84
Fresno,176.98
Glenn,180.75
Fresno,147.07
Other,222.26
Madera,147.45
San Joaquin,0.0
Kern,202.98
Madera,107.58
Butte,90.55
Merced,156.66
San Joaquin,134.41
San Joaquin,142.14
Colusa,134.37
Stanislaus,141.23
Kern,146.39
Tulare,150.92
Stanislaus,151.47
Fresno,136.41
San Joaquin,140.94
Merced,124.22
Other,207.08
Glenn,141.78
Fresno,84.66
Fresno,197.58
Merced,0.0
Fresno,123.68
Kern,176.3
Butte,115.54
Merced,128.27
Other,174.57
Madera,107.27
Stanislaus,174.94
Stanislaus,179.1
Merced,180.0
Other,181.4
Madera,175.58
Fresno,175.33
San Joaquin,175.81
Kern,85.44
Stanislaus,81.63
Stanislaus,175.72
Stanislaus,138.43
San Joaquin,193.29
Other,279.31
Fresno,68.52
Fresno,47.51
Stanislaus,147.89
Fresno,207.1
Fresno,214.24
Butte,107.68
Fresno,195.82
Kern,192.05
Fresno,196.86
Other,234.91
Kern,214.82
Stanislaus,127.99
Kern,132.94
Stanislaus,172.72
Other,86.65
Kern,176.64
Merced,171.2
Kern,187.91
Merced,242.6
Colusa,124.86
Colusa,110.42
San Joaquin,115.18
San Joaquin,132.02
Kern,161.0
Merced,69.03
Stanislaus,145.0
Fresno,214.04
Madera,61.02
Colusa,161.37
Glenn,150.46
Merced,187.02
Stanislaus,171.27
Madera,140.87
Fresno,200.79
Fresno,155.35
Stanislaus,162.96
Kern,213.67
Merced,157.05
Fresno,148.32
Stanislaus,192.33
Stanislaus,248.84
Madera,59.91
Other,199.62
Fresno,186.09
Kern,187.1
Madera,184.18
Stanislaus,132.82
Merced,138.56
Kern,214.94
Colusa,123.61
Tulare,189.45
San Joaquin,141.13
Madera,0.0
Madera,65.88
Fresno,224.08
Glenn,150.03
Stanislaus,144.32
Fresno,61.06
Kern,169.74
Kern,216.89
Madera,144.61
San Joaquin,183.26
Stanislaus,144.32
Colusa,169.62
Fresno,132.17
Stanislaus,117.08
Other,199.36
Madera,153.01
Fresno,140.45
Tulare,184.26
Other,188.99
Other,146.74
Fresno,184.95
Other,220.11
Stanislaus,54.19
Stanislaus,162.0
San Joaquin,154.28
Madera,109.5
San Joaquin,194.21
Glenn,99.91
Kern,241.04
Stanislaus,189.14
Other,0.0
Fresno,202.96
Madera,181.15
San Joaquin,131.56
Kern,289.8
Fresno,123.58
Stanislaus,191.56
Tulare,116.14
Other,170.14
Stanislaus,179.1
Kern,175.03
Stanislaus,154.95
Merced,194.93
Other,97.91
San Joaquin,152.35
Colusa,184.87
Fresno,225.22
Tulare,201.37
Other,225.3
Fresno,149.56
Fresno,204.31
Merced,164.77
Fresno,60.34
Butte,123.67
Other,159.9
Stanislaus,123.45
Kern,195.5
Kern,166.4
Other,213.91
Fresno,220.56
Glenn,109.69
Butte,177.16
Madera,193.39
Stanislaus,102.78
San Joaquin,62.1
Merced,191.27
Other,227.07
Colusa,175.54
Fresno,139.52
Kern,176.18
Tulare,157.21
Merced,246.66
Kern,163.42
Kern,185.5
Glenn,141.86
San Joaquin,0.0
Merced,153.29
Butte,136.43
Fresno,158.98
Kern,214.94
Stanislaus,161.9
Colusa,129.98
Stanislaus,118.72
Tulare,191.43
Other,222.01
Madera,127.61
Madera,187.12
Fresno,230.7
Kern,80.16
Other,196.2
Madera,175.38
Merced,198.1
Stanislaus,202.96
Kern,144.44
Stanislaus,153.4
Glenn,161.09
Madera,195.72
Madera,177.61
Merced,166.05
Tulare,146.83
Other,192.79
Merced,169.12
Glenn,182.28
Kern,217.58
Fresno,187.75
Kern,72.22
Glenn,127.39
Kern,191.36
Other,143.7
Merced,138.66
Other,180.26
San Joaquin,148.49
Kern,196.65
Madera,112.23
Stanislaus,199.96
Colusa,150.16
Butte,133.55
Merced,0.0
Kern,165.6
Butte,141.41
Stanislaus,141.62
Tulare,194.75
San Joaquin,149.13
Merced,124.91
Madera,166.27
Stanislaus,133.89
Butte,155.05
Merced,165.36
Other,124.48
Madera,66.59
San Joaquin,119.69
Stanislaus,111.38
Fresno,193.03
Other,182.67
Other,206.32
Butte,106.98
Butte,179.43
Tulare,190.66
Stanislaus,192.62
San Joaquin,166.43
Madera,144.01
Merced,187.12
Butte,131.1
Stanislaus,179.0
Other,193.8
Kern,168.02
Butte,137.39
Madera,100.9
Madera,106.46
Fresno,162.7
Kern,176.87
Fresno,156.18
Butte,141.5
Merced,124.52
Fresno,129.17
Fresno,116.33
Merced,139.05
Butte,116.94
Tulare,209.32
Fresno,145.73
Other,154.46
Fresno,167.88
Fresno,170.77
Stanislaus,159.1
Stanislaus,132.44
Kern,166.52
Other,189.88
Fresno,191.48
Kern,154.67
Stanislaus,154.95
Kern,250.12
Butte,137.13
Butte,117.2
Kern,126.38
Merced,210.06
Fresno,127.82
Madera,133.99
Butte,153.21
Merced,65.08
Tulare,140.21
San Joaquin,82.98
San Joaquin,123.37
Fresno,129.27
Madera,174.27
San Joaquin,120.7
Colusa,0.0
Stanislaus,138.43
Stanislaus,133.98
Stanislaus,179.97
Other,219.98
Stanislaus,170.31
Fresno,127.93
Butte,170.6
Tulare,216.27
Other,126.88
Madera,0.0
Kern,185.96
Merced,165.46
Kern,300.26
Fresno,141.79
Madera,172.55
Stanislaus,149.83
Fresno,179.47
Stanislaus,149.25
Kern,197.11
Tulare,176.64
Glenn,183.56
Merced,179.7
Madera,188.33
Fresno,164.88
Other,185.58
Other,0.0
Stanislaus,174.17
Butte,128.48
Madera,160.71
Stanislaus,81.82
Stanislaus,155.91
Stanislaus,112.35
Fresno,160.63
Colusa,122.98
Stanislaus,162.58
Kern,194.81
Madera,171.64
Stanislaus,145.58
Stanislaus,122.39
Butte,80.41
Stanislaus,139.97
Other,177.86
Kern,191.13
Merced,191.37
San Joaquin,132.3
Madera,191.27
Kern,157.21
Kern,186.76
Colusa,118.05
Other,197.21
Fresno,208.14
Madera,59.4
Fresno,171.29
Tulare,141.09
Kern,233.56
Tulare,206.01
Madera,163.34
Other,241.74
Kern,237.7
Colusa,134.55
Other,201.26
Other,319.79
Fresno,201.93
Merced,150.62
Butte,0.0
Merced,145.78
Other,146.11
Other,314.73
Glenn,106.2
Merced,172.58
Merced,68.54
Kern,161.46
San Joaquin,133.68
Madera,167.99
Kern,187.8
Other,193.42
Stanislaus,136.3
Kern,196.65
Kern,146.97
Kern,222.87
Kern,198.03
Stanislaus,137.46
Butte,132.85
Fresno,0.0
Madera,149.57
Kern,57.04
Other,264.38
Tulare,256.46
Kern,0.0
Fresno,135.9
Fresno,167.77
Madera,146.94
Stanislaus,159.29
Madera,167.38
Fresno,217.45
Merced,175.94
Kern,147.2
Stanislaus,122.3
Kern,185.96
Tulare,185.91
Tulare,209.98
Merced,147.26
Kern,240.0
Merced,172.18
Madera,203.01
Madera,157.77
Madera,175.08
Other,188.61
Kern,195.16
Fresno,113.85
Butte,201.37
Merced,76.85
Merced,157.94
Madera,164.45
Fresno,0.0
Butte,181.27
Kern,184.58
Stanislaus,170.98
Tulare,190.77
Other,209.23
Merced,194.73
Tulare,147.83
Other,162.43
Fresno,178.74
Fresno,0.0
Merced,165.95
Fresno,158.25
San Joaquin,135.15
Merced,174.06
Merced,0.0
Fresno,166.12
Fresno,197.06
Merced,138.36
Merced,139.15
Madera,108.69
Other,234.78
Merced,158.14
Stanislaus,145.58
Kern,151.34
Tulare,241.78
Fresno,175.23
Kern,174.22
Butte,143.16
Colusa,138.59
Stanislaus,184.6
Stanislaus,129.93
Kern,210.45
Stanislaus,142.58
Kern,208.61
San Joaquin,88.96
Tulare,170.46
Tulare,184.7
Butte,178.3
Madera,141.58
Glenn,43.83
Merced,173.67
Madera,64.16
Other,230.36
Fresno,160.53
Other,0.0
Tulare,249.72
Stanislaus,82.98
Merced,0.0
Fresno,138.17
Glenn,98.12
San Joaquin,131.74
Stanislaus,148.28
Other,202.15
Tulare,202.03
Merced,151.12
Butte,137.83
Kern,164.22
Kern,187.68
Kern,226.78
Merced,171.59
Colusa,0.0
Fresno,131.24
Madera,104.74
Merced,147.56
Glenn,119.74
Other,209.48
Butte,112.83
Kern,211.94
Fresno,159.18
San Joaquin,0.0
San Joaquin,169.46
San Joaquin,201.39
Kern,174.11
Other,250.72
Kern,218.5
Madera,159.59
Merced,150.03
Other,207.84
Other,152.18
Other,167.87
Stanislaus,221.31
Merced,67.05
San Joaquin,155.02
Merced,155.87
Kern,157.32
Kern,228.74
Fresno,142.11
Kern,237.59
Merced,156.36
Kern,206.88
Fresno,0.0
Other,245.79
Merced,176.14
Madera,137.23
Kern,164.8
Fresno,146.25
Tulare,140.98
Madera,170.93
Stanislaus,147.32
Stanislaus,138.81
Tulare,180.95
Madera,190.76
Kern,179.63
Madera,171.13
Madera,199.97
Stanislaus,136.98
Madera,161.41
Fresno,148.83
Merced,0.0
Other,226.69
San Joaquin,75.9
Stanislaus,0.0
Merced,181.28
Fresno,193.13
Kern,171.12
Fresno,214.14
Other,184.06
Madera,165.06
Kern,55.43
San Joaquin,142.88
Kern,207.69
Madera,58.39
Tulare,71.32
Merced,174.46
Kern,211.37
Butte,137.48
Merced,220.45
Kern,195.27
Other,180.01
Merced,112.35
Madera,155.14
Kern,239.08
Madera,143.81
Fresno,215.28
Other,255.78
Stanislaus,161.03
Tulare,189.23
Madera,168.8
Merced,143.5
Tulare,191.21
Merced,77.93
Other,191.77
Tulare,212.96
Madera,140.57
Glenn,164.75
Glenn,142.88
Butte,129.88
Madera,108.79
Merced,138.16
Fresno,186.61
Kern,191.59
Fresno,187.13
Madera,162.53
Fresno,222.32
Butte,135.21
Stanislaus,139.59
Fresno,0.0
San Joaquin,231.29
Merced,157.35
Stanislaus,163.16
Butte,97.71
Merced,119.47
Other,154.96
Fresno,182.68
Stanislaus,137.17
Colusa,58.39
Stanislaus,122.49
Colusa,173.84
Butte,171.22
Tulare,172.11
Stanislaus,153.21
Madera,147.55
Kern,170.89
Stanislaus,148.28
Kern,143.4
Fresno,189.09
Butte,172.88
Kern,148.7
Fresno,183.71
Fresno,181.85
Other,213.66
Merced,116.01
Colusa,148.99
Other,168.12
Other,176.72
Kern,219.08
Madera,184.99
Butte,154.09
Butte,80.93
Other,0.0
Fresno,117.68
Tulare,186.8
Fresno,109.09
San Joaquin,175.81
Butte,156.97
Kern,182.16
Other,264.01
San Joaquin,166.98
Colusa,171.87
Fresno,134.03
Stanislaus,56.8
Madera,161.11
San Joaquin,163.3
Fresno,227.8
San Joaquin,158.52
Stanislaus,186.44
Stanislaus,192.52
Fresno,162.08
Butte,110.91
Madera,143.0
Other,241.36
Kern,192.16
Kern,231.04
Madera,232.86
Fresno,197.58
Butte,137.39
Merced,174.46
Fresno,184.85
Kern,181.7
Kern,219.54
Tulare,182.27
Butte,140.1
San Joaquin,45.26
Fresno,163.84
Stanislaus,138.72
San Joaquin,155.76
Kern,222.76
Kern,187.34
Kern,201.6
Stanislaus,57.38
Madera,152.51
Fresno,181.54
Kern,86.6
Kern,220.11
Madera,138.24
Merced,173.97
Kern,193.32
San Joaquin,141.59
Kern,160.54
Stanislaus,189.92
Merced,210.56
Merced,159.23
Stanislaus,98.34
Kern,145.01
Fresno,198.41
Butte,168.59
Madera,184.99
Colusa,118.05
Fresno,151.32
Stanislaus,134.85
Stanislaus,170.02
Other,196.2
Madera,176.9
Kern,204.12
Fresno,172.33
Glenn,131.14
Butte,139.32
Butte,56.02
Merced,133.91
Madera,120.33
Kern,101.43
Stanislaus,73.51
Other,0.0
Other,228.08
Kern,240.24
Other,189.5
Fresno,200.17
Butte,148.41
Butte,0.0
Butte,100.07
Kern,158.47
Colusa,186.49
Fresno,184.44
Stanislaus,165.09
Butte,153.3
Colusa,81.54
Merced,127.58
Madera,199.16
Kern,204.12
Fresno,0.0
Merced,197.5
Other,238.45
Stanislaus,132.34
Madera,201.39
Merced,61.32
Fresno,205.96
Other,227.7
San Joaquin,153.82
Fresno,173.98
Fresno,148.83
Kern,182.16
Tulare,215.28
Other,201.39
Kern,214.48
Stanislaus,150.6
Madera,204.12
Fresno,115.92
Stanislaus,114.57
Stanislaus,184.7
Kern,114.88
San Joaquin,158.7
Madera,147.55
Kern,162.72
San Joaquin,197.62
Kern,150.54
Merced,158.83
Kern,175.72
Madera,140.97
Other,185.2
Kern,64.63
Merced,52.42
Other,227.07
Fresno,73.28
Kern,65.2
Fresno,155.15
Kern,220.68
Merced,124.42
Stanislaus,164.9
Tulare,230.18
Kern,176.52
San Joaquin,196.05
Colusa,160.56
Madera,166.68
Fresno,147.69
Stanislaus,155.04
Fresno,174.4
San Joaquin,168.64
Other,223.53
Kern,169.62
Other,232.89
Butte,103.92
Kern,0.0
Fresno,146.35
Merced,106.32
Madera,154.33
Fresno,108.16
Fresno,148.21
Colusa,147.29
Colusa,137.15
Other,273.62
Fresno,197.27
Butte,105.05
Butte,125.68
Madera,201.39
Butte,148.75
Merced,196.42
Kern,218.96
Fresno,188.68
Stanislaus,176.39
Tulare,171.67
Other,289.31
Stanislaus,141.33
Madera,167.59
San Joaquin,84.36
Fresno,154.53
Stanislaus,178.9
Tulare,180.5
Tulare,161.74
Other,160.91
Butte,115.19
San Joaquin,115.37
Kern,193.2
Fresno,131.86
Other,151.29
Merced,162.39
Other,179.88
Fresno,165.81
Other,95.13
Other,181.15
Stanislaus,60.09
Kern,187.45
Kern,181.12
Madera,155.44
Madera,125.79
Stanislaus,198.42
Madera,200.58
Other,146.11
Kern,232.41
Kern,216.08
Butte,114.23
Kern,197.46
Stanislaus,146.83
Fresno,177.92
Kern,166.98
Tulare,149.04
San Joaquin,194.03
San Joaquin,180.87
Stanislaus,156.11
Stanislaus,172.43
Kern,215.51
Tulare,181.83
Colusa,176.62
Colusa,139.84
Stanislaus,156.49
Other,212.39
Kern,135.47
Kern,200.33
Madera,128.22
Colusa,88.53
Kern,200.1
Stanislaus,124.71
San Joaquin,151.8
Kern,215.97
Butte,52.18
San Joaquin,103.13
Tulare,153.57
Kern,186.99
Madera,178.52
Merced,0.0
Stanislaus,188.76
Stanislaus,163.25
Merced,64.09
Merced,162.39
Kern,202.28
Fresno,148.52
Merced,193.75
Merced,140.14
San Joaquin,153.82
Kern,163.42
Kern,201.36
San Joaquin,180.04
Kern,167.1
Stanislaus,182.38
Merced,147.95
Tulare,180.61
San Joaquin,183.91
Butte,139.23
Fresno,183.09
Butte,114.06
Other,0.0
Kern,64.4
Madera,135.71
Madera,195.72
Madera,140.97
Fresno,191.27
Kern,237.24
Fresno,78.14
Fresno,0.0
Fresno,160.74
Kern,0.0
Kern,210.34
Fresno,203.07
Merced,197.9
Stanislaus,214.84
Kern,169.62
Merced,111.86
Other,174.95
Fresno,137.97
Kern,238.28
Madera,212.92
Butte,0.0
Merced,174.36
Madera,149.27
Merced,137.57
Kern,70.73
Madera,166.98
Tulare,68.34
Stanislaus,72.45
Fresno,132.79
Kern,166.86
Madera,151.8
Kern,179.86
Merced,146.87
Merced,158.44
Other,238.58
Fresno,161.46
Glenn,134.29
Glenn,168.5
Merced,164.37
Fresno,49.47
Stanislaus,154.95
Kern,136.85
Other,227.19
Kern,211.26
San Joaquin,156.95
Butte,145.0
Butte,181.18
Merced,171.89
Glenn,131.9
Kern,174.34
Stanislaus,161.23
Kern,191.7
Kern,202.06
Tulare,64.03
Stanislaus,191.07
Glenn,165.18
Fresno,62.31
Butte,128.65
Other,162.68
Glenn,149.01
Stanislaus,206.92
Stanislaus,77.96
Stanislaus,224.21
Madera,153.72
Stanislaus,169.73
Kern,178.6
Fresno,162.39
San Joaquin,115.46
Madera,166.17
Madera,200.48
Stanislaus,172.53
Fresno,217.14
San Joaquin,131.28
Kern,187.1
Tulare,124.97
Kern,165.48
Fresno,173.36
Merced,196.12
Fresno,266.31
Colusa,141.46
Merced,126.2
Kern,250.7
Stanislaus,183.44
Glenn,115.82
Merced,175.05
Fresno,184.64
Merced,169.12
Stanislaus,140.84
Madera,167.08
Kern,153.41
Fresno,180.61
Kern,166.18
Stanislaus,174.36
Madera,195.72
Tulare,71.98
Stanislaus,212.81
Stanislaus,139.68
Colusa,150.61
Fresno,149.97
Madera,0.0
Madera,201.79
Kern,197.0
Fresno,160.74
Fresno,196.03
Madera,180.34
Madera,115.17
Tulare,112.61
Other,76.03
Butte,103.92
Other,202.15
Kern,140.18
Kern,191.36
Tulare,178.41
Kern,156.98
Stanislaus,191.07
Kern,215.97
Stanislaus,153.59
Madera,144.41
Other,208.85
Madera,152.1
Stanislaus,182.86
Other,211.38
Butte,132.15
Fresno,173.57
Fresno,169.22
Other,225.8
Other,166.35
Colusa,151.14
Other,206.95
Fresno,176.47
Kern,142.14
Other,207.46
Kern,193.43
Kern,175.6
Fresno,158.15
Kern,189.86
Merced,216.99
Madera,188.74
Other,0.0
Fresno,166.74
Tulare,207.55
Kern,227.7
Stanislaus,0.0
San Joaquin,70.29
Other,201.39
Stanislaus,70.52
Fresno,188.06
Kern,207.58
Glenn,166.54
Fresno,169.12
Madera,157.87
San Joaquin,102.4
Stanislaus,185.38
Tulare,160.19
Fresno,196.13
Fresno,0.0
Madera,162.63
Madera,127.82
Other,98.16
Other,59.08
Butte,164.05
Fresno,165.39
San Joaquin,137.63
Butte,94.48
Kern,199.06
Madera,188.03
Madera,189.75
Tulare,198.17
Other,230.74
Fresno,146.66
Madera,155.04
Kern,185.04
Glenn,140.24
Butte,167.2
Other,234.28
Stanislaus,150.31
Tulare,213.07
Butte,175.5
Tulare,163.94
Kern,0.0
Other,179.12
Fresno,179.68
Fresno,74.31
Merced,175.65
Fresno,193.13
Other,181.02
Madera,140.67
Merced,150.03
Madera,0.0
Fresno,188.37
San Joaquin,194.49
Madera,116.48
Merced,133.91
Stanislaus,83.08
Madera,182.56
Fresno,149.04
Butte,159.59
Kern,169.62
Fresno,186.09
Merced,191.87
Tulare,164.5
Fresno,145.73
Other,174.32
Kern,123.74
Stanislaus,148.96
Tulare,217.93
Merced,129.16
Madera,147.25
Fresno,174.71
Madera,191.77
Colusa,166.57
Colusa,154.82
Stanislaus,0.0
Fresno,178.54
Madera,94.42
Merced,135.3
Madera,151.19
Stanislaus,137.17
Other,237.44
Butte,140.98
Stanislaus,173.3
Kern,159.16
Madera,156.05
Fresno,147.18
Fresno,0.0
Kern,179.98
Tulare,179.84
Kern,253.92
Colusa,163.25
Colusa,196.26
Other,73.75
Other,285.26
Kern,220.11
Fresno,148.63
Butte,108.46
Stanislaus,170.11
Colusa,155.09
Fresno,187.02
Other,186.33
Colusa,168.28
Madera,0.0
Other,203.79
Kern,0.0
Stanislaus,156.3
Other,197.47
Other,229.6
Madera,214.54
Stanislaus,186.05
Fresno,142.21
Merced,180.29
Stanislaus,205.85
Fresno,60.13
Madera,162.43
Merced,132.33
Stanislaus,180.55
Other,0.0
Other,0.0
Butte,167.28
Other,201.89
Glenn,108.33
Kern,228.04
Fresno,57.96
Kern,127.54
Other,214.54
Merced,155.97
Merced,192.16
Butte,149.45
Other,202.27
Kern,180.9
Colusa,141.73
Kern,226.55
Fresno,123.37
Butte,178.65
Other,164.96
Fresno,215.8
Tulare,0.0
Merced,132.03
Fresno,161.56
Glenn,173.94
Fresno,180.4
Merced,182.27
Fresno,214.66
Butte,156.62
Madera,96.04
Madera,157.06
Butte,118.16
San Joaquin,136.8
Stanislaus,136.11
Tulare,184.81
Fresno,170.15
Butte,67.21
Butte,103.31
Madera,156.46
Fresno,160.42
Merced,233.8
Other,247.56
Kern,186.3
Butte,168.94
Stanislaus,215.61
Stanislaus,162.19
Stanislaus,135.92
San Joaquin,173.6
Kern,187.56
Fresno,143.14
Kern,209.76
Merced,152.11
Madera,182.97
Madera,57.68
Other,209.86
Other,207.33
Kern,155.94
Fresno,155.04
Stanislaus,172.53
Other,190.89
Fresno,138.17
Merced,165.95
Madera,156.25
Madera,141.68
Kern,178.94
Fresno,117.27
Kern,202.74
Madera,122.05
Merced,63.59
Butte,93.52
Other,205.31
Fresno,212.59
Stanislaus,133.69
Other,231.5
Madera,154.73
Other,268.56
Madera,168.19
Madera,157.37
Fresno,107.43
Butte,124.89
Colusa,150.16
Stanislaus,171.85
Other,159.77
San Joaquin,72.77
Other,192.15
Madera,135.91
Madera,159.79
Glenn,121.86
Other,254.77
Merced,174.95
Other,226.81
Colusa,89.16
Butte,0.0
Kern,194.92
Other,149.9
Madera,164.05
Kern,47.84
Kern,199.76
Fresno,144.8
Stanislaus,177.84
Other,208.22
Kern,134.09
Stanislaus,178.42
Colusa,166.84
Fresno,149.56
Kern,0.0
Other,191.77
Other,150.16
Kern,170.89
Kern,201.36
Colusa,116.43
Kern,201.36
Kern,207.23
Merced,123.23
Glenn,137.69
Madera,175.78
Madera,217.78
Other,162.17
Other,0.0
Stanislaus,171.95
Kern,53.59
Kern,67.16
Kern,186.53
Other,236.81
Stanislaus,155.72
Butte,92.29
San Joaquin,100.74
Fresno,147.69
Fresno,187.85
Fresno,177.61
Other,202.15
Madera,174.06
Fresno,61.69
Merced,0.0
Merced,153.69
Kern,89.24
Kern,123.97
Butte,147.44
Other,172.8
Other,192.91
Kern,221.14
Fresno,172.02
Madera,145.22
Fresno,133.62
Colusa,117.33
Kern,164.8
Other,0.0
Fresno,226.66
Kern,164.34
Other,202.02
Colusa,175.63
Other,190.26
Kern,219.42
San Joaquin,130.55
Other,197.21
Stanislaus,115.53
Glenn,145.27
Merced,142.51
Merced,131.64
Madera,143.81
Other,260.21
Fresno,127.93
Kern,242.65
Butte,0.0
Fresno,154.94
Merced,99.79
Other,195.95
Stanislaus,109.25
Glenn,112.59
Fresno,155.35
Butte,149.8
Kern,206.88
Madera,153.52
Glenn,161.52
Madera,174.67
Stanislaus,152.34
Merced,132.92
Kern,240.7
Other,253.51
Kern,165.72
Merced,206.11
Merced,178.71
Butte,118.34
Fresno,141.28
Stanislaus,173.01
Colusa,177.34
Fresno,194.68
Tulare,183.26
Stanislaus,153.3
Kern,185.26
Merced,136.28
Merced,122.24
Madera,172.44
Madera,208.67
Fresno,174.71
Other,178.87
Fresno,183.4
Other,136.37
Merced,193.65
Merced,59.83
Butte,159.94
Merced,195.53
Fresno,191.89
Butte,159.07
Butte,136.34
Merced,181.98
Butte,179.26
Kern,0.0
Other,217.07
Fresno,160.94
Stanislaus,111.19
Kern,166.98
Merced,159.43
Butte,198.14
Kern,267.72
Butte,129.44
Kern,0.0
Other,173.56
Fresno,168.81
Kern,179.17
Merced,93.26
Merced,158.73
Madera,140.97
Fresno,188.58
Kern,65.67
Colusa,122.62
Kern,208.5
Colusa,0.0
Merced,175.05
Butte,141.33
Tulare,168.25
Kern,241.38
Fresno,145.62
Glenn,196.24
Fresno,243.33
Fresno,202.96
Glenn,48.93
Other,221.37
Madera,129.13
Fresno,223.25
Stanislaus,130.89
Kern,62.79
Other,185.2
Kern,0.0
Colusa,115.44
Stanislaus,140.55
Merced,0.0
Merced,178.51
Kern,0.0
San Joaquin,147.02
Butte,170.87
Merced,215.21
Fresno,135.9
Kern,166.75
Stanislaus,133.02
Madera,131.05
Merced,0.0
Fresno,180.81
Stanislaus,130.99
Colusa,145.04
Fresno,167.57
Kern,166.52
Madera,186.41
San Joaquin,145.73
Tulare,205.01
Stanislaus,182.77
Madera,189.65
Tulare,213.51
Fresno,167.46
Fresno,0.0
Merced,52.12
Kern,207.46
Fresno,161.25
Fresno,155.97
San Joaquin,0.0
Fresno,229.77
Butte,142.72
Kern,189.52
Other,218.09
Butte,133.2
Other,201.26
Madera,182.67
Glenn,142.03
Kern,127.76
Madera,109.8
Kern,162.96
Madera,118.71
Other,149.65
Madera,111.83
Kern,161.92
San Joaquin,139.38
Stanislaus,120.46
Colusa,112.57
Madera,130.04
Tulare,174.43
Butte,115.54
Fresno,69.24
Other,216.19
Madera,54.45
Glenn,150.29
San Joaquin,160.72
San Joaquin,113.99
Fresno,159.08
Fresno,210.73
Stanislaus,164.99
Fresno,166.12
Butte,156.88
Madera,161.62
Colusa,144.51
Kern,189.4
Tulare,135.46
Tulare,184.59
Merced,153.29
Merced,115.02
Fresno,175.33
Glenn,132.33
Butte,155.22
Tulare,144.84
Madera,189.45
Stanislaus,140.17
Madera,186.92
Other,0.0
Stanislaus,158.62
Stanislaus,162.58
Madera,0.0
Other,238.33
Fresno,144.28
Fresno,140.76
Other,180.26
Fresno,206.17
Madera,157.77
Other,220.49
Madera,185.8
Fresno,146.87
Butte,139.75
Other,289.68
Kern,223.79
Stanislaus,178.03
Fresno,152.97
Kern,203.32
San Joaquin,0.0
Madera,86.93
Fresno,161.25
Madera,201.89
Stanislaus,132.82
Fresno,99.57
Butte,102.87
Merced,159.23
Butte,179.17
Butte,96.84
Butte,106.63
Fresno,159.8
Kern,169.16
Merced,162.69
Glenn,0.0
Glenn,100.76
Butte,124.37
Merced,164.67
Merced,183.86
Colusa,139.21
Stanislaus,191.56
Merced,184.65
Other,241.74
Glenn,161.86
Fresno,140.66
Merced,168.92
Other,132.45
Glenn,106.72
Kern,217.81
San Joaquin,193.38
Colusa,184.33
Butte,142.2
Butte,206.18
Merced,157.35
Stanislaus,189.72
Fresno,137.55
Fresno,0.0
Madera,155.54
Kern,191.13
Other,165.97
Fresno,141.17
Fresno,177.81
Merced,184.35
Glenn,49.7
Other,191.65
San Joaquin,104.51
Glenn,123.57
Stanislaus,127.22
Fresno,193.86
Fresno,158.98
Madera,154.53
Other,64.39
Fresno,203.9
Fresno,114.88
Fresno,148.73
Madera,124.48
San Joaquin,0.0
Fresno,177.4
Fresno,139.83
Colusa,152.58
Fresno,137.34
Glenn,133.01
Stanislaus,164.99
Fresno,201.93
Merced,184.75
Kern,213.55
Madera,186.61
Kern,180.78
Kern,0.0
Merced,134.8
Merced,143.01
Stanislaus,158.23
Madera,138.14
Other,202.02
Fresno,0.0
Stanislaus,162.87
Other,214.16
San Joaquin,187.68
Stanislaus,144.42
Tulare,0.0
Fresno,208.76
Colusa,116.61
San Joaquin,153.73
Kern,78.66
Merced,170.31
Other,76.15
Madera,172.34
San Joaquin,132.66
Kern,159.85
Kern,199.98
Merced,256.05
Merced,146.08
San Joaquin,120.7
Colusa,172.85
Stanislaus,147.8
Stanislaus,178.23
Glenn,139.56
Tulare,198.17
San Joaquin,164.86
San Joaquin,203.96
Other,182.41
Other,314.23
Kern,180.44
Fresno,0.0
Kern,196.65
Merced,145.68
Kern,180.2
Butte,143.86
Stanislaus,191.36
Kern,169.4
Madera,101.1
Kern,161.23
Other,182.03
Kern,184.92
Fresno,174.29
Stanislaus,128.19
Fresno,179.47
Madera,159.69
Fresno,194.48
Fresno,0.0
Merced,158.34
Madera,74.69
Merced,133.12
Merced,121.55
Colusa,117.15
Kern,197.34
Tulare,165.49
Merced,101.37
Butte,166.85
Stanislaus,162.48
Other,103.73
Kern,197.8
Madera,190.46
Madera,159.19
Tulare,160.52
Madera,154.03
Fresno,216.73
Merced,159.72
Kern,197.8
Fresno,121.51
Fresno,187.23
Merced,151.71
Fresno,172.74
Merced,137.27
Kern,204.93
Other,220.87
Madera,168.7
Merced,160.42
Madera,195.72
Other,258.44
San Joaquin,127.7
Merced,144.0
Other,187.47
Stanislaus,180.35
Madera,0.0
Fresno,118.3
Glenn,110.12
Tulare,198.28
San Joaquin,169.0
Butte,138.35
Stanislaus,167.6
Glenn,94.72
Merced,214.61
Kern,210.22
Other,184.69
Fresno,173.98
Stanislaus,88.49
Stanislaus,121.43
Fresno,124.51
Kern,131.79
Merced,98.6
Stanislaus,159.0
Tulare,183.82
Glenn,125.69
Kern,161.34
Stanislaus,124.9
San Joaquin,0.0
Other,153.19
Fresno,253.68
Madera,127.82
Merced,173.37
Madera,115.77
Madera,205.33
Merced,139.55
Butte,152.25
Butte,169.38
Other,212.39
Fresno,193.65
Madera,211.31
Madera,133.89
Madera,209.48
Glenn,113.44
Fresno,172.33
Kern,208.04
Glenn,143.99
Fresno,155.35
Fresno,65.2
Kern,175.95
Butte,81.63
Fresno,184.54
Kern,182.74
Kern,166.29
Glenn,157.18
Fresno,141.9
Merced,168.23
Madera,137.63
Merced,189.79
Tulare,195.3
Madera,191.47
Stanislaus,165.19
Butte,168.94
Butte,125.86
Fresno,144.69
Glenn,200.07
Tulare,79.6
Fresno,0.0
Fresno,185.26
Stanislaus,153.01
Butte,152.78
Kern,240.92
Stanislaus,0.0
Fresno,95.12
Butte,120.0
Kern,181.47
Butte,153.47
Stanislaus,138.23
Kern,153.76
Colusa,152.04
Glenn,152.58
San Joaquin,91.45
Stanislaus,155.24
Madera,171.13
Merced,156.95
Kern,182.27
Fresno,171.6
Madera,176.9
Kern,159.85
Fresno,102.15
Merced,84.26
Other,219.35
Other,252.87
Stanislaus,183.83
Merced,148.84
Tulare,0.0
Butte,125.59
Madera,175.78
Other,164.45
Tulare,166.04
Madera,140.77
Kern,181.58
Fresno,96.26
Colusa,152.13
Fresno,144.9
Stanislaus,164.03
Fresno,180.19
Butte,150.42
Kern,142.94
Butte,85.48
Madera,145.53
Fresno,52.99
Butte,141.59
Fresno,189.4
Kern,274.85
Kern,198.6
Colusa,127.73
Tulare,137.56
Colusa,173.21
Fresno,197.17
Tulare,163.72
Other,205.94
Fresno,160.42
San Joaquin,153.64
Butte,108.55
Butte,202.51
Butte,182.93
San Joaquin,153.82
Kern,162.38
Kern,163.3
Fresno,151.63
Fresno,119.96
Butte,132.06
Merced,203.83
Fresno,204.41
Madera,171.03
Fresno,184.95
Butte,129.44
Butte,170.26
Other,190.38
Kern,200.44
Kern,183.31
Madera,141.98
Fresno,184.33
Butte,152.95
Tulare,192.87
Butte,55.06
Kern,177.68
Kern,191.48
Other,110.56
Glenn,186.03
Madera,172.75
Other,178.11
Madera,161.82
Merced,147.26
San Joaquin,168.54
Kern,182.62
Madera,82.88
Tulare,162.84
Tulare,215.72
Fresno,141.69
Kern,210.45
Merced,148.94
Madera,99.28
Madera,154.63
Other,231.24
Fresno,134.65
Fresno,192.51
Fresno,186.92
Other,71.73
Stanislaus,140.55
Fresno,210.73
Kern,148.46
Stanislaus,150.41
Fresno,111.37
Fresno,158.98
Glenn,138.37
Stanislaus,192.23
Fresno,166.32
Other,265.65
Fresno,132.27
Merced,165.76
Kern,188.48
Colusa,146.48
Kern,0.0
Butte,144.82
Kern,192.28
Glenn,130.97
Stanislaus,127.42
Fresno,158.56
Fresno,152.87
Merced,177.92
San Joaquin,165.78
Stanislaus,110.41
Butte,0.0
Other,228.59
Other,187.09
Fresno,106.71
Stanislaus,146.35
Butte,141.33
Stanislaus,213.87
Fresno,170.88
Merced,174.86
Merced,184.94
Madera,127.01
Fresno,197.17
Madera,146.34
Stanislaus,108.39
Stanislaus,160.55
Fresno,163.22
Butte,153.82
Stanislaus,169.63
Other,141.3
Tulare,177.74
Madera,105.45
Kern,181.82
Other,183.55
Kern,189.52
Madera,140.57
San Joaquin,124.94
Madera,157.97
Madera,55.66
Madera,212.42
Butte,128.13
Other,218.47
Madera,132.67
Other,229.72
Glenn,115.99
San Joaquin,170.29
Merced,167.04
Other,119.16
Madera,130.85
Madera,179.12
Stanislaus,151.86
Other,231.12
Kern,134.09
Madera,98.67
Kern,116.96
Fresno,153.28
Madera,142.49
San Joaquin,170.48
Fresno,153.28
Kern,120.18
Kern,199.98
Stanislaus,146.06
Madera,148.26
Tulare,0.0
Stanislaus,150.5
Stanislaus,157.84
Stanislaus,146.64
Fresno,166.53
Kern,139.15
Fresno,62.82
Glenn,160.16
Kern,176.3
Other,247.05
Fresno,111.26
Glenn,50.63
Butte,113.01
Stanislaus,199.58
Glenn,127.82
Butte,138.35
Stanislaus,133.4
Stanislaus,153.88
Merced,152.8
Kern,209.99
Kern,216.89
Butte,161.86
San Joaquin,121.53
Merced,57.16
Fresno,194.58
Madera,114.36
Stanislaus,191.07
Other,225.42
Madera,219.3
Madera,165.16
Fresno,163.84
Fresno,157.11
Glenn,98.55
Merced,207.79
Fresno,181.85
Other,222.64
Merced,53.11
Fresno,176.36
Stanislaus,152.82
Fresno,136.31
Merced,233.01
Fresno,184.33
San Joaquin,131.65
Fresno,117.06
Madera,177.0
Fresno,164.77
Colusa,172.13
Merced,205.81
Other,210.75
Merced,191.37
Other,71.22
Other,215.43
Kern,196.08
Colusa,112.93
Kern,183.77
Glenn,136.93
Butte,154.96
Colusa,154.82
Stanislaus,136.3
Fresno,157.32
Madera,159.09
Kern,152.6
Stanislaus,137.85
Fresno,144.8
Fresno,157.01
Kern,230.92
Kern,200.1
Tulare,190.77
Glenn,126.71
Kern,185.96
Butte,138.53
Stanislaus,158.52
Merced,122.14
Fresno,161.46
Fresno,166.43
Kern,137.88
Madera,170.22
Tulare,182.27
Fresno,152.25
Colusa,125.04
Kern,177.68
Kern,118.68
Kern,148.12
San Joaquin,136.34
Stanislaus,146.35
Tulare,198.17
Stanislaus,106.74
San Joaquin,188.69
Colusa,134.82
Kern,183.2
Kern,218.04
Stanislaus,109.16
Other,182.79
Merced,0.0
Kern,153.87
Merced,161.7
Glenn,85.27
Kern,164.34
Other,247.43
Tulare,211.08
Fresno,202.65
Fresno,221.8
Stanislaus,183.44
Fresno,152.14
Fresno,167.05
Kern,226.44
Madera,139.86
Fresno,160.53
Kern,208.15
Other,210.37
Fresno,153.28
Other,204.04
Fresno,186.92
Tulare,138.0
Madera,201.49
Kern,198.84
Kern,207.92
Fresno,219.73
Madera,0.0
Butte,178.12
Butte,167.72
Stanislaus,153.4
Madera,205.33
Stanislaus,150.41
Butte,160.9
San Joaquin,86.76
Stanislaus,0.0
Merced,83.57
Stanislaus,144.03
Stanislaus,133.69
Kern,142.83
Merced,109.58
Madera,116.68
Kern,220.34
Other,191.14
Other,161.92
Tulare,188.56
Other,235.67
Butte,127.17
Merced,130.45
Madera,187.62
Kern,0.0
San Joaquin,0.0
Tulare,132.81
Tulare,74.41
Madera,187.22
Stanislaus,195.81
Merced,171.0
Other,187.73
Madera,145.53
Madera,158.18
Glenn,146.03
Kern,210.68
Butte,121.49
San Joaquin,150.79
Kern,175.26
San Joaquin,170.94
Fresno,158.25
Fresno,163.12
Stanislaus,193.97
Kern,151.46
Madera,158.28
Butte,54.97
Colusa,194.38
Tulare,221.13
Stanislaus,150.79
Kern,165.37
Kern,186.88
Madera,149.37
Madera,163.13
Glenn,191.99
Fresno,201.51
Kern,117.88
Merced,196.42
Merced,151.32
Stanislaus,122.59
Kern,227.47
Kern,188.02
Fresno,185.78
San Joaquin,139.93
San Joaquin,147.29
Fresno,152.04
San Joaquin,133.58
Madera,147.25
Fresno,174.5
Kern,198.49
Tulare,206.89
Merced,187.51
Kern,149.61
Fresno,181.95
Kern,276.46
Madera,77.82
Fresno,187.23
Kern,78.2
Kern,149.96
Butte,151.81
Fresno,186.92
Butte,78.83
Other,219.73
Fresno,113.23
Colusa,64.14
Kern,196.54
Other,189.37
Fresno,126.48
Butte,81.89
Stanislaus,184.7
Tulare,178.74
Colusa,54.45
Tulare,101.13
Merced,148.65
San Joaquin,163.58
Kern,208.26
Fresno,0.0
Glenn,128.16
Other,235.16
Other,240.98
Madera,171.23
Kern,173.76
Stanislaus,158.52
Stanislaus,136.5
Madera,180.24
Merced,180.39
Stanislaus,139.01
Stanislaus,170.89
Other,191.9
Stanislaus,222.57
Tulare,155.44
Other,210.75
Madera,70.84
Kern,200.79
Stanislaus,144.32
Fresno,231.84
Stanislaus,149.92
Merced,211.74
Stanislaus,254.54
Other,174.32
Merced,167.14
Madera,67.6
Kern,156.28
Merced,161.7
Kern,69.8
Merced,152.9
Kern,166.52
Madera,183.48
Butte,144.21
Kern,140.42
Madera,200.07
Fresno,125.96
Fresno,150.49
Butte,100.6
Other,218.34
Merced,162.49
Merced,115.81
Other,125.99
Butte,130.49
Fresno,161.77
Fresno,173.36
Fresno,207.21
Fresno,241.98
Merced,187.91
Merced,163.48
Stanislaus,164.99
Merced,97.81
Glenn,148.24
Kern,159.27
Merced,141.23
Merced,189.0
Fresno,151.94
Madera,144.01
Fresno,168.81
Madera,185.6
Fresno,167.15
Merced,162.39
Fresno,153.28
Stanislaus,167.02
Kern,188.37
Kern,124.89
Fresno,179.57
Stanislaus,97.86
Stanislaus,176.49
Madera,185.5
San Joaquin,154.84
Fresno,57.75
San Joaquin,129.17
Fresno,179.26
Colusa,111.77
Kern,166.98
Other,201.51
Kern,175.49
Butte,148.58
San Joaquin,120.61
Stanislaus,173.4
Butte,146.13
Tulare,148.82
San Joaquin,143.61
Colusa,146.03
San Joaquin,158.61
Kern,0.0
Butte,146.66
Stanislaus,165.86
San Joaquin,139.93
Butte,147.71
Madera,189.14
Stanislaus,65.49
Merced,193.65
Stanislaus,178.52
Stanislaus,135.53
Colusa,62.88
Glenn,145.18
San Joaquin,132.2
Fresno,0.0
Fresno,146.97
Merced,169.12
Tulare,230.29
Butte,180.13
Other,202.27
Kern,158.93
Colusa,134.19
Stanislaus,152.63
Kern,209.3
Madera,134.29
Merced,57.46
Kern,203.32
Merced,174.66
Madera,162.93
Stanislaus,179.19
Kern,0.0
Other,162.68
Fresno,217.45
Tulare,159.31
Other,184.06
San Joaquin,150.79
Madera,176.8
Madera,199.06
Colusa,161.37
Fresno,191.16
Fresno,149.04
Stanislaus,119.2
Colusa,134.73
Fresno,190.23
Stanislaus,176.49
Other,127.51
Kern,211.83
Merced,173.77
Merced,58.65
Fresno,0.0
Stanislaus,51.78
Madera,152.0
Madera,154.53
Fresno,157.42
Glenn,177.35
Fresno,0.0
Stanislaus,174.65
Merced,133.61
San Joaquin,153.64
Other,214.16
Tulare,226.21
San Joaquin,175.72
Butte,140.8
Stanislaus,110.61
Tulare,198.61
Stanislaus,149.05
Kern,197.8
Other,280.7
Other,187.09
Glenn,0.0
Fresno,220.97
Merced,183.36
Merced,186.03
Madera,112.84
Fresno,181.54
Kern,190.78
Stanislaus,116.4
Merced,91.38
Merced,138.95
Merced,166.75
Other,96.77
Merced,163.48
Stanislaus,194.46
Stanislaus,129.25
Madera,172.75
Butte,126.82
Stanislaus,150.31
Merced,197.21
San Joaquin,156.22
Stanislaus,199.77
Kern,163.76
Merced,171.79
Fresno,57.86
Other,153.57
Madera,159.79
Stanislaus,141.04
Stanislaus,141.81
Fresno,213.93
Madera,219.2
San Joaquin,96.78
Kern,172.73
Kern,185.38
Merced,155.47
Fresno,175.43
Stanislaus,219.09
Fresno,159.8
San Joaquin,116.1
Fresno,140.66
Fresno,171.5
Butte,104.88
Madera,0.0
Other,67.42
Fresno,187.44
Tulare,179.51
Other,204.8
Other,213.28
Other,281.08
Butte,162.74
Fresno,177.4
Merced,235.88
Stanislaus,144.8
Butte,161.25
Other,219.98
Tulare,139.55
Kern,179.74
Fresno,156.28
Merced,0.0
Fresno,186.61
Kern,188.48
Kern,70.04
Butte,146.22
Madera,171.43
Butte,192.28
Fresno,143.04
Merced,122.24
Fresno,176.16
San Joaquin,201.57
Glenn,95.74
Kern,197.34
Fresno,183.92
Madera,154.13
Kern,193.54
Madera,130.55
Merced,139.94
Fresno,0.0
Colusa,135.99
Merced,60.13
Fresno,164.46
Tulare,185.14
Madera,164.85
Madera,111.12
Merced,178.51
Tulare,177.85
Merced,94.25
Colusa,135.54
Stanislaus,158.42
San Joaquin,161.74
Madera,139.86
Other,235.42
Fresno,191.06
Other,163.69
Glenn,183.39
Merced,151.61
Stanislaus,138.23
Colusa,113.2
Colusa,48.53
Other,228.84
Fresno,177.5
Stanislaus,124.42
Fresno,158.46
Stanislaus,115.05
Kern,188.6
Kern,216.43
Merced,103.35
Fresno,129.58
Tulare,143.74
Glenn,148.92
Fresno,184.02
Other,230.1
Other,179.5
Glenn,122.46
Tulare,197.73
San Joaquin,109.48
Fresno,157.84
Kern,175.72
Stanislaus,182.96
Other,224.92
Kern,189.86
Fresno,165.81
Fresno,113.64
San Joaquin,58.7
Other,228.21
Merced,141.33
Stanislaus,128.09
Madera,167.99
Kern,143.06
Other,197.09
Fresno,157.11
Colusa,156.62
Tulare,227.2
Kern,129.26
Stanislaus,156.49
Kern,207.34
Kern,170.54
Madera,122.96
Other,265.9
Fresno,163.12
Other,196.83
Stanislaus,195.62
Kern,232.88
Kern,154.1
Fresno,175.43
Fresno,156.8
San Joaquin,186.02
Other,209.23
Stanislaus,120.56
Stanislaus,170.11
Madera,135.3
Merced,156.76
Other,198.1
Fresno,61.69
Glenn,128.42
Other,176.09
Other,168.12
Fresno,161.15
Stanislaus,145.96
Merced,190.48
Kern,210.1
Fresno,133.51
Kern,144.44
Stanislaus,163.45
Fresno,234.32
Kern,212.75
Butte,146.39
Stanislaus,142.29
Butte,151.55
Other,241.99
Madera,126.4
Stanislaus,160.36
Merced,185.34
Kern,160.2
San Joaquin,122.08
Other,105.37
Fresno,186.09
Butte,190.44
Kern,155.94
Stanislaus,125.58
Madera,189.04
Colusa,133.92
Merced,181.38
Merced,162.49
Tulare,175.76
Fresno,116.13
Kern,195.27
Fresno,100.6
San Joaquin,140.85
Kern,240.92
Butte,156.01
Madera,154.53
Merced,161.6
San Joaquin,107.36
Madera,128.93
Fresno,166.74
Colusa,168.82
Stanislaus,133.6
Tulare,156.44
Merced,141.33
Stanislaus,157.46
Stanislaus,120.27
Fresno,71.31
Stanislaus,197.93
Stanislaus,163.25
Colusa,124.06
Tulare,130.71
Kern,208.5
Tulare,158.98
Stanislaus,214.84
Colusa,191.42
Other,0.0
Kern,210.34
Kern,224.94
Fresno,189.51
Fresno,74.31
Merced,186.82
Butte,178.91
Other,197.09
Kern,179.06
Other,191.9
Other,211.0
Fresno,64.17
Stanislaus,147.03
Kern,206.88
Madera,155.65
Butte,153.65
Other,225.04
San Joaquin,128.52
Madera,167.99
Other,198.48
Madera,143.1
Glenn,131.65
Merced,183.46
Merced,137.77
Madera,217.07
Madera,142.69
Glenn,176.92
Merced,122.93
Stanislaus,150.5
Colusa,115.53
Other,255.15
Other,74.13
Butte,142.81
Stanislaus,140.55
San Joaquin,109.3
Fresno,209.9
Merced,133.61
Merced,149.54
San Joaquin,177.93
Kern,165.48
Fresno,181.12
Kern,175.84
Tulare,73.42
Glenn,115.91
Kern,0.0
Kern,176.52
Kern,212.29
Kern,170.77
Other,149.27
Madera,166.37
Kern,179.28
San Joaquin,146.19
Glenn,121.78
Kern,141.56
Butte,85.65
San Joaquin,141.96
Madera,143.0
Stanislaus,151.47
Other,201.77
Kern,209.64
San Joaquin,220.34
San Joaquin,104.24
Kern,262.78
Stanislaus,143.84
Colusa,142.35
Other,167.61
Other,192.03
San Joaquin,127.05
Stanislaus,140.65
Merced,0.0
Glenn,131.14
Kern,197.68
San Joaquin,161.55
Other,152.94
Kern,177.68
Stanislaus,205.85
Fresno,195.51
Fresno,115.61
Kern,277.15
Glenn,114.88
Other,159.9
Fresno,140.66
San Joaquin,146.28
Merced,199.18
Fresno,0.0
Glenn,165.52
Merced,159.72
Stanislaus,0.0
Colusa,146.39
Butte,188.96
Madera,198.66
Fresno,184.44
Merced,185.54
Stanislaus,98.73
Madera,133.08
Fresno,143.66
Other,125.11
Stanislaus,166.25
Butte,123.93
Merced,135.79
Merced,196.22
Stanislaus,102.98
Colusa,177.34
Stanislaus,150.41
Kern,213.55
Other,230.36
Merced,65.27
Madera,186.51
Fresno,179.16
Kern,190.1
Butte,90.2
Stanislaus,155.04
Merced,228.06
Tulare,277.55
Other,190.38
Merced,103.84
Fresno,166.53
Kern,238.28
Kern,221.38
Merced,75.76
Fresno,185.58
Kern,124.54
Stanislaus,166.64
Stanislaus,115.44
Kern,177.79
Colusa,128.54
San Joaquin,130.27
Colusa,167.11
Kern,246.68
San Joaquin,163.12
Butte,138.62
San Joaquin,106.54
Fresno,144.18
Kern,158.58
Other,129.66
Glenn,133.27
San Joaquin,143.24
Colusa,173.3
San Joaquin,155.76
Kern,70.38
Fresno,0.0
Fresno,139.31
Stanislaus,168.28
Butte,60.74
Glenn,104.76
Merced,183.95
Merced,213.03
Madera,173.86
Stanislaus,159.78
Other,187.85
Butte,112.57
Stanislaus,189.05
Stanislaus,120.75
Stanislaus,133.4
Stanislaus,98.24
Other,203.16
Other,170.27
Stanislaus,146.54
Stanislaus,111.19
Other,208.85
Fresno,157.73
Other,208.85
Colusa,159.4
Stanislaus,178.42
Kern,177.68
Butte,151.81
Tulare,194.97
Stanislaus,124.13
Stanislaus,150.31
San Joaquin,142.88
Stanislaus,165.77
Stanislaus,157.46
Fresno,165.08
Merced,160.51
Madera,190.36
Tulare,202.14
San Joaquin,160.26
Kern,154.44
Madera,190.86
San Joaquin,135.15
Other,254.26
Madera,133.99
Madera,208.78
Glenn,171.82
Fresno,153.28
Kern,170.2
Fresno,0.0
Colusa,143.25
San Joaquin,167.99
Fresno,200.07
Butte,134.6
Merced,181.38
Other,0.0
Madera,157.37
Tulare,206.89
Fresno,174.4
Butte,50.26
Merced,161.6
Kern,230.23
Other,251.36
San Joaquin,143.8
Merced,237.95
Butte,152.78
Tulare,231.4
Merced,158.93
Madera,147.75
Fresno,204.62
Tulare,214.07
Stanislaus,152.24
Stanislaus,130.31
Fresno,208.45
Kern,131.22
Butte,161.78
Other,90.7
Kern,192.4
Stanislaus,137.37
Other,211.13
Stanislaus,171.08
Tulare,191.32
Fresno,146.04
Other,249.58
Tulare,130.16
Glenn,119.99
Kern,126.73
Stanislaus,159.68
Fresno,0.0
Glenn,0.0
Fresno,189.61
Merced,190.68
Other,202.91
Tulare,201.04
Merced,174.56
Fresno,188.99
San Joaquin,176.73
Madera,0.0
Stanislaus,104.81
Kern,213.21
Fresno,161.25
Madera,220.72
Madera,178.01
Fresno,216.52
Madera,184.99
Kern,202.52
Butte,123.23
Fresno,214.87
Kern,210.45
Kern,175.38
Fresno,184.44
Colusa,108.81
Other,202.91
Merced,153.69
Tulare,180.61
Stanislaus,187.4
Stanislaus,143.45
Colusa,121.27
Kern,197.46
Madera,143.6
San Joaquin,121.62
Stanislaus,153.11
Fresno,52.37
Other,194.94
Merced,133.71
Fresno,90.46
Stanislaus,132.44
San Joaquin,147.02
Kern,0.0
Tulare,163.17
Other,168.75
Other,85.89
Fresno,73.48
Colusa,135.9
Merced,150.53
Stanislaus,131.86
Stanislaus,153.4
Kern,209.3
Glenn,93.87
Kern,184.12
Kern,165.48
Butte,150.33
Kern,181.93
Madera,156.15
Stanislaus,192.72
Other,98.16
Kern,196.65
Kern,181.36
Other,206.19
Butte,145.43
Stanislaus,117.37
Merced,141.53
Kern,187.91
Other,135.99
Stanislaus,117.27
Other,210.37
Kern,195.38
Madera,161.01
Fresno,146.76
Fresno,130.0
Fresno,205.65
Stanislaus,164.12
Other,203.54
Colusa,197.16
Merced,179.11
Other,0.0
San Joaquin,187.4
Glenn,94.21
Madera,192.58
Stanislaus,153.5
Madera,216.77
Madera,123.97
Merced,197.31
Stanislaus,169.15
Kern,229.42
Merced,131.54
Butte,135.38
Merced,178.32
Colusa,47.54
Butte,112.48
Stanislaus,146.06
Glenn,150.46
Fresno,103.29
Fresno,58.06
Madera,220.72
Fresno,164.88
Stanislaus,150.02
Stanislaus,129.44
Fresno,123.16
Glenn,0.0
Fresno,159.49
Stanislaus,147.22
Colusa,115.35
Merced,132.82
Fresno,194.68
Stanislaus,101.24
Fresno,184.85
Colusa,132.49
Stanislaus,117.66
Merced,78.03
Other,203.29
Merced,136.78
Madera,190.66
Stanislaus,152.63
San Joaquin,130.0
Madera,168.6
Stanislaus,146.54
Tulare,126.63
Butte,137.83
Butte,108.64
Kern,186.3
Glenn,143.82
Merced,162.79
Other,194.3
Stanislaus,117.27
Merced,204.23
Butte,139.05
Madera,95.74
Stanislaus,115.34
Other,269.19
Fresno,150.7
Butte,130.4
Stanislaus,179.1
Merced,154.78
Other,92.47
Merced,157.35
Fresno,112.4
Stanislaus,137.17
Stanislaus,149.63
Other,182.67
Stanislaus,190.59
Butte,179.34
Stanislaus,184.89
Stanislaus,102.01
Merced,168.43
Tulare,166.37
Merced,169.71
Other,166.85
Merced,115.91
Kern,232.41
Fresno,224.6
Merced,142.42
Kern,253.8
Madera,174.47
Fresno,169.74
Fresno,171.4
Madera,203.01
Butte,151.38
Other,213.03
Fresno,163.53
Colusa,85.39
Kern,208.04
San Joaquin,83.63
Colusa,131.14
Other,183.05
Kern,163.88
San Joaquin,124.11
Other,191.65
Merced,115.42
Stanislaus,206.24
San Joaquin,157.96
San Joaquin,196.6
San Joaquin,171.03
Kern,151.57
Fresno,165.08
Madera,96.24
Madera,144.92
San Joaquin,159.8
Kern,162.5
Madera,146.13
Tulare,187.79
Fresno,143.04
Fresno,247.47
San Joaquin,135.06
San Joaquin,145.73
Butte,150.59
Tulare,140.1
Merced,125.6
Fresno,222.11
Madera,189.14
San Joaquin,200.74
Merced,177.53
Stanislaus,208.75
Kern,202.06
Butte,119.21
Butte,165.8
Fresno,144.49
Madera,164.55
Stanislaus,151.08
Other,239.72
Fresno,70.38
Kern,231.61
Fresno,211.24
San Joaquin,157.5
Other,0.0
Merced,156.76
Fresno,237.22
Madera,191.77
Fresno,142.62
Glenn,163.22
Kern,72.45
Colusa,183.88
Other,247.81
Stanislaus,0.0
Tulare,165.71
Fresno,203.69
Butte,127.43
Madera,165.66
Tulare,178.85
Fresno,223.77
Butte,110.56
Fresno,161.98
Merced,158.54
Stanislaus,150.5
Kern,191.59
Fresno,182.16
Fresno,125.75
Tulare,0.0
Stanislaus,132.34
Madera,188.43
Tulare,140.1
Stanislaus,170.02
Madera,206.95
Butte,132.94
Merced,171.99
Fresno,107.54
Merced,139.84
Stanislaus,130.12
San Joaquin,105.71
Merced,181.78
Madera,212.52
Fresno,157.73
Merced,175.05
Butte,132.5
Kern,216.08
Other,237.95
Merced,117.79
Madera,136.62
Glenn,130.63
Kern,154.22
Kern,181.82
Kern,184.0
Merced,180.0
Merced,128.27
Madera,0.0
Merced,180.59
Fresno,147.38
Fresno,161.98
Other,169.51
Stanislaus,208.27
Other,230.48
Stanislaus,130.89
Merced,157.25
Kern,197.11
Colusa,146.3
Glenn,88.5
Kern,142.94
Other,231.37
San Joaquin,144.26
Stanislaus,143.35
Merced,177.23
Merced,172.88
Stanislaus,199.87
Kern,216.78
Other,122.45
San Joaquin,160.63
Kern,212.06
Merced,143.5
Fresno,158.35
Butte,149.1
Other,205.06
Kern,0.0
Fresno,189.2
Kern,194.81
Butte,125.16
Merced,234.79
Other,237.19
Other,184.18
Kern,211.71
Stanislaus,179.39
Stanislaus,121.04
Stanislaus,165.77
Kern,148.7
Other,188.48
Fresno,162.29
Kern,92.69
Madera,0.0
Stanislaus,170.31
Tulare,130.93
Other,206.07
Stanislaus,136.11
San Joaquin,0.0
Madera,188.43
Kern,130.18
Other,228.84
Tulare,153.9
Kern,149.16
Stanislaus,146.74
Glenn,0.0
Kern,185.84
Stanislaus,181.51
Fresno,100.6
Stanislaus,96.02
Stanislaus,127.8
Merced,186.92
Glenn,0.0
Merced,103.55
Other,224.28
Butte,136.43
Other,219.98
Merced,181.09
Fresno,174.4
Kern,169.4
Stanislaus,171.27
Stanislaus,172.62
Kern,147.89
Other,149.14
Other,212.27
Other,195.44
Colusa,170.7
Glenn,175.56
Stanislaus,147.7
Madera,161.92
Colusa,169.62
Merced,145.48
Fresno,209.59
San Joaquin,156.95
San Joaquin,0.0
Stanislaus,164.12
Tulare,202.36
Stanislaus,192.43
Kern,141.91
Kern,219.88
Tulare,163.94
Stanislaus,113.02
Fresno,158.46
Kern,204.24
Merced,83.97
Butte,206.88
Merced,210.36
San Joaquin,116.01
Kern,168.94
Butte,126.47
Tulare,139.88
Fresno,193.54
Fresno,164.25
Stanislaus,235.9
Glenn,98.04
Madera,170.12
Merced,124.32
Fresno,67.9
Madera,198.55
Merced,130.84
Other,215.56
Stanislaus,165.09
Merced,113.83
Fresno,173.98
Kern,182.74
Merced,176.04
San Joaquin,171.58
Kern,176.18
Glenn,158.8
Merced,162.1
Merced,95.54
Colusa,186.49
Kern,176.98
Fresno,158.67
Fresno,120.58
Madera,128.73
Kern,210.8
Stanislaus,177.84
Tulare,159.2
San Joaquin,192.37
Kern,173.42
Kern,148.58
Merced,169.71
Other,237.57
Butte,161.43
Kern,239.66
Fresno,92.84
San Joaquin,121.99
Butte,119.21
Kern,196.76
Tulare,141.75
Colusa,137.6
Stanislaus,192.14
San Joaquin,167.72
Merced,133.42
Stanislaus,163.16
Tulare,182.71
Stanislaus,203.25
Tulare,162.95
Kern,201.14
Glenn,123.39
San Joaquin,83.26
Stanislaus,167.41
Stanislaus,122.78
Kern,167.56
Fresno,187.96
Merced,186.62
Merced,174.66
Merced,144.1
Other,218.72
Stanislaus,68.68
Merced,160.81
Stanislaus,154.95
Glenn,182.28
Madera,125.79
Merced,198.2
Butte,149.02
San Joaquin,104.7
San Joaquin,91.82
Colusa,148.45
Merced,143.4
Butte,131.54
Colusa,113.56
Fresno,174.71
Butte,42.21
Other,260.21
Kern,169.28
Madera,189.14
San Joaquin,162.56
Stanislaus,101.82
Fresno,160.11
Kern,188.26
Tulare,203.47
Tulare,64.47
Stanislaus,175.04
Merced,111.86
Other,233.27
Fresno,110.12
Butte,167.2
Kern,301.64
Merced,173.17
Butte,0.0
Butte,110.39
Butte,118.78
Kern,77.17
Merced,168.62
Merced,199.88
Stanislaus,130.22
Merced,172.48
Fresno,163.01
Fresno,184.54
Fresno,0.0
Kern,209.41
San Joaquin,125.76
Other,187.47
Kern,197.11
Kern,226.2
Madera,153.52
Fresno,169.53
Kern,199.41
Other,198.23
Stanislaus,220.83
Butte,135.38
San Joaquin,167.53
Kern,200.44
Madera,154.84
Butte,191.76
Fresno,226.98
Kern,239.08
Other,221.0
Madera,135.2
Other,240.48
Other,235.42
Other,204.42
Merced,168.82
Kern,147.66
Madera,225.07
Stanislaus,72.64
Fresno,145.42
San Joaquin,0.0
Butte,46.67
Kern,200.44
Fresno,168.08
Colusa,129.08
Kern,205.74
Fresno,143.55
Tulare,154.23
Other,0.0
Other,206.95
Madera,98.47
Kern,223.1
Butte,184.33
Merced,153.99
Colusa,61.8
Stanislaus,99.88
Tulare,209.65
Colusa,205.32
Madera,152.61
Fresno,176.57
Colusa,123.43
Stanislaus,150.12
Butte,164.84
Merced,158.54
Kern,144.56
Stanislaus,148.57
San Joaquin,165.78
Madera,166.88
San Joaquin,132.66
Butte,148.93
Fresno,205.24
San Joaquin,161.83
Madera,0.0
Butte,159.77
Kern,165.83
Other,204.04
San Joaquin,125.3
Merced,187.91
Kern,197.11
Kern,220.8
Merced,96.82
Colusa,147.83
Other,153.7
Stanislaus,172.72
Other,220.11
Kern,197.34
Colusa,154.37
San Joaquin,144.07
Kern,214.24
Madera,149.67
Kern,159.5
Stanislaus,136.01
Merced,202.65
Stanislaus,139.68
San Joaquin,160.45
Madera,173.56
Other,296.26
Kern,164.8
Colusa,116.61
Tulare,159.42
Other,210.24
Tulare,112.28
Tulare,207.66
Merced,118.88
Fresno,194.48
Stanislaus,186.44
Stanislaus,189.34
Fresno,181.02
Madera,134.19
San Joaquin,159.62
Madera,194.0
Fresno,163.63
Merced,178.22
Stanislaus,168.86
Other,174.95
San Joaquin,148.76
Merced,116.01
Other,183.8
Madera,155.75
Merced,197.21
Merced,185.54
Butte,78.66
Madera,171.33
Butte,0.0
Kern,237.59
Stanislaus,126.35
Stanislaus,148.47
Other,189.62
Madera,183.27
Madera,126.2
Butte,131.36
Fresno,110.43
Madera,135.0
Kern,183.77
Kern,248.86
Tulare,190.77
Kern,154.22
Kern,166.98
Kern,185.15
Fresno,202.45
Fresno,0.0
Stanislaus,139.59
Stanislaus,119.88
Merced,181.09
Fresno,196.44
San Joaquin,144.62
Other,189.24
Other,260.84
Butte,121.05
San Joaquin,189.8
Fresno,153.8
San Joaquin,208.29
Stanislaus,205.76
Kern,79.58
Fresno,145.31
Glenn,131.14
Stanislaus,0.0
Other,0.0
Fresno,135.38
Fresno,44.92
Butte,0.0
Merced,172.48
Madera,109.5
Fresno,167.15
Stanislaus,81.34
Butte,175.85
Fresno,183.82
Madera,168.9
Madera,128.42
Kern,238.05
Merced,163.18
Colusa,150.25
Stanislaus,176.68
Tulare,226.32
Colusa,155.72
Fresno,172.22
Stanislaus,174.17
Madera,230.94
Butte,178.73
Kern,201.94
Stanislaus,153.88
San Joaquin,142.42
Fresno,136.62
San Joaquin,153.64
Fresno,170.57
Madera,180.74
Other,208.98
Stanislaus,0.0
Fresno,179.57
Other,99.43
Kern,0.0
Other,184.69
Kern,143.29
Fresno,179.68
Kern,250.7
Madera,173.46
Other,221.63
Other,185.2
Fresno,215.49
Fresno,181.44
Glenn,185.6
Stanislaus,142.87
Merced,156.86
Madera,156.15
Colusa,116.34
Kern,192.28
Madera,173.56
Kern,103.84
Other,201.26
Other,236.68
Tulare,0.0
Other,212.39
Tulare,161.85
Other,243.13
San Joaquin,116.01
Kern,190.32
Other,0.0
San Joaquin,118.4
Tulare,282.62
Kern,198.38
Fresno,181.85
Kern,203.66
Butte,205.56
Madera,188.23
San Joaquin,152.63
Madera,191.27
Fresno,221.8
Other,145.85
Other,191.02
Kern,240.35
Kern,226.9
Stanislaus,161.03
Stanislaus,0.0
Fresno,169.95
Fresno,149.76
Stanislaus,126.45
Other,133.96
Colusa,89.34
Stanislaus,133.98
Stanislaus,131.67
Fresno,192.51
Fresno,182.06
Fresno,175.43
San Joaquin,213.35
Other,160.15
Tulare,199.6
Fresno,155.56
Stanislaus,182.57
Glenn,131.05
Butte,0.0
Madera,0.0
Tulare,64.14
Merced,165.56
Kern,210.8
Fresno,166.63
Glenn,126.2
Other,166.98
Other,170.02
Merced,135.79
Stanislaus,69.07
Stanislaus,151.66
Other,205.44
Fresno,200.89
Fresno,157.94
Other,236.3
Madera,229.22
Butte,142.64
Stanislaus,202.38
Stanislaus,161.23
Butte,145.17
Kern,175.95
San Joaquin,139.29
Kern,180.78
Other,220.11
Stanislaus,156.3
Stanislaus,204.12
Madera,161.62
Stanislaus,150.12
Kern,175.72
Fresno,155.56
Stanislaus,110.7
Merced,187.42
Kern,181.36
Other,254.14
Fresno,157.32
Butte,157.32
San Joaquin,140.12
Madera,177.3
Butte,63.28
Madera,162.02
Fresno,180.5
Kern,192.74
Other,217.2
Merced,138.66
Stanislaus,129.35
Madera,112.74
Tulare,130.93
Kern,228.16
Fresno,195.1
Madera,154.73
Fresno,85.59
Butte,141.41
Glenn,123.31
Stanislaus,143.35
Colusa,144.15
Kern,182.96
Colusa,169.62
Stanislaus,53.71
Merced,160.71
Merced,173.97
Fresno,176.57
Other,147.75
Stanislaus,167.12
Fresno,200.17
Madera,116.48
Kern,186.18
Kern,134.32
Other,228.21
Kern,216.2
Tulare,166.59
Stanislaus,191.85
Other,164.07
Fresno,131.44
Stanislaus,163.64
Tulare,224.11
Kern,230.34
Madera,136.72
Fresno,0.0
Tulare,233.05
Other,229.34
Fresno,0.0
Kern,0.0
Kern,246.79
Kern,195.5
Fresno,171.91
Fresno,124.92
Butte,144.73
Stanislaus,0.0
Kern,214.59
Butte,149.1
Merced,148.75
San Joaquin,170.84
Kern,178.82
Butte,143.51
Butte,182.23
Madera,147.75
Stanislaus,105.1
Tulare,144.84
Stanislaus,221.02
Merced,171.0
Colusa,147.11
Fresno,152.46
Other,58.95
Kern,229.65
Other,187.47
Kern,183.31
Fresno,189.61
Stanislaus,183.54
Kern,158.01
Madera,175.28
Madera,171.13
Tulare,135.79
Merced,165.16
San Joaquin,203.5
Kern,163.88
Other,207.59
Butte,138.7
Merced,162.39
Madera,151.8
Fresno,161.46
Fresno,204.0
Colusa,152.31
Madera,178.01
Stanislaus,168.28
Other,177.35
Kern,160.08
Madera,149.27
Madera,166.68
Madera,0.0
Merced,188.6
Fresno,189.72
San Joaquin,161.37
Madera,164.45
Kern,271.86
Stanislaus,189.05
Merced,153.29
Tulare,117.02
Fresno,94.08
Fresno,167.26
Fresno,154.21
Other,268.05
Stanislaus,164.61
Stanislaus,150.31
Stanislaus,157.07
Madera,173.76
Other,146.49
Fresno,194.79
Stanislaus,141.71
Fresno,148.0
Merced,219.56
Butte,124.28
Other,168.75
Butte,135.21
Merced,165.16
Fresno,190.85
Butte,114.58
Merced,168.53
Kern,142.94
San Joaquin,148.3
Other,77.22
Madera,113.89
Stanislaus,135.25
Merced,169.82
Stanislaus,149.69
Merced,122.68
Other,0.0
Stanislaus,127.69
Kern,174.24
Fresno,146.61
Colusa,105.09
Stanislaus,90.04
Colusa,110.07
Fresno,141.91
Other,179.59
Fresno,127.66
Madera,118.48
Stanislaus,133.36
Fresno,120.93
Madera,135.67
Butte,0.0
Kern,181.8
Kern,0.0
Merced,109.21
Tulare,168.39
Fresno,60.26
Fresno,129.11
Glenn,130.4
San Joaquin,0.0
Butte,103.42
Other,194.34
Kern,79.11
Tulare,173.15
Fresno,168.72
San Joaquin,94.32
Tulare,61.17
Merced,123.38
Tulare,98.24
Merced,52.94
Kern,155.97
Madera,104.15
Glenn,0.0
Colusa,9.48
Butte,0.0
Kern,90.9
Butte,130.1
Colusa,8.42
Stanislaus,120.96
Glenn,105.63
Other,178.3
Stanislaus,122.77
Kern,153.81
Fresno,11.91
Kern,107.82
Kern,168.66
Merced,11.92
Stanislaus,144.62
Tulare,117.5
San Joaquin,129.89
Madera,7.44
Madera,108.03
Kern,68.22
Other,165.73
Merced,120.9
Stanislaus,128.82
Stanislaus,141.98
Other,169.78
Other,166.62
Madera,133.53
Kern,0.0
Other,166.52
San Joaquin,148.97
Kern,170.19
Other,84.45
Kern,165.6
Madera,148.02
Tulare,88.21
Stanislaus,107.81
Butte,106.7
Madera,52.91
Butte,131.53
Kern,169.47
Other,174.14
Other,129.1
Madera,112.54
Other,134.94
Fresno,115.67
Butte,8.69
Kern,141.21
Fresno,125.31
Other,151.87
Other,135.53
Merced,137.23
Fresno,147.18
Other,149.59
Fresno,102.87
Fresno,119.56
Butte,139.81
Other,149.0
Stanislaus,115.89
Colusa,100.25
Madera,132.82
Stanislaus,105.92
Stanislaus,165.26
Other,154.74
Stanislaus,0.0
Other,152.26
Glenn,122.28
Merced,59.44
Other,65.14
Kern,68.76
Fresno,78.81
Stanislaus,136.08
Other,163.75
Merced,149.15
Butte,110.12
Fresno,56.21
Other,209.19
Kern,142.74
Stanislaus,124.66
Other,10.1
Tulare,107.48
San Joaquin,92.59
Other,192.75
Colusa,101.86
Kern,83.7
Fresno,156.98
Kern,146.97
Fresno,154.06
Colusa,86.14
Butte,94.12
Fresno,144.18
Butte,111.01
Stanislaus,122.4
Tulare,134.44
Fresno,110.73
Madera,98.29
Kern,139.77
Fresno,0.0
Stanislaus,93.21
Fresno,120.85
Stanislaus,144.17
Kern,138.6
Madera,144.7
Merced,111.15
Butte,87.42
San Joaquin,133.56
Kern,165.78
Kern,145.53
Fresno,0.0
Kern,177.48
Other,178.1
Glenn,85.58
Kern,95.94
Merced,137.23
Glenn,0.0
Stanislaus,112.27
Other,186.32
San Joaquin,129.02
Tulare,163.21
Stanislaus,152.11
Butte,111.49
Merced,46.59
Stanislaus,122.02
Other,196.91
San Joaquin,109.22
Kern,0.0
Fresno,161.11
Kern,140.04
Other,196.52
Fresno,139.0
Madera,133.69
Butte,113.27
Butte,53.35
Stanislaus,131.01
Fresno,125.47
Kern,0.0
San Joaquin,120.02
San Joaquin,112.18
Tulare,125.71
Merced,127.17
Kern,163.89
San Joaquin,62.42
Madera,169.96
Glenn,124.54
San Joaquin,130.18
Merced,95.12
Stanislaus,97.9
Merced,147.52
Madera,147.07
San Joaquin,10.3
Fresno,113.48
Colusa,152.54
Fresno,111.38
Stanislaus,92.31
Merced,0.0
Kern,157.77
Merced,0.0
Other,168.2
Madera,104.07
Fresno,0.0
Stanislaus,122.93
Kern,117.9
Kern,177.21
Merced,128.25
Stanislaus,112.95
Tulare,135.99
Merced,139.01
Kern,170.73
Other,144.74
Kern,155.43
Merced,124.46
San Joaquin,104.76
Other,145.23
Stanislaus,145.0
Fresno,117.04
Other,155.63
Tulare,60.22
Tulare,0.0
San Joaquin,126.0
Fresno,109.43
Glenn,95.3
Fresno,115.1
Fresno,134.06
Fresno,134.46
Other,163.05
Other,13.46
Kern,104.49
Fresno,118.34
Other,175.23
Merced,89.55
Glenn,135.8
Fresno,125.87
San Joaquin,136.87
Merced,138.55
Glenn,9.59
Other,95.73
Stanislaus,120.43
Other,189.68
Merced,97.45
Merced,110.6
Other,184.93
Fresno,122.55
Stanislaus,116.35
Tulare,109.21
Butte,113.41
Madera,113.41
Butte,119.84
Fresno,162.89
Kern,135.81
Kern,148.05
Colusa,128.19
Fresno,116.48
Madera,157.45
Fresno,103.11
Madera,181.61
Stanislaus,9.15
Fresno,141.99
Kern,159.21
Stanislaus,127.76
Merced,103.41
Colusa,0.0
Merced,134.44
Fresno,110.0
Other,147.81
San Joaquin,99.65
Kern,128.52
Fresno,147.26
San Joaquin,8.14
Butte,87.28
Madera,98.29
San Joaquin,133.2
Kern,166.32
Fresno,129.76
Tulare,129.95
Glenn,0.0
Madera,94.01
Kern,136.35
Stanislaus,150.82
Other,208.79
Stanislaus,119.22
Other,143.75
Kern,137.61
Madera,132.26
Other,162.06
Butte,105.95
San Joaquin,10.15
San Joaquin,115.99
Kern,170.64
Merced,109.06
Stanislaus,125.5
Tulare,124.76
Other,171.27
Stanislaus,105.84
San Joaquin,175.39
Fresno,150.9
San Joaquin,117.79
Butte,119.63
Other,108.7
Other,159.88
Merced,11.22
Fresno,151.39
Stanislaus,147.57
San Joaquin,119.02
Madera,119.67
Butte,115.39
Merced,103.25
Fresno,159.98
Merced,104.41
Stanislaus,142.05
Madera,95.99
Kern,90.27
Merced,128.33
Madera,129.81
Fresno,122.47
Madera,9.27
Tulare,84.67
Colusa,84.1
Fresno,149.2
Kern,162.27
Fresno,137.78
Glenn,122.61
Stanislaus,109.02
Other,175.63
Kern,106.11
Other,164.14
Colusa,122.43
Other,76.43
Merced,156.58
Merced,0.0
Merced,115.4
Madera,136.38
Madera,104.23
Fresno,50.54
Butte,117.1
Merced,123.92
Stanislaus,135.85
Kern,10.26
Kern,121.05
Fresno,155.92
Colusa,141.52
Madera,9.58
Madera,97.97
Fresno,177.31
San Joaquin,119.59
Other,13.17
Glenn,161.9
Merced,114.47
Other,184.73
Madera,0.0
Fresno,136.57
Merced,164.71
Colusa,125.17
Glenn,126.07
Merced,110.06
Fresno,134.54
Merced,117.03
Fresno,93.8
Kern,12.06
Fresno,139.0
Fresno,139.08
Kern,173.79
Colusa,122.85
Fresno,123.61
San Joaquin,116.57
Kern,103.95
Kern,122.22
San Joaquin,119.66
San Joaquin,138.17
Kern,163.62
Stanislaus,125.57
Kern,143.64
Tulare,104.2
Merced,133.82
Butte,96.65
Butte,7.73
Kern,125.46
Merced,111.69
Stanislaus,132.0
Kern,164.7
Tulare,143.16
Madera,122.36
Butte,118.95
Colusa,74.83
Kern,136.26
Merced,121.44
Madera,167.59
Stanislaus,137.82
Madera,131.79
Glenn,8.86
Merced,82.51
San Joaquin,89.86
Butte,82.83
Stanislaus,134.42
Colusa,0.0
Madera,118.09
Madera,138.12
Fresno,154.95
Other,0.0
Stanislaus,98.66
Stanislaus,162.01
Merced,154.18
Stanislaus,102.74
Colusa,122.08
Madera,90.45
Stanislaus,118.84
Kern,159.39
Stanislaus,114.91
Madera,118.17
Stanislaus,148.86
Madera,130.28
Madera,131.16
Butte,122.16
Butte,95.83
Fresno,179.82
Madera,127.91
Merced,127.56
Kern,155.61
Stanislaus,9.75
Stanislaus,111.81
Merced,109.13
Other,119.69
Merced,114.32
Other,199.29
Fresno,130.9
Stanislaus,128.22
Fresno,117.45
Other,15.34
Butte,112.86
San Joaquin,116.14
San Joaquin,130.1
Colusa,103.9
Stanislaus,148.18
Merced,88.78
Butte,0.0
Stanislaus,97.98
Madera,130.68
Tulare,0.0
San Joaquin,121.61
Other,130.48
Kern,152.64
Merced,133.28
Madera,0.0
San Joaquin,90.58
Other,187.8
Stanislaus,92.61
Stanislaus,112.64
Madera,138.44
Kern,154.53
Stanislaus,106.75
Fresno,139.56
Kern,141.84
Fresno,124.34
Merced,151.08
San Joaquin,96.91
Stanislaus,116.65
Fresno,171.15
Stanislaus,124.89
Tulare,171.24
Kern,117.0
Colusa,111.48
Madera,108.58
Merced,150.23
Butte,123.53
Kern,142.83
Merced,123.61
Other,175.82
Madera,115.47
Merced,155.5
San Joaquin,126.86
Madera,9.82
Colusa,86.21
Kern,160.92
Tulare,0.0
Colusa,102.07
Merced,174.54
San Joaquin,119.52
Stanislaus,125.87
Other,179.59
Kern,120.24
Stanislaus,110.07
Merced,166.87
Fresno,119.72
Stanislaus,109.09
Butte,64.71
Merced,142.8
Kern,142.47
Tulare,88.65
Fresno,11.5
Madera,105.89
Other,133.06
Fresno,60.1
Other,146.32
Stanislaus,111.66
Kern,127.8
Stanislaus,105.24
San Joaquin,108.07
Other,151.67
Colusa,116.39
Other,169.98
Butte,117.1
Kern,164.52
Other,147.02
Madera,125.77
Colusa,115.48
Other,176.52
Butte,44.87
Tulare,148.26
Madera,166.24
Merced,114.24
San Joaquin,92.3
Butte,117.1
Kern,127.62
Madera,148.34
Merced,105.73
Fresno,116.32
Butte,82.7
Merced,111.92
Fresno,134.14
Stanislaus,126.55
Other,189.78
Fresno,122.23
Fresno,120.12
Kern,193.68
Kern,152.37
Kern,120.06
Glenn,95.44
Kern,11.34
Madera,110.96
Merced,77.32
Fresno,123.04
Colusa,8.85
Merced,161.38
Tulare,180.58
Fresno,144.58
Madera,146.04
Other,194.24
Stanislaus,0.0
Merced,132.59
Glenn,99.97
Other,193.94
Merced,136.46
Kern,146.07
Fresno,142.16
Kern,163.53
Butte,88.78
San Joaquin,125.93
Kern,127.26
Stanislaus,119.15
Fresno,129.44
Stanislaus,144.62
Madera,133.29
Fresno,96.71
Madera,138.6
Madera,107.87
Tulare,132.02
Madera,110.88
San Joaquin,104.54
Stanislaus,125.42
Fresno,101.33
Stanislaus,0.0
Madera,125.69
San Joaquin,75.02
Other,0.0
Madera,148.66
Madera,110.96
Kern,103.59
Other,91.77
Kern,0.0
Other,159.69
Merced,161.92
Colusa,116.39
Butte,43.84
Fresno,118.26
Butte,119.84
Other,134.15
San Joaquin,0.0
Tulare,133.06
Kern,123.03
Butte,49.73
Fresno,133.24
Kern,0.0
Colusa,94.77
Stanislaus,118.84
Stanislaus,107.5
Kern,148.32
Stanislaus,120.43
Madera,141.53
Merced,116.72
Stanislaus,111.89
Fresno,148.96
Madera,153.01
Fresno,0.0
Madera,108.66
Kern,135.0
Kern,168.03
Butte,0.0
Kern,63.45
Fresno,9.88
Other,139.49
San Joaquin,124.63
Stanislaus,130.26
Madera,111.75
Other,206.02
Stanislaus,63.2
Fresno,137.62
Other,147.41
Stanislaus,133.74
Other,152.26
Fresno,152.44
Kern,0.0
Stanislaus,141.22
Fresno,156.98
Fresno,77.03
Fresno,130.65
Colusa,109.51
Stanislaus,112.49
Other,11.88
Butte,123.53
Stanislaus,146.51
Kern,134.1
San Joaquin,131.26
San Joaquin,115.63
Stanislaus,117.41
Other,198.99
Stanislaus,115.59
Colusa,105.65
Colusa,0.0
Kern,171.45
Butte,119.08
Butte,132.97
Kern,137.43
Other,0.0
Merced,128.79
Merced,113.31
San Joaquin,145.22
Other,171.47
Other,0.0
Madera,145.02
Madera,112.54
Other,0.0
Other,135.93
Fresno,149.36
Other,114.54
Other,186.42
Merced,107.12
Other,228.69
Other,80.19
Stanislaus,126.78
Fresno,98.33
Butte,123.74
Stanislaus,142.35
San Joaquin,78.91
Stanislaus,146.44
Other,62.37
Kern,141.3
Merced,115.33
Madera,142.88
Kern,104.85
Madera,87.2
Fresno,121.01
Kern,126.18
Other,170.97
Merced,119.89
Fresno,0.0
Stanislaus,114.0
Tulare,144.81
Butte,101.44
Fresno,128.06
Colusa,125.31
Kern,152.73
Kern,135.72
Fresno,153.17
Kern,183.87
Other,214.34
Madera,129.18
Merced,101.47
Merced,102.25
Stanislaus,109.09
Fresno,102.87
Merced,8.59
Madera,119.35
Fresno,106.76
Kern,151.74
Tulare,156.21
Madera,108.9
San Joaquin,115.49
Fresno,106.92
Colusa,119.06
Kern,142.47
Butte,141.52
San Joaquin,115.7
Fresno,132.52
Tulare,156.47
Madera,136.86
Madera,124.74
Kern,113.67
Kern,181.8
Fresno,113.8
Kern,162.09
Stanislaus,150.07
Fresno,124.25
Kern,131.04
Tulare,171.24
Stanislaus,131.47
Madera,121.57
Fresno,142.4
Merced,132.28
Other,184.04
Kern,154.17
Tulare,157.85
Fresno,171.15
Butte,128.32
Kern,197.91
Fresno,127.25
San Joaquin,107.71
Other,0.0
Butte,110.74
Kern,201.24
Butte,76.54
Fresno,141.18
Merced,114.09
Stanislaus,110.68
Other,147.61
Other,129.29
Colusa,98.84
Madera,115.32
Stanislaus,138.57
Kern,204.93
Fresno,161.84
Madera,140.18
San Joaquin,128.81
Fresno,97.2
Other,148.6
Other,141.17
Tulare,72.92
Fresno,175.45
Tulare,10.89
Fresno,139.24
Stanislaus,143.41
Colusa,7.51
Kern,144.18
Merced,93.27
Fresno,165.48
Merced,107.9
Kern,162.0
San Joaquin,126.86
Madera,125.61
Other,0.0
Other,13.36
Stanislaus,127.23
Butte,98.84
Fresno,127.41
Other,168.0
Merced,115.79
Madera,120.15
Stanislaus,60.25
Madera,0.0
Stanislaus,129.35
Glenn,98.04
Tulare,158.2
Merced,127.01
Fresno,118.5
Tulare,167.44
Other,156.32
Other,171.27
Madera,114.44
Merced,107.66
Merced,117.26
Stanislaus,98.96
Merced,124.3
Butte,115.25
Colusa,92.17
San Joaquin,57.02
Stanislaus,110.98
Glenn,87.31
Other,135.43
Madera,118.32
Kern,152.91
Merced,94.12
Other,160.48
Kern,115.65
San Joaquin,110.16
Tulare,122.6
Madera,120.23
Kern,158.76
Other,193.45
Fresno,184.11
Other,173.84
Fresno,131.71
Kern,128.07
Madera,108.82
Fresno,132.76
Fresno,108.22
Merced,95.12
Fresno,140.29
Madera,142.24
Fresno,91.69
Kern,140.67
Merced,131.43
Butte,87.76
Merced,147.06
Stanislaus,73.79
Colusa,119.27
Stanislaus,126.48
Butte,88.99
Fresno,151.71
Tulare,165.11
Kern,98.73
Kern,153.0
Butte,120.66
Fresno,133.16
Stanislaus,155.06
Tulare,161.14
Colusa,104.39
Stanislaus,136.16
Fresno,106.11
Butte,129.55
Butte,116.76
Fresno,129.68
Madera,127.51
Kern,11.52
Madera,117.69
Merced,119.35
Other,184.14
Madera,129.1
Stanislaus,99.26
Madera,135.83
Fresno,132.19
Stanislaus,0.0
Fresno,171.8
Other,205.62
Kern,123.84
Merced,141.26
Kern,113.94
San Joaquin,116.71
Butte,74.49
Merced,97.37
Kern,138.33
Fresno,137.46
Other,119.49
Stanislaus,0.0
Kern,152.73
Merced,124.3
Madera,88.47
Madera,144.94
San Joaquin,110.59
Stanislaus,0.0
Merced,143.42
Fresno,108.14
Stanislaus,116.42
Madera,104.7
Stanislaus,127.69
Fresno,9.72
Colusa,129.1
Kern,145.44
Merced,140.95
San Joaquin,86.47
Butte,139.67
Tulare,182.13
Glenn,115.42
Other,188.89
Colusa,139.42
Other,178.99
Kern,135.54
Madera,130.36
Kern,114.3
Fresno,135.51
Merced,88.47
Kern,151.83
Tulare,120.53
Fresno,129.76
Tulare,120.18
Tulare,161.48
Merced,110.91
Stanislaus,126.78
Fresno,7.94
Merced,113.0
Merced,150.39
Kern,174.87
Stanislaus,104.63
Stanislaus,115.37
Fresno,116.24
Kern,114.66
Butte,92.75
Kern,144.72
Fresno,0.0
Other,144.74
Colusa,105.51
Fresno,142.8
Tulare,172.8
Fresno,139.48
Fresno,195.29
Madera,154.92
Butte,99.04
Madera,98.68
Stanislaus,118.09
Kern,150.75
Kern,141.48
Merced,137.69
Merced,92.42
Fresno,0.0
Glenn,82.98
Other,0.0
Fresno,155.03
Madera,170.6
Merced,149.61
Merced,131.12
Colusa,116.53
Merced,141.02
Other,167.11
Stanislaus,142.2
Madera,129.97
Merced,123.22
Other,69.5
Colusa,130.78
Fresno,125.79
Stanislaus,10.05
Stanislaus,97.52
Colusa,84.73
Kern,170.82
Stanislaus,101.98
Kern,124.65
Kern,141.75
Stanislaus,144.47
Fresno,117.21
Fresno,109.67
Stanislaus,126.78
Kern,105.66
Kern,161.1
Kern,171.36
Tulare,158.37
Merced,129.1
Fresno,133.24
Butte,126.68
San Joaquin,113.76
Other,0.0
Fresno,139.4
Madera,118.8
Colusa,8.56
Other,133.95
Kern,66.87
Kern,165.96
Stanislaus,142.35
Butte,135.98
Fresno,58.4
Merced,136.84
Kern,159.21
Fresno,161.03
Kern,0.0
Kern,77.85
Stanislaus,143.72
Kern,166.14
Tulare,0.0
Other,140.88
Kern,149.67
Tulare,56.16
Fresno,129.11
Stanislaus,112.64
Glenn,136.66
Butte,126.2
Butte,142.82
Stanislaus,140.84
Fresno,152.2
Kern,165.96
Tulare,113.1
Kern,164.88
Kern,170.73
Butte,50.68
Fresno,133.97
Kern,77.67
Tulare,64.11
Stanislaus,111.06
Merced,8.13
Other,195.52
Fresno,113.24
Fresno,9.72
Merced,111.69
Fresno,147.5
Stanislaus,108.41
Stanislaus,66.75
Glenn,109.56
Madera,130.2
Kern,141.21
Fresno,159.41
Kern,171.99
San Joaquin,109.94
Madera,113.41
Other,159.09
Madera,0.0
Other,165.82
Madera,108.98
Colusa,110.92
Madera,99.71
Colusa,137.52
Merced,133.36
Tulare,138.5
Merced,171.29
Glenn,98.3
Merced,124.15
Tulare,138.33
Merced,141.33
Stanislaus,0.0
Other,166.42
Stanislaus,137.29
Merced,118.27
Kern,135.63
Kern,141.75
Madera,116.42
Butte,133.59
Other,121.67
Other,162.66
Fresno,166.21
Madera,132.66
Other,118.9
Colusa,50.05
Butte,0.0
Kern,167.94
Fresno,118.42
Madera,143.83
Kern,186.66
Madera,140.82
Madera,10.85
Other,56.13
Stanislaus,133.36
Tulare,11.49
Other,189.68
Stanislaus,141.9
Madera,127.35
Kern,106.65
Other,0.0
Madera,56.07
Fresno,139.81
Fresno,135.67
Merced,172.76
Fresno,147.99
Fresno,157.14
San Joaquin,128.59
Stanislaus,108.79
Madera,100.35
Stanislaus,121.56
Glenn,7.33
Fresno,0.0
Kern,156.87
Fresno,154.39
Butte,120.52
Merced,104.41
Madera,139.08
San Joaquin,109.3
Stanislaus,174.26
Fresno,110.48
Kern,160.65
Merced,134.52
Stanislaus,142.51
Stanislaus,91.32
Merced,142.11
San Joaquin,84.46
Other,150.08
Butte,102.19
Fresno,142.24
Kern,78.3
Kern,154.53
Stanislaus,110.75
Colusa,113.44
Madera,140.58
Kern,147.24
Madera,0.0
Madera,151.43
Merced,122.14
Fresno,137.38
Madera,0.0
Other,140.78
Madera,54.49
Butte,8.55
Colusa,124.96
Butte,0.0
Stanislaus,0.0
Stanislaus,0.0
Merced,100.7
Madera,118.4
Merced,111.84
Merced,138.31
Fresno,104.41
Stanislaus,79.91
Other,177.41
Stanislaus,153.54
Kern,161.91
Merced,114.09
Stanislaus,0.0
Kern,143.19
San Joaquin,114.62
San Joaquin,84.31
Merced,102.71
Other,177.61
Madera,0.0
Other,146.02
Fresno,136.89
Butte,121.2
Kern,165.87
Fresno,148.72
San Joaquin,115.56
Fresno,111.46
Butte,94.53
Other,164.93
Other,186.91
Other,196.91
Tulare,10.54
San Joaquin,148.9
Fresno,69.9
Fresno,118.66
Stanislaus,118.99
Madera,126.88
Merced,139.01
Merced,118.19
Butte,120.79
San Joaquin,115.63
Merced,100.08
Butte,96.99
Kern,172.62
Stanislaus,53.45
Fresno,0.0
Merced,125.93
Kern,138.51
San Joaquin,103.25
San Joaquin,114.12
Stanislaus,126.48
Madera,11.33
Merced,101.94
Other,190.87
Madera,149.05
San Joaquin,108.5
Stanislaus,144.24
Colusa,115.34
Butte,112.52
Glenn,7.13
Butte,152.19
Fresno,117.85
Stanislaus,0.0
Kern,157.77
Merced,118.73
Fresno,145.07
Madera,133.45
Kern,138.96
Stanislaus,123.23
Kern,104.49
Stanislaus,139.78
Stanislaus,52.47
Kern,131.94
Madera,127.91
Fresno,150.34
Butte,122.85
Butte,85.84
Fresno,84.81
San Joaquin,144.36
Fresno,10.85
Fresno,146.61
Kern,145.89
Fresno,130.65
San Joaquin,140.33
Kern,176.31
Madera,111.75
Stanislaus,97.98
Kern,99.81
Colusa,112.04
Kern,158.94
Kern,162.9
Stanislaus,146.66
Glenn,0.0
Merced,116.33
Kern,152.28
Other,123.75
Glenn,121.88
Merced,153.95
Merced,110.37
Kern,128.16
Butte,146.24
Other,145.63
Butte,114.84
Stanislaus,0.0
Madera,137.89
Fresno,137.21
Stanislaus,124.59
Kern,138.24
Fresno,142.8
Stanislaus,101.23
Glenn,54.35
Tulare,12.61
Kern,136.35
Kern,161.37
Other,163.25
Tulare,13.48
Colusa,114.57
Merced,121.21
Kern,169.56
Stanislaus,0.0
Stanislaus,95.18
Stanislaus,137.14
Stanislaus,135.7
Kern,176.49
Kern,155.16
Other,131.87
Madera,0.0
Merced,0.0
Stanislaus,128.07
Fresno,108.38
Madera,159.43
Other,182.06
Merced,139.17
Stanislaus,134.95
San Joaquin,170.42
Kern,0.0
Colusa,91.75
Fresno,131.38
Stanislaus,91.93
Butte,123.87
Stanislaus,144.32
Merced,105.5
Stanislaus,107.2
Fresno,140.05
Other,162.36
Other,176.22
Kern,55.44
Glenn,98.1
Fresno,121.82
Kern,99.27
Merced,90.87
Other,198.0
Kern,162.54
Stanislaus,165.49
Other,14.26
Fresno,146.37
Stanislaus,121.79
Tulare,144.12
Stanislaus,107.35
Stanislaus,120.36
Merced,102.4
San Joaquin,0.0
Madera,146.04
Colusa,107.9
San Joaquin,155.23
Tulare,137.89
San Joaquin,141.91
Kern,49.32
Butte,96.17
Merced,114.24
Merced,136.15
Stanislaus,127.23
Other,201.37
Other,179.98
Colusa,120.04
Tulare,134.27
Kern,0.0
Kern,134.64
Kern,154.35
Glenn,103.9
Glenn,106.83
Kern,150.57
Glenn,114.69
Stanislaus,88.0
Fresno,13.53
Kern,133.47
Other,11.88
Butte,122.37
Tulare,128.3
Tulare,151.72
Merced,148.92
Glenn,99.3
Merced,133.13
Colusa,92.38
Merced,125.62
San Joaquin,105.91
Tulare,152.67
Fresno,162.73
Madera,119.04
Stanislaus,138.35
Butte,110.19
San Joaquin,119.52
Merced,0.0
Stanislaus,133.89
Merced,86.61
Madera,10.53
Fresno,99.79
Kern,189.0
Fresno,98.17
Merced,140.48
San Joaquin,101.16
Kern,0.0
Other,187.6
Stanislaus,118.01
Fresno,129.52
Kern,138.51
Fresno,159.0
Kern,125.28
Kern,143.55
Butte,102.12
San Joaquin,120.89
Kern,143.91
Tulare,131.59
Colusa,116.53
Fresno,121.18
Stanislaus,140.31
Colusa,128.33
Madera,132.82
San Joaquin,96.55
Fresno,87.64
Fresno,100.68
Merced,112.62
Merced,146.05
Kern,124.56
Kern,170.55
San Joaquin,9.72
Merced,131.19
Fresno,170.18
Tulare,173.4
Madera,116.66
San Joaquin,118.08
Tulare,181.87
Merced,87.62
Fresno,128.95
Fresno,133.0
Madera,0.0
Fresno,132.11
Glenn,149.18
Stanislaus,98.96
Fresno,120.93
Stanislaus,113.63
Stanislaus,126.18
Other,0.0
Other,158.4
Fresno,53.3
Kern,185.22
Madera,155.39
San Joaquin,109.8
Fresno,105.62
Butte,139.54
Madera,10.61
Merced,95.67
Madera,8.47
Merced,130.19
Fresno,123.93
Kern,146.52
Glenn,97.17
Other,150.48
Colusa,105.72
Stanislaus,119.83
Fresno,129.44
Stanislaus,127.31
Fresno,141.59
Merced,0.0
Kern,182.97
Merced,100.0
San Joaquin,48.46
Other,189.39
Fresno,10.45
Madera,155.55
Kern,134.82
Kern,115.29
Madera,144.38
Fresno,53.14
Merced,141.72
Merced,133.13
Merced,102.48
Other,109.69
Fresno,90.4
Kern,103.05
Merced,9.52
Stanislaus,145.91
Kern,120.96
Butte,106.77
Stanislaus,115.44
Merced,0.0
Kern,106.74
Stanislaus,140.92
Butte,128.32
Stanislaus,94.95
Other,105.14
Other,192.16
Madera,130.92
San Joaquin,101.88
Merced,142.26
Merced,94.35
Stanislaus,110.3
Tulare,148.26
Fresno,128.63
Butte,107.46
Madera,105.34
Butte,130.85
Colusa,117.73
Kern,157.14
Fresno,141.02
Fresno,132.84
Kern,135.72
Kern,149.76
Kern,139.68
Butte,91.66
Glenn,108.49
Other,187.8
Madera,98.29
Madera,137.65
Kern,146.88
Glenn,113.29
Kern,136.17
Fresno,106.43
Stanislaus,155.28
San Joaquin,131.83
Merced,150.39
Tulare,158.8
Kern,158.94
Butte,102.94
Colusa,104.88
Colusa,134.43
Tulare,182.39
Butte,94.32
Kern,150.93
Merced,155.65
Other,185.72
Madera,120.78
Other,162.26
Other,164.24
San Joaquin,130.61
Fresno,170.99
Stanislaus,115.67
Tulare,138.84
Colusa,152.33
Merced,162.85
Merced,88.7
Other,128.7
Stanislaus,148.86
Madera,126.24
Fresno,114.13
Other,200.28
Kern,152.01
Other,166.52
Tulare,143.08
Stanislaus,142.73
Kern,109.89
Kern,165.33
Glenn,107.89
Merced,116.18
Madera,127.75
Fresno,0.0
Other,15.05
San Joaquin,122.33
Madera,150.16
Butte,8.21
Butte,114.5
Colusa,111.27
San Joaquin,44.57
Other,170.28
Kern,137.79
Stanislaus,146.82
Fresno,138.59
Fresno,122.15
Kern,130.05
Merced,0.0
Tulare,105.32
Other,186.02
Kern,9.81
Other,14.85
Kern,130.68
Other,166.32
Colusa,48.58
Fresno,126.68
Stanislaus,146.59
Madera,122.13
Fresno,125.55
Tulare,153.27
Kern,11.52
Other,189.78
Other,146.32
Fresno,116.56
Fresno,11.66
Fresno,151.15
Merced,117.26
Stanislaus,8.24
Stanislaus,115.89
Madera,127.43
Butte,139.67
Colusa,114.92
Butte,116.28
Madera,128.7
Tulare,10.37
Glenn,141.92
Stanislaus,111.96
Madera,107.55
Madera,104.46
Kern,176.31
Glenn,122.61
Fresno,110.24
Fresno,140.54
Madera,115.71
San Joaquin,105.84
Madera,132.58
Fresno,143.86
Madera,88.62
Kern,97.92
Colusa,144.26
Stanislaus,147.87
Kern,138.87
Madera,128.3
San Joaquin,115.42
Kern,165.6
Fresno,162.65
Madera,138.68
Kern,155.43
Madera,104.46
Butte,80.51
Other,171.37
Stanislaus,114.69
Merced,138.47
Kern,126.36
Kern,14.4
Fresno,114.05
Merced,94.97
Other,184.64
Stanislaus,137.59
Kern,134.19
Merced,148.22
Kern,168.84
Tulare,116.64
Other,225.42
Merced,122.91
Kern,124.38
Merced,0.0
Other,83.66
Other,128.8
Fresno,110.24
Tulare,11.32
Kern,11.16
Merced,162.46
Stanislaus,107.35
Fresno,133.89
Stanislaus,132.6
Other,128.9
Other,172.56
Fresno,129.11
Kern,161.1
Butte,0.0
Stanislaus,125.8
Butte,119.43
Tulare,107.4
Fresno,175.93
Colusa,136.47
Stanislaus,105.01
Tulare,130.55
Fresno,146.69
Merced,104.34
Madera,111.83
Tulare,167.18
Butte,46.72
San Joaquin,0.0
Other,152.46
Stanislaus,40.75
Fresno,50.54
Kern,149.4
Stanislaus,84.82
Stanislaus,125.57
Stanislaus,129.43
Madera,136.78
Stanislaus,119.98
Merced,146.98
Tulare,143.16
Other,170.08
Other,192.16
Other,166.02
Stanislaus,119.83
Fresno,188.08
San Joaquin,9.0
Madera,140.58
Kern,152.1
Kern,70.11
Other,149.39
Fresno,150.42
Merced,61.77
Merced,102.32
Madera,84.27
Fresno,149.2
Butte,10.12
Kern,174.15
Fresno,0.0
Stanislaus,108.33
Kern,143.1
Butte,106.64
Kern,92.52
Butte,85.43
Madera,114.29
Madera,138.05
San Joaquin,139.39
Fresno,145.23
Tulare,114.74
Butte,133.59
Fresno,108.14
Butte,107.18
Stanislaus,13.83
Tulare,128.56
Kern,153.54
Other,69.1
Merced,119.04
Stanislaus,119.07
Tulare,58.49
Madera,134.01
Stanislaus,135.4
Kern,0.0
Glenn,88.38
Madera,120.07
Stanislaus,143.56
Other,93.46
Butte,106.16
Other,213.94
San Joaquin,153.14
Merced,137.08
Stanislaus,119.9
Fresno,141.99
Fresno,146.93
Kern,145.08
Madera,142.48
Stanislaus,0.0
Merced,111.07
San Joaquin,109.44
Stanislaus,152.41
Fresno,119.56
Kern,67.41
Fresno,124.9
Fresno,134.46
Merced,110.29
Stanislaus,83.01
Other,153.05
Fresno,87.88
Madera,100.98
Fresno,151.39
Madera,137.73
Kern,143.91
Stanislaus,124.82
Kern,171.63
Stanislaus,142.66
Butte,71.82
Merced,135.99
Stanislaus,89.59
Stanislaus,160.05
Fresno,141.67
Madera,133.29
Kern,157.95
Other,0.0
Butte,110.6
Merced,97.52
Butte,119.15
Kern,140.22
San Joaquin,97.85
Other,0.0
Kern,194.67
Other,215.13
Stanislaus,106.29
Glenn,120.68
Madera,126.09
Kern,145.08
Fresno,117.21
Tulare,142.04
Other,174.04
Stanislaus,142.96
Butte,109.85
Merced,124.85
Fresno,8.99
Fresno,116.64
Colusa,124.68
Other,70.98
Kern,121.05
Madera,140.42
Madera,119.83
Butte,127.7
Colusa,115.48
Other,138.7
Merced,95.74
San Joaquin,133.34
Stanislaus,138.05
Other,140.48
Glenn,125.67
Madera,129.25
San Joaquin,70.2
Butte,108.89
Merced,112.31
Fresno,129.92
Fresno,126.2
Fresno,124.9
Fresno,136.97
Glenn,117.35
San Joaquin,122.54
San Joaquin,122.11
Kern,140.76
Fresno,125.63
Stanislaus,151.8
Colusa,105.3
Butte,106.84
Stanislaus,133.43
Colusa,116.39
Madera,118.56
Fresno,173.18
Stanislaus,132.75
Fresno,143.05
Kern,0.0
Stanislaus,142.51
Kern,102.6
Kern,64.62
Merced,137.69
Merced,93.96
Stanislaus,114.38
Other,174.93
Madera,155.55
Glenn,110.69
Merced,102.32
Kern,118.98
Stanislaus,134.19
Other,158.4
Madera,61.22
Other,145.83
Merced,109.68
Fresno,11.42
Butte,0.0
Madera,100.66
Madera,166.56
Stanislaus,106.22
Other,163.45
Stanislaus,118.69
Fresno,138.75
Tulare,163.12
San Joaquin,113.69
Butte,112.79
Fresno,8.91
Other,201.76
Kern,145.44
Merced,121.44
Butte,93.5
Stanislaus,163.52
Fresno,131.22
Other,176.72
Kern,191.43
Kern,146.97
Kern,175.41
Butte,113.68
Butte,132.49
Fresno,143.61
Butte,134.75
Madera,158.64
Stanislaus,127.69
Kern,113.4
Madera,187.78
Fresno,117.85
Fresno,99.55
Fresno,135.19
Fresno,134.22
Butte,95.55
Butte,133.11
Tulare,154.57
Fresno,127.17
Merced,142.8
Butte,113.13
Stanislaus,163.07
Colusa,96.74
Fresno,137.13
Stanislaus,0.0
Other,190.38
Fresno,144.18
Stanislaus,88.23
Fresno,10.29
Colusa,92.31
Kern,130.05
Merced,102.71
Kern,155.52
Kern,171.72
Merced,130.11
Stanislaus,147.34
San Joaquin,112.9
Other,154.64
Madera,104.07
Madera,163.15
Butte,117.37
Merced,104.64
Tulare,107.22
Fresno,147.58
Stanislaus,100.77
Kern,150.03
Glenn,107.09
Other,125.33
Kern,146.79
San Joaquin,96.98
Madera,147.63
Madera,0.0
Fresno,154.79
Colusa,127.34
Stanislaus,132.53
Kern,179.1
Glenn,100.03
Tulare,131.93
Stanislaus,96.77
Fresno,151.79
Other,154.44
Other,138.9
Madera,150.24
Merced,46.59
Other,65.14
Merced,50.16
San Joaquin,138.82
Stanislaus,121.87
Other,181.96
Other,153.85
Kern,0.0
Kern,132.3
Stanislaus,138.57
San Joaquin,114.91
Kern,145.98
Madera,11.33
Kern,0.0
Kern,167.13
San Joaquin,106.56
Madera,143.27
Merced,180.19
Fresno,124.34
Tulare,134.96
Merced,96.52
Butte,118.61
Fresno,153.33
Stanislaus,141.98
Other,149.59
Butte,66.42
Kern,142.92
Fresno,142.96
Madera,132.66
Fresno,167.26
Tulare,140.4
Other,137.61
San Joaquin,147.53
Merced,142.34
Colusa,108.74
Madera,110.33
Stanislaus,91.85
Fresno,157.38
Madera,125.61
Stanislaus,95.03
Colusa,75.96
Butte,100.14
Fresno,114.21
Stanislaus,150.22
Butte,102.46
Kern,109.8
Stanislaus,134.79
Fresno,143.05
Merced,85.14
Other,158.8
Glenn,101.9
Kern,155.61
Kern,143.1
Stanislaus,127.31
Kern,106.02
Madera,140.9
Other,54.55
San Joaquin,91.73
Other,152.46
Stanislaus,130.56
Butte,108.35
Kern,190.89
Butte,98.63
Other,132.86
Stanislaus,108.64
Colusa,99.75
Fresno,124.17
Fresno,167.26
Stanislaus,0.0
Fresno,138.43
Other,226.51
Madera,119.99
Other,183.94
Kern,165.69
Stanislaus,8.39
Other,0.0
Stanislaus,10.28
Other,163.75
Other,130.38
Fresno,152.12
Stanislaus,147.57
Other,140.28
Merced,0.0
Merced,11.69
Fresno,0.0
Stanislaus,132.22
Colusa,119.27
Stanislaus,67.51
Other,191.76
Madera,125.22
Kern,191.7
Stanislaus,90.95
Other,143.95
Butte,93.23
Fresno,159.49
Other,192.16
Glenn,118.28
Fresno,130.49
Butte,114.16
Glenn,100.1
Stanislaus,157.93
Colusa,54.33
Merced,130.11
Other,139.79
Fresno,111.86
Merced,114.24
Stanislaus,139.1
San Joaquin,117.22
Fresno,124.01
Fresno,136.89
Other,172.56
Madera,114.05
Butte,114.16
Glenn,126.34
Kern,159.03
Butte,113.75
Colusa,123.83
Stanislaus,136.84
Merced,11.07
Stanislaus,170.25
Fresno,120.77
Other,193.74
Madera,178.12
Madera,144.54
Madera,131.47
Stanislaus,140.54
Merced,124.07
Fresno,203.72
Fresno,95.66
Butte,117.37
Kern,109.17
Fresno,116.24
Merced,115.25
Kern,108.99
Merced,187.0
Madera,131.87
Glenn,106.29
Other,131.37
Fresno,147.66
Fresno,96.39
Colusa,149.88
Merced,79.57
Glenn,129.0
Glenn,115.95
Glenn,83.65
Merced,151.08
San Joaquin,146.52
Other,79.79
Butte,105.34
Tulare,136.17
Fresno,124.9
Merced,135.06
Tulare,0.0
Other,158.6
Fresno,112.27
Glenn,121.94
Kern,159.57
Glenn,75.52
Butte,114.98
Kern,142.29
Glenn,73.59
Stanislaus,150.6
Other,141.87
Fresno,138.75
Fresno,190.03
Merced,120.74
Fresno,144.42
Fresno,143.45
Stanislaus,139.86
Stanislaus,119.45
Kern,147.69
Merced,107.66
Stanislaus,131.01
Madera,98.21
San Joaquin,103.54
Butte,84.0
Stanislaus,135.93
Butte,120.93
Kern,135.72
Fresno,119.15
Stanislaus,122.7
Fresno,120.2
Colusa,39.17
Merced,146.36
Kern,200.25
Stanislaus,116.5
Fresno,146.12
Tulare,107.48
Stanislaus,110.07
Fresno,132.76
Merced,131.19
Stanislaus,146.21
San Joaquin,136.08
Stanislaus,115.89
Merced,0.0
Stanislaus,98.51
Butte,104.79
Merced,114.63
Other,205.42
Merced,110.68
Fresno,170.1
Fresno,144.75
Fresno,132.92
Fresno,137.86
Other,189.88
Stanislaus,104.4
Other,149.19
Fresno,119.56
Madera,116.19
Kern,138.15
Fresno,52.33
Kern,53.73
Other,143.85
Madera,142.72
Fresno,145.39
Fresno,114.94
Fresno,127.41
Fresno,107.16
San Joaquin,126.22
Other,204.63
Stanislaus,9.68
Merced,123.92
Glenn,108.49
Butte,124.69
Fresno,9.23
Colusa,121.52
Kern,125.1
Kern,140.13
Other,154.84
Kern,118.89
Kern,197.82
Kern,137.88
Other,159.19
Stanislaus,0.0
Other,127.12
Stanislaus,95.18
Other,70.59
Kern,127.53
Colusa,126.08
Stanislaus,148.4
Stanislaus,111.96
Merced,154.41
Merced,91.41
Madera,141.77
Kern,190.62
Stanislaus,145.08
Colusa,144.47
Merced,115.87
Kern,140.13
Merced,55.5
Stanislaus,112.04
Tulare,184.64
Tulare,134.52
Kern,142.38
Butte,77.57
Stanislaus,138.73
Kern,151.47
Merced,146.21
Madera,153.73
Butte,53.01
Kern,165.24
Stanislaus,133.28
Kern,180.9
Fresno,124.82
Madera,132.26
Colusa,96.38
Stanislaus,101.08
San Joaquin,10.37
Other,133.85
Fresno,133.89
Merced,117.73
San Joaquin,116.5
Butte,126.13
Madera,65.89
San Joaquin,134.28
Stanislaus,123.08
Merced,130.11
Fresno,69.5
Other,150.58
Madera,111.28
Butte,75.03
Kern,155.88
Kern,13.41
Other,150.78
Kern,162.72
Glenn,90.64
Madera,0.0
Other,147.61
Tulare,113.44
Kern,144.81
Colusa,112.39
Tulare,137.81
Butte,6.7
Other,156.62
Stanislaus,141.75
Kern,192.6
Stanislaus,122.4
Other,215.03
Kern,9.27
San Joaquin,10.08
Merced,121.83
Colusa,118.01
Fresno,113.89
San Joaquin,102.96
Stanislaus,153.17
Kern,110.34
Madera,137.17
Merced,58.2
Kern,0.0
Glenn,102.96
Fresno,98.17
Kern,155.88
Madera,109.69
Merced,136.3
Fresno,110.65
Fresno,122.39
Stanislaus,144.77
Glenn,107.29
Glenn,121.08
Kern,188.28
Merced,137.46
Madera,101.77
Butte,91.52
Madera,135.12
Fresno,131.46
Other,169.88
Fresno,120.45
Kern,133.02
Stanislaus,121.79
Tulare,148.35
Stanislaus,118.54
Other,157.61
Tulare,139.02
Madera,151.35
Other,168.2
Other,90.88
Merced,109.21
Other,154.74
Stanislaus,68.27
Stanislaus,89.06
Fresno,99.39
Fresno,128.47
Madera,0.0
Fresno,144.83
Kern,148.5
Kern,110.7
Tulare,0.0
Kern,123.48
Kern,194.58
Stanislaus,8.85
Fresno,51.6
San Joaquin,111.02
Tulare,126.84
Fresno,134.95
Stanislaus,151.43
Butte,91.04
Colusa,67.25
Stanislaus,135.85
Other,137.81
Kern,137.88
Butte,84.75
Glenn,134.2
Madera,135.83
Stanislaus,125.65
Fresno,134.62
Glenn,9.26
Other,146.52
Kern,189.99
Stanislaus,0.0
Merced,117.42
Other,136.22
San Joaquin,105.19
Other,12.08
Tulare,86.4
Madera,108.58
Colusa,116.88
Kern,135.27
San Joaquin,126.79
Other,144.24
San Joaquin,113.47
Madera,134.09
Merced,164.01
Colusa,117.66
Merced,110.45
Butte,132.9
Fresno,52.49
Madera,0.0
Stanislaus,136.38
Fresno,144.99
Stanislaus,147.72
Tulare,126.06
Merced,12.15
Fresno,140.13
Tulare,11.58
Kern,169.56
Other,96.92
Kern,133.47
Butte,117.85
Other,133.06
Kern,148.41
Stanislaus,120.73
Kern,152.19
Madera,158.4
Kern,12.6
Merced,102.17
Glenn,130.0
Kern,101.61
Madera,151.35
Tulare,179.8
Butte,128.39
Fresno,164.27
Madera,81.02
Colusa,116.81
Butte,129.75
Other,177.21
Madera,71.91
Stanislaus,0.0
Merced,144.51
Merced,126.78
Kern,116.64
San Joaquin,171.94
Other,151.77
Butte,95.14
Kern,89.73
Other,173.94
Fresno,159.73
Fresno,123.93
Madera,95.75
San Joaquin,114.62
Colusa,107.9
Fresno,67.96
Butte,40.97
Other,155.93
Fresno,100.28
Tulare,148.35
Madera,110.64
Fresno,94.28
Fresno,101.82
Stanislaus,128.52
Stanislaus,134.49
Other,206.02
Fresno,131.22
San Joaquin,118.08
Fresno,161.6
Other,123.35
Stanislaus,134.57
Madera,136.86
Fresno,149.04
Fresno,146.29
Merced,123.22
Stanislaus,131.09
San Joaquin,115.85
Tulare,105.67
Stanislaus,137.97
Fresno,144.67
Madera,108.58
Other,108.11
Madera,157.45
Fresno,158.52
Kern,63.18
Colusa,136.4
Other,0.0
Madera,141.61
Butte,51.85
Madera,159.11
Colusa,54.62
Butte,100.14
Merced,107.43
Kern,160.29
Kern,127.26
Fresno,161.27
Stanislaus,118.84
Butte,129.69
Stanislaus,136.53
Other,126.32
Glenn,120.48
Stanislaus,117.48
Other,188.79
Colusa,124.75
Kern,156.6
Kern,175.68
Merced,143.27
Kern,156.33
Stanislaus,113.02
Other,0.0
Madera,157.05
Kern,197.91
San Joaquin,73.08
Butte,108.14
Merced,69.27
Fresno,91.21
Fresno,46.66
Kern,159.66
Kern,144.54
Kern,135.72
Stanislaus,132.15
Kern,159.84
Kern,154.44
San Joaquin,103.61
Kern,125.55
Merced,135.99
Butte,99.8
Other,200.67
Other,143.25
Fresno,142.4
Glenn,118.28
Glenn,105.43
Colusa,0.0
Madera,167.59
Butte,9.1
Kern,138.78
Other,168.8
Butte,131.12
Other,192.56
Other,159.98
Fresno,136.57
Madera,130.05
Butte,137.14
Stanislaus,122.62
Glenn,117.82
Fresno,105.06
Stanislaus,141.83
Kern,9.81
Other,135.83
Other,145.04
Other,0.0
Stanislaus,137.97
San Joaquin,86.54
Kern,153.09
Merced,115.17
Merced,144.12
Kern,181.53
Stanislaus,141.45
Tulare,181.09
Other,160.18
Other,197.7
Fresno,106.43
Butte,119.91
Tulare,113.27
Other,170.58
Fresno,115.67
Madera,92.43
Tulare,161.14
Kern,130.86
Kern,0.0
Stanislaus,10.58
Madera,110.09
Stanislaus,57.91
Merced,151.94
Kern,159.3
Colusa,124.32
Fresno,139.24
Madera,126.32
Glenn,98.5
Other,174.93
San Joaquin,59.76
Madera,106.76
Merced,128.25
Glenn,123.74
Colusa,132.68
Madera,140.98
Stanislaus,57.38
Merced,142.88
Stanislaus,11.79
San Joaquin,82.08
Tulare,58.49
Fresno,127.25
Stanislaus,134.87
Stanislaus,146.74
Merced,134.75
Tulare,99.88
Butte,90.77
Stanislaus,57.76
Butte,78.59
Kern,10.71
Madera,135.27
San Joaquin,94.18
Stanislaus,123.61
Madera,143.04
Merced,135.84
Kern,106.2
Kern,122.04
Madera,145.17
Butte,94.12
Other,164.04
Kern,117.36
Colusa,101.09
Tulare,139.02
Fresno,114.29
Stanislaus,130.26
Fresno,133.97
Madera,11.64
Madera,137.65
Kern,148.86
Fresno,133.08
Kern,112.14
Kern,139.23
Fresno,147.18
Other,203.54
Other,194.63
Merced,117.11
Other,63.36
San Joaquin,90.5
Stanislaus,120.66
Glenn,100.17
Butte,114.98
Kern,156.33
Stanislaus,161.86
Kern,160.92
Other,125.14
Madera,118.8
San Joaquin,116.78
Glenn,100.03
Fresno,139.08
Merced,116.64
Stanislaus,160.65
Fresno,111.54
Kern,130.05
Kern,119.88
Fresno,68.77
Kern,112.86
Merced,12.85
Fresno,144.83
Tulare,178.76
Merced,134.37
Glenn,113.75
Butte,114.57
Madera,160.14
Merced,69.81
Madera,46.81
Other,128.9
Madera,158.64
Merced,127.25
Other,137.81
San Joaquin,0.0
Other,12.18
Fresno,10.69
Other,171.47
Butte,82.7
Fresno,172.29
Fresno,65.61
Glenn,103.3
Merced,94.12
Kern,99.72
Madera,116.11
Other,183.35
Stanislaus,144.24
Tulare,165.63
Madera,125.22
Other,148.9
Other,196.91
Merced,146.67
Kern,145.89
Butte,112.79
Tulare,97.11
Stanislaus,137.06
Butte,120.59
Stanislaus,165.49
San Joaquin,138.46
Kern,122.04
Tulare,146.1
Other,209.68
Fresno,147.82
Kern,127.8
Butte,103.49
Tulare,174.44
Kern,159.57
Glenn,112.09
Butte,89.54
Butte,99.39
Merced,155.26
Stanislaus,112.64
Kern,146.43
Tulare,125.37
Butte,89.26
Stanislaus,122.77
Stanislaus,119.15
Fresno,139.64
Colusa,105.86
Merced,136.46
Madera,121.41
Tulare,121.65
Other,193.25
Fresno,122.23
San Joaquin,0.0
Merced,136.38
Butte,138.3
Stanislaus,111.28
Butte,131.67
Kern,104.4
Stanislaus,0.0
Merced,13.16
Fresno,145.23
Other,67.52
Colusa,137.66
Kern,89.55
Stanislaus,63.81
Stanislaus,0.0
Butte,66.48
Merced,134.29
Other,140.08
Merced,151.39
Other,165.92
Kern,97.83
San Joaquin,95.18
Fresno,47.87
San Joaquin,9.65
Merced,65.71
Madera,123.95
Merced,109.75
Merced,124.3
Fresno,133.97
Colusa,118.43
Other,142.86
Kern,150.39
Kern,104.94
Stanislaus,143.94
Madera,0.0
Fresno,112.99
Kern,61.92
Stanislaus,124.29
Fresno,144.18
Kern,130.05
Madera,130.2
Stanislaus,117.26
Fresno,103.52
Merced,138.24
Merced,127.4
Kern,164.61
Madera,150.96
Madera,117.22
San Joaquin,176.9
Kern,83.16
Fresno,166.05
Fresno,82.13
Stanislaus,102.44
Butte,113.48
Madera,93.93
Fresno,149.85
Other,145.33
San Joaquin,84.82
Other,185.53
Stanislaus,9.53
Other,56.53
Fresno,124.42
Fresno,129.84
Stanislaus,130.86
Other,152.96
San Joaquin,124.78
Butte,64.71
Fresno,135.84
Madera,157.29
Glenn,127.27
Madera,139.0
Tulare,141.44
Fresno,113.8
Fresno,148.15
Madera,112.54
Butte,132.7
Merced,146.21
Colusa,124.39
Stanislaus,134.42
Glenn,125.34
Kern,134.46
Stanislaus,127.99
Butte,139.26
San Joaquin,82.51
Madera,104.78
Butte,134.27
Madera,122.6
Madera,113.73
San Joaquin,123.55
Kern,133.2
Fresno,131.14
Other,204.04
Kern,160.11
Tulare,155.78
Madera,138.05
Merced,119.89
Fresno,154.71
Other,178.79
San Joaquin,129.82
Other,174.64
Butte,90.08
Kern,155.61
Stanislaus,118.77
Merced,159.6
Other,131.67
San Joaquin,109.22
Stanislaus,130.18
Fresno,136.08
Kern,151.11
Fresno,134.46
Merced,122.99
Kern,134.1
San Joaquin,104.26
Butte,101.3
Butte,119.29
Other,133.25
Merced,89.32
Madera,0.0
Madera,145.09
Kern,160.83
Fresno,126.12
Stanislaus,131.01
Madera,127.75
Tulare,170.12
Butte,103.49
Other,144.44
San Joaquin,7.13
Merced,150.23
San Joaquin,128.16
Madera,165.13
Kern,143.55
Glenn,78.65
Madera,96.54
Butte,121.75
Madera,107.24
Merced,88.0
Other,90.19
Other,200.57
Butte,114.98
Other,149.69
Other,158.9
Fresno,120.77
Other,107.02
Merced,144.35
Kern,142.83
Kern,159.57
Madera,123.16
Stanislaus,94.35
Stanislaus,79.68
Glenn,114.22
Other,192.56
Madera,9.82
Madera,82.29
Fresno,119.48
Butte,116.14
Stanislaus,89.96
Tulare,160.19
Madera,123.31
Kern,131.94
San Joaquin,108.79
Other,195.03
San Joaquin,119.59
Colusa,9.69
Other,164.74
Kern,136.98
Madera,11.33
Stanislaus,137.97
Kern,0.0
Fresno,131.46
Colusa,7.09
Kern,161.82
Merced,138.31
Tulare,131.59
Butte,119.22
Other,215.92
Other,77.91
Stanislaus,134.19
Other,142.76
Stanislaus,88.75
Stanislaus,158.23
Kern,104.49
Madera,128.07
Kern,146.07
Madera,141.61
Kern,116.91
Madera,83.95
Colusa,105.44
Kern,162.9
Merced,133.9
Tulare,96.77
Fresno,164.75
Stanislaus,73.94
Butte,87.76
Stanislaus,90.87
Merced,104.41
Stanislaus,109.62
Colusa,0.0
Fresno,138.19
Merced,141.1
Merced,142.8
Butte,8.89
Stanislaus,59.19
Butte,52.39
Fresno,11.26
Stanislaus,52.24
Butte,112.04
Madera,155.15
Madera,133.61
Butte,10.88
Other,174.44
Fresno,123.77
Other,146.92
Other,136.12
Colusa,108.11
Kern,155.79
Colusa,102.49
Butte,127.77
Butte,7.25
Kern,165.42
Tulare,120.7
Fresno,185.9
Madera,108.42
San Joaquin,51.55
Glenn,75.12
Other,0.0
Kern,139.41
Stanislaus,137.67
Fresno,130.25
Madera,140.66
San Joaquin,125.86
Fresno,139.32
San Joaquin,143.78
Stanislaus,106.82
Kern,103.41
Merced,137.23
Kern,122.67
Stanislaus,58.44
Fresno,121.9
Stanislaus,124.97
Stanislaus,128.14
Kern,154.53
Kern,183.78
Kern,172.08
Butte,132.15
Glenn,116.42
San Joaquin,103.54
Tulare,142.73
Merced,9.83
Madera,162.2
Kern,177.93
Stanislaus,115.14
Glenn,119.75
San Joaquin,7.34
Other,143.06
Merced,84.13
Merced,145.67
Fresno,88.29
Madera,91.87
Other,54.05
Stanislaus,148.71
Merced,142.88
San Joaquin,106.56
Fresno,143.13
Madera,144.06
Other,139.79
Stanislaus,131.85
Fresno,84.81
Merced,126.39
Kern,151.65
Stanislaus,9.45
Stanislaus,119.22
Stanislaus,110.91
Fresno,121.01
Other,128.8
Other,170.78
Fresno,110.48
Stanislaus,9.9
Fresno,109.51
Glenn,126.07
Fresno,66.1
Kern,139.86
Fresno,137.46
Stanislaus,139.26
Other,158.99
Other,15.25
Fresno,164.67
Madera,143.35
Stanislaus,119.15
Fresno,130.82
Fresno,149.36
Fresno,87.32
Fresno,55.65
Fresno,137.94
Fresno,150.5
Kern,130.59
Butte,128.87
San Joaquin,121.32
Butte,139.67
Other,136.12
Kern,137.34
Other,201.96
Madera,111.12
Butte,81.6
Merced,116.49
Fresno,55.24
Other,157.9
Kern,71.46
Kern,142.56
Fresno,166.21
Madera,140.1
Glenn,105.03
Tulare,154.48
Butte,117.37
Fresno,140.29
Glenn,93.57
Other,216.61
Kern,130.95
Kern,155.97
Madera,90.13
Fresno,121.9
Kern,162.54
Tulare,168.05
San Joaquin,136.08
Butte,110.53
San Joaquin,117.5
Butte,103.35
Merced,123.99
San Joaquin,102.96
Other,14.16
Fresno,0.0
Fresno,125.47
Stanislaus,111.59
Madera,139.08
Fresno,121.66
Kern,9.27
Stanislaus,116.05
Stanislaus,117.63
Stanislaus,86.56
Other,156.82
Stanislaus,91.48
Merced,119.35
Merced,0.0
Merced,145.51
Merced,89.63
Fresno,107.65
Stanislaus,93.29
Kern,152.1
Fresno,155.52
Kern,182.34
San Joaquin,143.35
Butte,99.18
Merced,112.23
Stanislaus,135.48
Butte,122.91
Kern,119.25
Colusa,91.26
Merced,153.72
Colusa,114.0
San Joaquin,54.72
Madera,140.18
Stanislaus,85.81
Stanislaus,133.21
Glenn,47.62
Madera,114.44
Stanislaus,101.0
Stanislaus,9.68
Other,187.31
Merced,112.08
Kern,125.1
Kern,162.63
Kern,140.94
Butte,108.35
Stanislaus,112.04
Fresno,133.97
Madera,131.71
Butte,49.52
Stanislaus,149.84
Madera,112.31
Colusa,145.59
Tulare,8.38
Kern,117.45
Colusa,134.36
Colusa,120.53
Colusa,66.9
Other,136.22
Glenn,113.02
Merced,156.19
Kern,164.07
Butte,86.46
Tulare,107.57
Merced,0.0
Fresno,110.56
Colusa,137.87
Fresno,7.78
Fresno,144.18
Kern,118.17
Other,142.36
Fresno,144.91
Kern,164.7
Merced,112.62
Madera,109.45
Madera,158.56
Stanislaus,8.54
Fresno,147.91
Kern,100.53
Butte,95.97
Tulare,125.71
Glenn,116.08
Other,178.4
Merced,132.12
Stanislaus,135.93
Other,189.78
Other,168.0
Tulare,135.22
Other,159.59
Madera,107.0
Merced,102.86
Stanislaus,52.69
Glenn,110.62
San Joaquin,91.44
Kern,0.0
San Joaquin,121.82
Fresno,136.32
Madera,132.5
San Joaquin,91.73
Fresno,111.46
Fresno,104.41
Merced,110.68
Merced,124.85
Stanislaus,153.01
Other,147.91
Kern,160.83
Madera,174.24
Kern,128.16
Kern,195.93
Kern,137.97
Fresno,102.38
Kern,119.52
Merced,152.17
Merced,128.02
Merced,122.91
San Joaquin,102.02
San Joaquin,106.06
Fresno,145.15
Merced,108.05
Kern,15.21
Butte,140.43
Madera,135.83
Madera,159.9
Stanislaus,84.82
Stanislaus,133.36
Stanislaus,54.13
Butte,124.69
Other,118.5
Kern,0.0
Madera,118.64
Kern,12.96
Fresno,107.0
Butte,134.75
Merced,147.6
Butte,115.39
Fresno,0.0
Other,152.66
Merced,134.44
Colusa,136.68
Butte,103.42
Stanislaus,149.46
Glenn,102.63
Kern,184.14
Glenn,74.92
Stanislaus,8.24
San Joaquin,65.74
San Joaquin,115.13
Kern,157.77
Fresno,164.59
Kern,190.17
Glenn,112.49
Butte,97.95
Stanislaus,151.96
Merced,10.53
Merced,126.16
Merced,131.35
San Joaquin,121.25
Merced,158.9
Glenn,0.0
Kern,116.37
Kern,152.82
Stanislaus,152.64
San Joaquin,52.78
Fresno,127.57
Butte,97.47
Colusa,97.16
Fresno,65.69
Kern,123.66
San Joaquin,101.66
Kern,11.25
San Joaquin,132.26
San Joaquin,123.41
Fresno,150.66
Merced,147.68
Merced,134.21
Stanislaus,128.9
Stanislaus,127.61
Stanislaus,92.16
Kern,161.19
Kern,184.5
Fresno,122.63
Colusa,120.74
Colusa,79.75
Madera,120.7
Merced,138.93
Stanislaus,103.87
Tulare,160.79
San Joaquin,99.72
Madera,172.89
Stanislaus,98.58
Fresno,116.15
Tulare,106.1
Fresno,130.49
Kern,200.88
Merced,9.98
Merced,124.23
Butte,126.2
Stanislaus,127.76
Kern,122.94
Butte,127.36
Kern,137.16
Stanislaus,122.62
Merced,123.22
Butte,123.74
Fresno,75.41
Merced,142.26
Fresno,165.97
Stanislaus,161.94
Kern,150.75
San Joaquin,127.3
Merced,141.02
San Joaquin,8.35
Stanislaus,151.8
Madera,158.0
Fresno,0.0
San Joaquin,114.48
Butte,112.18
Butte,128.46
Kern,116.46
Other,211.36
Stanislaus,8.09
Fresno,58.32
Butte,131.4
Fresno,129.6
Butte,90.97
San Joaquin,68.04
Stanislaus,145.23
Kern,137.79
Kern,178.47
Fresno,127.66
Butte,113.0
Other,209.58
Fresno,147.1
Kern,184.41
Butte,0.0
Kern,0.0
Stanislaus,119.83
Merced,118.04
Kern,152.55
Kern,144.0
Other,113.95
Other,75.44
Butte,118.67
Glenn,104.16
Colusa,8.14
Madera,114.92
Tulare,10.11
Butte,88.58
Madera,142.64
Madera,101.3
Kern,172.53
Fresno,185.08
Kern,147.69
Fresno,103.44
Colusa,136.47
Madera,119.35
Merced,10.37
Butte,96.1
Merced,131.43
Merced,135.53
Merced,142.49
Fresno,140.94
Other,119.59
Kern,147.42
Fresno,121.1
San Joaquin,112.75
Butte,112.86
Madera,0.0
Glenn,107.43
Other,137.71
Kern,155.07
Other,198.2
Fresno,134.86
San Joaquin,119.81
Merced,114.16
Kern,0.0
Fresno,139.32
Other,157.11
Tulare,158.46
Kern,168.3
Merced,125.62
Stanislaus,91.55
Stanislaus,99.94
Other,178.79
Madera,123.63
Stanislaus,149.69
Stanislaus,138.27
Tulare,124.42
Merced,104.8
Fresno,0.0
Stanislaus,104.4
San Joaquin,129.17
Merced,156.97
Other,155.63
San Joaquin,149.18
San Joaquin,138.96
Kern,152.64
Tulare,131.93
Stanislaus,186.05
Merced,134.44
Colusa,115.27
Merced,7.28
Kern,62.64
Kern,0.0
Fresno,157.54
Merced,73.53
Fresno,60.99
Tulare,188.96
Fresno,124.98
Merced,92.49
San Joaquin,97.78
Merced,125.93
Other,115.73
Madera,110.96
Kern,95.58
Butte,130.85
Butte,161.56
Glenn,100.7
Tulare,174.7
Colusa,138.15
Kern,165.33
Fresno,150.66
Fresno,54.59
Fresno,98.33
San Joaquin,52.42
Fresno,96.31
Other,142.86
Merced,127.94
Kern,175.5
Stanislaus,0.0
Merced,138.0
Tulare,143.77
Colusa,124.6
Kern,149.94
Stanislaus,128.9
Kern,163.35
Other,148.1
Stanislaus,151.12
Colusa,113.79
Stanislaus,141.67
Tulare,136.77
San Joaquin,102.38
Other,191.96
Fresno,122.71
Other,177.9
Butte,110.53
Other,134.74
Merced,146.44
Butte,127.36
San Joaquin,102.74
Merced,137.08
Butte,107.32
Kern,111.06
Kern,161.82
Kern,133.11
Madera,118.48
Tulare,136.43
Butte,117.65
Other,168.0
Other,186.02
Other,0.0
Merced,184.06
Tulare,131.85
Fresno,138.51
Madera,141.69
Colusa,94.49
Kern,129.15
Merced,126.47
Stanislaus,133.43
Colusa,94.07
Butte,81.81
Merced,155.42
Colusa,108.81
Other,198.79
Butte,0.0
Fresno,98.9
Fresno,150.74
Merced,103.87
Other,75.64
Stanislaus,142.81
Fresno,161.35
Madera,167.03
Butte,110.33
Kern,165.15
Other,150.48
Madera,137.49
Merced,138.7
Merced,135.91
Other,0.0
Other,164.64
Glenn,46.29
Colusa,120.74
Tulare,186.36
Merced,128.64
Fresno,129.03
Butte,110.94
Merced,158.98
Stanislaus,143.72
Madera,131.71
Merced,112.77
Madera,112.46
Butte,124.15
Other,129.79
Colusa,116.11
Stanislaus,68.57
Stanislaus,135.48
Fresno,140.62
Stanislaus,120.51
Tulare,182.39
Kern,172.53
Butte,123.33
Butte,121.27
Madera,0.0
Butte,139.6
Madera,148.18
Colusa,126.78
Tulare,93.83
San Joaquin,110.23
Merced,148.14
Kern,111.42
Other,145.23
Colusa,126.29
Merced,144.12
Other,0.0
Madera,0.0
Fresno,113.72
Madera,9.11
Glenn,99.37
Kern,136.44
Fresno,138.1
Stanislaus,111.36
Stanislaus,0.0
Kern,9.0
Fresno,140.29
Other,171.86
Kern,152.19
Other,184.34
Other,106.92
Other,136.72
Other,11.98
Other,182.06
Stanislaus,127.31
Fresno,127.82
Madera,142.4
Kern,156.51
San Joaquin,148.1
Stanislaus,90.04
Madera,121.97
Madera,121.1
Kern,145.17
Butte,126.2
Stanislaus,150.75
Merced,138.62
Butte,94.6
Merced,150.23
Butte,119.22
Tulare,0.0
Other,153.55
Kern,150.12
Madera,115.32
Kern,152.91
Other,157.41
Stanislaus,93.67
Butte,7.05
Fresno,128.14
Stanislaus,153.54
Merced,140.02
Butte,49.04
Kern,160.92
Glenn,98.3
Tulare,88.65
Kern,105.39
San Joaquin,146.45
Colusa,114.15
Other,160.48
Butte,100.14
Butte,154.58
Stanislaus,85.58
San Joaquin,85.97
Fresno,147.01
Madera,116.27
Madera,116.66
Fresno,144.58
Fresno,180.39
Merced,137.46
San Joaquin,104.47
Other,169.78
Tulare,124.68
Merced,134.37
Madera,138.52
Fresno,133.49
Kern,192.42
San Joaquin,76.32
Fresno,171.23
Stanislaus,126.63
Kern,169.02
Kern,158.76
Fresno,121.1
San Joaquin,106.49
Madera,122.52
San Joaquin,136.01
Kern,11.43
Butte,39.54
Other,0.0
Other,164.34
Colusa,115.9
Butte,82.49
Fresno,10.29
Tulare,193.8
Fresno,148.96
Kern,68.76
Kern,137.34
Stanislaus,91.93
San Joaquin,113.62
San Joaquin,120.53
Kern,156.24
Fresno,135.59
Fresno,119.88
Glenn,108.42
Fresno,103.84
Other,141.27
Stanislaus,159.29
Fresno,151.55
Kern,131.94
Stanislaus,132.53
Stanislaus,135.85
Kern,61.47
Fresno,132.52
Stanislaus,122.47
Butte,124.76
Other,184.04
Butte,93.64
Glenn,92.24
Other,161.96
Fresno,160.38
Fresno,119.31
Madera,108.9
Merced,137.93
Fresno,136.73
Other,154.04
Madera,104.31
Merced,132.04
Stanislaus,110.38
Stanislaus,123.53
Other,168.99
Fresno,131.71
San Joaquin,128.16
Other,170.78
Madera,100.11
Merced,86.15
Kern,124.83
Stanislaus,94.05
Tulare,127.53
Madera,120.15
Tulare,129.69
Merced,69.27
Fresno,137.13
Merced,101.39
Tulare,124.59
Other,143.15
Stanislaus,150.37
San Joaquin,10.8
Fresno,0.0
Kern,189.72
Fresno,106.84
Tulare,123.64
Kern,139.32
San Joaquin,131.62
Tulare,152.32
Madera,169.73
Fresno,0.0
Fresno,111.54
Butte,61.15
Other,175.92
Tulare,132.11
Tulare,164.25
Fresno,142.4
Fresno,170.67
Stanislaus,137.52
San Joaquin,118.73
Other,100.39
Merced,144.51
Fresno,0.0
Fresno,138.51
Fresno,109.43
Fresno,147.66
Kern,148.5
Madera,150.08
San Joaquin,118.51
San Joaquin,100.08
Other,147.41
Butte,80.71
Merced,115.64
Other,165.82
Kern,148.95
Merced,119.82
San Joaquin,123.55
Other,101.48
Glenn,107.56
Merced,138.16
Other,129.89
Glenn,116.02
Kern,58.23
Other,233.54
Colusa,157.53
San Joaquin,124.63
Stanislaus,89.96
Other,180.97
Fresno,160.95
Madera,9.27
Fresno,183.95
Stanislaus,131.17
Madera,110.09
Stanislaus,130.71
Stanislaus,187.87
Fresno,70.79
Stanislaus,147.04
Other,147.21
Butte,53.28
Merced,119.58
Stanislaus,103.72
Merced,114.16
Fresno,110.24
Fresno,142.32
Madera,9.42
Kern,99.81
Merced,128.02
Madera,154.2
Tulare,138.93
Madera,111.2
San Joaquin,95.62
Butte,95.49
Kern,145.71
Madera,132.9
Glenn,102.9
Kern,95.31
Madera,140.34
Stanislaus,108.03
Fresno,132.68
Merced,139.55
Stanislaus,0.0
Fresno,130.73
Madera,126.72
San Joaquin,127.37
Kern,159.03
Merced,123.53
Fresno,127.25
Other,0.0
Glenn,112.82
Fresno,120.45
Fresno,133.81
Madera,120.15
Madera,13.46
Butte,136.94
Other,105.53
Fresno,162.49
Other,153.05
Fresno,132.11
Fresno,163.05
Merced,119.82
Kern,106.65
Merced,121.98
Glenn,96.37
Madera,159.19
Madera,110.48
Merced,11.84
Stanislaus,9.98
Merced,111.84
Kern,151.65
Other,116.13
Fresno,150.17
Madera,134.88
Stanislaus,111.81
Fresno,126.36
Merced,97.37
Kern,124.83
Madera,137.81
Colusa,9.83
Merced,135.22
Colusa,0.0
Tulare,183.17
Other,11.78
Fresno,0.0
Colusa,115.06
San Joaquin,92.88
Glenn,96.04
Fresno,113.56
Butte,116.42
Butte,81.05
Colusa,111.2
Kern,192.33
Kern,156.33
Glenn,114.75
Glenn,134.4
Fresno,144.67
Kern,128.25
Fresno,126.68
Madera,130.84
Butte,111.77
Butte,97.68
Other,134.24
Kern,143.28
Fresno,153.33
Butte,127.57
Butte,100.34
Kern,0.0
San Joaquin,85.54
Other,10.99
Other,129.2
Fresno,135.51
Tulare,135.48
Madera,80.31
Merced,126.16
Fresno,136.97
Merced,119.74
Tulare,115.6
Butte,10.33
Merced,151.55
Tulare,117.42
Fresno,0.0
Fresno,150.42
Tulare,116.21
Fresno,104.08
Tulare,108.52
Glenn,127.34
Colusa,156.62
Madera,138.52
Other,185.33
Kern,112.86
Merced,123.07
Fresno,114.29
Kern,133.29
San Joaquin,100.8
Other,11.98
Kern,57.06
Other,168.6
Kern,12.24
Tulare,154.14
Fresno,104.25
Madera,180.18
Kern,113.94
Stanislaus,95.94
Kern,163.71
Tulare,147.48
Tulare,118.97
Kern,154.35
Madera,174.87
Butte,97.26
Kern,117.81
Merced,80.26
Madera,161.17
Merced,129.26
Kern,133.56
Kern,12.51
Kern,112.5
Merced,109.75
Stanislaus,125.57
Kern,165.69
Butte,78.32
San Joaquin,118.22
Merced,11.46
Colusa,113.23
San Joaquin,57.53
Other,112.07
Fresno,122.07
San Joaquin,121.03
Butte,128.18
San Joaquin,0.0
Merced,119.97
Merced,154.65
Fresno,112.59
Fresno,140.05
Stanislaus,149.16
Stanislaus,97.22
Stanislaus,157.85
Kern,153.99
Tulare,152.15
Kern,171.99
Merced,0.0
Butte,136.05
Tulare,164.42
Kern,146.52
San Joaquin,137.02
Madera,145.17
Stanislaus,113.85
Kern,180.09
Other,197.6
Glenn,52.95
Other,149.89
Madera,141.37
Fresno,126.52
Kern,113.76
Kern,92.25
Merced,151.08
Merced,122.45
San Joaquin,97.06
Fresno,126.68
Fresno,167.35
Stanislaus,77.79
Fresno,98.9
Tulare,89.16
Other,164.93
Butte,94.8
Fresno,165.97
Other,74.35
Stanislaus,127.61
Madera,121.1
Fresno,113.97
Stanislaus,136.61
Merced,11.3
Tulare,140.23
Kern,152.46
Stanislaus,106.9
Butte,91.52
Fresno,144.91
Other,14.06
Glenn,135.53
Tulare,120.27
Madera,95.28
Kern,147.15
Other,153.15
Stanislaus,10.96
Kern,152.55
Stanislaus,132.38
Kern,177.39
Madera,151.59
Merced,143.19
Stanislaus,112.64
Fresno,154.47
Stanislaus,85.5
Stanislaus,113.25
Other,0.0
Other,188.5
Stanislaus,134.95
Fresno,77.52
Kern,126.27
Stanislaus,90.57
Merced,96.05
Stanislaus,104.1
Other,133.75
Glenn,90.91
Glenn,94.31
Kern,121.23
Tulare,89.16
Madera,116.34
Kern,0.0
Other,167.41
Fresno,152.2
Fresno,0.0
Kern,99.9
Merced,101.55
Kern,131.58
Kern,144.99
Madera,135.67
Other,198.4
San Joaquin,96.7
Tulare,63.76
Butte,96.79
Kern,134.91
Glenn,8.66
Merced,93.03
Other,160.28
Fresno,149.12
Colusa,118.64
Tulare,63.5
Merced,130.65
Fresno,154.14
Tulare,0.0
Merced,91.87
Madera,122.21
Butte,117.78
Madera,153.49
Kern,163.62
Tulare,139.88
Merced,99.07
Colusa,113.02
Kern,12.69
Fresno,129.03
Kern,98.46
Merced,115.4
Kern,122.58
Fresno,135.59
Kern,115.74
Stanislaus,146.06
Fresno,153.17
Fresno,160.14
Fresno,85.86
Butte,102.87
Fresno,177.07
Fresno,145.07
Fresno,9.72
Glenn,121.01
Butte,98.91
Madera,129.81
Butte,10.4
Kern,0.0
Glenn,110.89
Stanislaus,90.49
Fresno,123.2
Kern,151.29
Madera,164.26
Stanislaus,131.01
Fresno,144.5
Merced,139.01
Other,79.2
Madera,122.84
Glenn,123.54
Madera,138.2
Stanislaus,8.92
Colusa,116.67
Butte,115.53
Kern,158.67
San Joaquin,153.58
Fresno,143.21
Merced,118.5
Other,168.2
Merced,106.12
Other,137.91
Fresno,125.96
Other,138.4
Glenn,99.5
Other,103.75
Madera,134.48
Stanislaus,157.02
Other,191.37
Kern,124.29
Fresno,50.62
Fresno,129.52
San Joaquin,113.11
Stanislaus,153.69
San Joaquin,140.69
Other,149.59
Other,162.46
Kern,14.13
Glenn,127.54
Madera,60.83
Fresno,127.01
Kern,0.0
Other,128.4
Other,141.87
Kern,110.25
Other,111.08
Colusa,89.15
Stanislaus,160.95
Tulare,146.53
Stanislaus,120.05
Kern,126.45
Stanislaus,56.4
Fresno,148.55
Fresno,104.9
Stanislaus,138.88
Madera,141.53
Colusa,90.07
Fresno,51.11
Kern,68.67
Tulare,70.07
Butte,81.26
Stanislaus,139.94
Butte,50.41
Butte,7.8
San Joaquin,99.65
Fresno,121.66
Stanislaus,148.63
Kern,135.54
Fresno,103.11
Kern,146.25
Merced,148.22
Madera,49.42
Kern,88.92
Other,112.17
Fresno,101.82
Fresno,123.28
Butte,102.81
Fresno,107.49
Kern,150.39
Colusa,8.85
Merced,140.33
Fresno,116.32
Other,146.02
Kern,138.87
Tulare,165.11
Other,220.28
Tulare,184.81
Kern,13.05
Stanislaus,140.62
Stanislaus,102.21
Kern,141.75
Kern,129.33
Kern,210.78
Fresno,130.65
Colusa,101.44
Madera,118.8
Kern,173.97
Fresno,119.8
Kern,163.98
Merced,143.42
Madera,145.89
Merced,129.1
Butte,145.56
Kern,114.39
Tulare,133.23
Other,140.58
San Joaquin,108.29
Tulare,158.46
Fresno,50.79
Kern,143.37
San Joaquin,99.94
San Joaquin,87.62
Fresno,128.55
Merced,151.32
Merced,137.23
Glenn,0.0
Fresno,120.85
Colusa,136.05
Madera,113.1
Madera,163.63
Merced,145.28
Other,168.1
Colusa,143.14
Butte,0.0
Madera,164.1
Madera,89.42
Butte,116.21
Fresno,135.03
Other,118.7
San Joaquin,148.39
Stanislaus,176.53
Stanislaus,119.52
Colusa,37.49
Tulare,127.01
Glenn,8.99
Stanislaus,132.45
Tulare,10.63
Glenn,48.09
Other,140.58
Stanislaus,157.47
Other,237.2
Fresno,115.18
Glenn,70.66
Other,12.47
Madera,177.25
Glenn,71.4
Fresno,119.88
Fresno,150.9
Merced,121.36
Fresno,135.11
Other,150.88
Stanislaus,123.98
Other,155.73
Glenn,109.89
Other,166.02
Fresno,10.77
Madera,50.53
Glenn,97.04
Other,160.28
Butte,115.66
Kern,146.88
Madera,136.38
Madera,158.4
San Joaquin,0.0
Stanislaus,10.74
Madera,111.2
San Joaquin,0.0
Kern,122.4
Other,128.6
Kern,164.79
Other,122.07
Madera,162.91
Other,174.74
Madera,0.0
Madera,88.94
Kern,174.6
Kern,164.34
Merced,144.27
Butte,115.25
Kern,150.21
Kern,157.23
San Joaquin,125.14
Glenn,141.39
Fresno,139.0
Kern,13.95
Merced,8.98
Kern,0.0
Fresno,148.64
Kern,154.53
Other,183.55
Glenn,133.07
Kern,123.57
Stanislaus,118.39
Stanislaus,85.28
Kern,191.34
Kern,122.67
Stanislaus,127.16
Tulare,160.88
Merced,40.56
Tulare,0.0
Butte,66.01
Madera,157.77
Kern,159.21
Merced,0.0
Madera,125.61
Fresno,92.83
Fresno,89.75
Stanislaus,164.88
Tulare,135.56
Merced,8.98
Merced,95.28
Merced,156.5
San Joaquin,128.81
San Joaquin,111.1
Kern,117.99
San Joaquin,109.37
Madera,107.71
Other,16.73
Madera,92.27
Kern,141.93
San Joaquin,100.44
Madera,122.76
Fresno,62.94
Colusa,107.2
Madera,147.47
Kern,165.78
Kern,0.0
Kern,164.88
Stanislaus,125.42
Colusa,91.61
Fresno,10.45
San Joaquin,137.02
Kern,172.98
Merced,99.69
Other,143.25
Colusa,94.21
Other,133.16
Other,211.76
Butte,123.6
Butte,109.51
Colusa,94.63
Other,173.55
Merced,94.74
Stanislaus,125.34
San Joaquin,63.94
Butte,116.69
Butte,110.74
Fresno,137.29
San Joaquin,9.5
Butte,90.7
Merced,121.98
Stanislaus,141.15
Stanislaus,116.2
Kern,110.43
Madera,0.0
Stanislaus,47.4
Stanislaus,170.48
Stanislaus,0.0
Kern,173.79
Tulare,182.91
Madera,156.26
Stanislaus,92.08
Kern,133.65
Other,194.54
Madera,122.44
San Joaquin,97.7
San Joaquin,7.49
Fresno,97.93
Stanislaus,145.23
Glenn,120.48
Fresno,130.9
Madera,86.64
Stanislaus,127.84
Fresno,133.89
Fresno,129.68
Other,164.93
San Joaquin,97.92
Kern,135.99
Kern,140.49
Fresno,147.01
Glenn,138.46
Fresno,120.53
Other,185.92
Madera,121.97
San Joaquin,8.71
Kern,136.35
Madera,80.07
Butte,75.99
Fresno,0.0
Merced,125.47
San Joaquin,105.98
San Joaquin,120.67
Colusa,100.39
Stanislaus,115.82
Kern,115.11
Tulare,137.38
Stanislaus,109.7
Fresno,96.88
Madera,0.0
San Joaquin,123.12
Merced,84.91
Other,122.17
Glenn,102.76
Fresno,66.42
Fresno,142.07
Merced,8.59
Fresno,121.74
Kern,160.74
Butte,87.28
Merced,109.29
Other,145.63
Madera,100.98
Stanislaus,147.57
Stanislaus,143.79
Merced,129.34
Other,149.19
Madera,130.13
Glenn,0.0
Fresno,148.39
San Joaquin,134.35
Kern,65.25
Stanislaus,75.22
Stanislaus,117.41
Stanislaus,125.27
San Joaquin,149.18
Other,197.21
Fresno,50.3
Fresno,55.89
Stanislaus,118.99
Fresno,167.59
Fresno,128.71
Butte,96.31
Fresno,146.61
Kern,129.24
Fresno,145.48
Other,180.77
Kern,181.44
Stanislaus,94.73
Fresno,0.0
Kern,101.43
Stanislaus,109.17
Other,73.95
Kern,170.55
Merced,119.2
Kern,162.81
Merced,154.72
Colusa,96.74
Colusa,95.19
San Joaquin,107.57
San Joaquin,104.83
Kern,155.34
Merced,56.19
Stanislaus,106.52
Fresno,151.31
Madera,56.39
Colusa,126.85
Glenn,143.26
Merced,130.5
Stanislaus,156.19
Madera,98.37
Fresno,143.45
Fresno,130.73
Stanislaus,151.58
Kern,157.86
Merced,137.85
Fresno,121.82
Stanislaus,175.24
Stanislaus,164.73
Madera,56.39
Other,133.06
Fresno,125.79
Fresno,0.0
Kern,163.44
Madera,167.11
Stanislaus,133.06
Merced,129.03
Kern,132.39
Colusa,104.6
Tulare,171.42
San Joaquin,101.88
Butte,0.0
Madera,8.87
Madera,52.91
Fresno,166.13
Glenn,126.27
Stanislaus,124.74
Fresno,62.45
Kern,142.92
Kern,136.08
Madera,125.69
San Joaquin,129.1
Stanislaus,141.37
Colusa,142.93
Fresno,107.08
Stanislaus,103.27
Other,159.88
Madera,129.02
Fresno,126.93
Tulare,130.46
Other,173.15
Other,117.41
Fresno,162.57
Other,205.52
Stanislaus,50.2
Stanislaus,135.85
San Joaquin,126.58
Madera,92.35
San Joaquin,151.27
Glenn,79.39
Other,0.0
Kern,166.68
Stanislaus,122.47
Other,11.78
Fresno,165.32
Madera,139.55
San Joaquin,98.35
Kern,194.58
Fresno,94.53
Stanislaus,130.79
Tulare,92.62
Other,142.16
Fresno,0.0
Stanislaus,136.0
Kern,138.78
Stanislaus,131.01
Merced,129.64
Other,85.24
San Joaquin,110.66
Colusa,150.65
Fresno,158.11
Tulare,157.68
Stanislaus,0.0
Other,178.6
Fresno,139.32
Fresno,144.1
Merced,117.96
Fresno,52.97
Butte,97.68
Other,117.71
Stanislaus,125.72
Kern,144.27
Kern,147.15
Other,165.82
Fresno,178.36
Glenn,100.1
Butte,125.79
Madera,129.25
Stanislaus,72.95
San Joaquin,47.23
Merced,139.78
Other,167.9
Colusa,121.38
Fresno,103.52
Kern,160.65
Tulare,137.81
Merced,170.82
Kern,154.71
Kern,160.65
Glenn,101.9
San Joaquin,10.22
Merced,112.15
Tulare,0.0
Butte,141.59
Fresno,122.71
Kern,178.74
Stanislaus,125.95
Colusa,96.67
Stanislaus,109.77
Tulare,149.13
Other,177.41
Madera,119.99
Madera,154.6
Fresno,191.48
Kern,68.22
Other,142.76
Madera,158.08
Merced,140.56
Stanislaus,160.88
Kern,102.33
Stanislaus,122.62
Glenn,124.08
Madera,131.31
Madera,128.54
Merced,113.39
Tulare,135.65
Other,153.35
Merced,118.73
Glenn,125.74
Kern,169.74
Fresno,138.1
Fresno,0.0
Kern,60.84
Glenn,90.98
Kern,163.08
Other,122.86
Merced,133.36
Other,147.02
San Joaquin,128.59
Kern,155.43
Madera,97.02
Stanislaus,143.41
Colusa,128.19
Madera,0.0
Butte,112.31
Merced,9.29
Kern,142.47
Butte,122.09
Stanislaus,110.6
Tulare,180.32
San Joaquin,109.44
Merced,91.87
Madera,117.53
Stanislaus,111.96
Butte,102.67
Merced,145.2
Other,125.63
Madera,58.92
San Joaquin,101.59
Stanislaus,100.25
Fresno,154.55
Other,158.2
Tulare,0.0
Other,172.16
Butte,95.69
Butte,111.15
Tulare,152.84
Stanislaus,147.19
San Joaquin,119.95
Madera,106.76
Merced,147.21
Butte,126.54
Stanislaus,138.42
Other,147.31
Kern,154.26
Butte,105.34
Madera,94.72
Madera,94.33
Fresno,133.33
Kern,135.9
Fresno,136.4
Butte,103.83
Merced,106.42
Fresno,114.94
Fresno,89.59
Merced,106.97
Butte,97.88
Tulare,154.31
Fresno,116.88
Other,147.02
Fresno,121.66
Fresno,164.43
Other,0.0
Stanislaus,159.36
Stanislaus,106.52
Kern,121.23
Other,156.02
Fresno,163.62
Fresno,0.0
Kern,133.02
Stanislaus,110.3
Kern,182.34
Butte,137.69
Butte,90.63
Kern,100.35
Merced,130.19
Fresno,96.96
Madera,116.98
Butte,123.39
Merced,54.49
Tulare,114.22
San Joaquin,64.66
San Joaquin,93.38
Fresno,136.57
Madera,127.91
San Joaquin,89.06
Colusa,7.72
Stanislaus,113.93
Stanislaus,97.07
Stanislaus,154.9
Other,153.05
Stanislaus,114.61
Fresno,106.19
Butte,139.13
Tulare,176.17
Other,123.16
Madera,10.45
Kern,157.05
Merced,141.64
Kern,198.36
Fresno,111.46
Madera,117.3
Stanislaus,127.54
Fresno,136.08
Stanislaus,113.78
Kern,166.77
Tulare,128.48
Glenn,122.81
Merced,127.71
Madera,142.64
Fresno,121.42
Other,152.26
Other,14.26
Stanislaus,115.29
Butte,109.92
Madera,128.07
Stanislaus,61.92
Stanislaus,141.83
Stanislaus,99.34
Fresno,141.51
Stanislaus,0.0
Colusa,124.11
Stanislaus,144.62
Kern,145.35
Madera,126.72
Other,0.0
Stanislaus,117.86
Stanislaus,121.87
Butte,71.89
Stanislaus,125.04
Other,135.23
Kern,149.94
Merced,127.63
San Joaquin,115.13
Madera,140.1
Kern,148.68
Kern,137.97
Colusa,104.74
Other,152.26
Fresno,138.35
Madera,57.82
Fresno,123.28
Tulare,147.14
Kern,177.75
Tulare,180.58
Madera,148.9
Other,174.24
Kern,183.42
Colusa,105.72
Other,197.5
Other,212.65
Fresno,145.39
Merced,104.72
Butte,9.23
Merced,92.03
Other,145.04
Other,226.81
Glenn,84.38
Merced,114.16
Merced,58.82
Kern,126.99
San Joaquin,109.22
Madera,153.96
Kern,162.27
Other,147.81
Stanislaus,133.21
Kern,159.3
Kern,116.37
Kern,158.85
Kern,134.91
Stanislaus,115.97
Butte,121.96
Fresno,11.66
Madera,114.84
Kern,59.04
Other,197.21
Tulare,187.66
Kern,11.34
Fresno,125.31
Fresno,121.66
Madera,100.66
Stanislaus,141.45
Madera,130.44
Fresno,146.77
Merced,150.78
Kern,140.04
Stanislaus,114.38
Kern,181.53
Tulare,126.66
Stanislaus,0.0
Tulare,169.95
Merced,119.35
Kern,168.57
Merced,117.11
Madera,155.55
Madera,123.24
Madera,151.91
Other,195.03
Kern,143.1
Fresno,111.05
Butte,125.04
Merced,66.49
Merced,127.4
Madera,125.29
Fresno,10.77
Butte,150.14
Stanislaus,0.0
Kern,117.0
Stanislaus,130.86
Tulare,139.36
Other,161.07
Merced,149.92
Tulare,108.95
Other,136.52
Fresno,160.78
Fresno,11.66
Merced,114.94
Fresno,127.09
San Joaquin,95.98
Merced,118.19
Merced,11.53
Fresno,141.75
Fresno,132.68
Merced,121.9
Merced,126.94
Madera,86.8
Other,0.0
Other,201.56
Merced,124.3
Stanislaus,112.64
Kern,127.26
Tulare,165.46
Fresno,116.48
Merced,0.0
Kern,134.91
Butte,95.9
Colusa,110.99
Stanislaus,173.73
Stanislaus,134.95
Kern,172.71
Stanislaus,107.58
Kern,173.7
San Joaquin,69.26
Tulare,123.03
Tulare,123.03
Butte,113.0
Madera,105.42
Glenn,38.36
Merced,138.31
Madera,65.66
Other,188.0
Fresno,131.87
Other,10.49
Tulare,163.56
Stanislaus,75.0
Merced,7.74
Fresno,115.59
Glenn,79.92
San Joaquin,129.67
Stanislaus,120.51
Other,139.29
Tulare,140.23
Merced,130.42
Butte,110.81
Kern,121.32
Kern,134.1
Kern,160.65
Merced,136.61
Colusa,11.44
Fresno,103.19
Madera,92.03
Merced,119.58
Glenn,118.15
Other,144.94
Butte,92.61
Kern,132.03
Fresno,121.18
San Joaquin,9.5
San Joaquin,134.21
San Joaquin,160.85
Kern,142.29
Other,177.41
Kern,179.55
Madera,126.32
Merced,128.72
Other,144.14
Other,119.49
Other,135.83
Stanislaus,175.24
Merced,65.4
San Joaquin,122.83
Merced,147.06
Kern,149.94
Kern,162.09
Fresno,134.95
Kern,184.5
Fresno,0.0
Merced,133.44
Kern,169.74
Fresno,9.32
Other,184.34
Merced,125.08
Madera,87.67
Kern,141.66
Glenn,0.0
Fresno,117.04
Tulare,109.04
Madera,138.6
Stanislaus,117.18
Stanislaus,136.91
Tulare,153.96
Madera,159.67
Kern,171.18
Madera,134.4
Madera,128.07
Stanislaus,109.7
Madera,126.32
Fresno,126.93
Merced,9.83
Other,188.6
San Joaquin,59.33
Colusa,0.0
Stanislaus,10.28
Merced,140.25
Fresno,137.29
Kern,157.41
Fresno,148.55
Other,134.84
Madera,137.49
Kern,62.28
San Joaquin,115.2
Kern,165.96
Madera,59.95
Tulare,53.74
Merced,142.03
Kern,176.13
Butte,103.56
Merced,161.69
Kern,137.25
Other,123.95
Merced,102.09
Madera,142.8
Kern,180.99
Madera,117.22
Fresno,0.0
Fresno,162.97
Other,198.1
Stanislaus,116.5
Tulare,127.44
Madera,151.67
Merced,121.21
Tulare,146.79
Merced,80.26
Other,154.84
Tulare,168.57
Merced,0.0
Madera,137.02
Glenn,116.95
Glenn,112.22
Butte,98.22
Madera,80.47
Merced,109.6
Fresno,157.14
Kern,159.57
Fresno,148.72
Madera,107.71
Fresno,148.23
Fresno,0.0
Butte,115.39
Stanislaus,107.88
Fresno,9.4
San Joaquin,150.41
Merced,126.08
Stanislaus,0.0
Stanislaus,128.97
Butte,64.71
Merced,93.65
Other,122.07
Fresno,145.07
Stanislaus,131.17
Colusa,44.93
Stanislaus,105.69
Colusa,111.27
Butte,126.68
Tulare,152.93
Stanislaus,132.68
Madera,116.03
Kern,124.38
Stanislaus,132.22
Kern,111.87
Fresno,130.98
Butte,146.51
Kern,117.0
Fresno,110.24
Fresno,130.33
Other,192.85
Merced,93.96
Colusa,106.49
Other,132.46
Other,144.94
Kern,170.01
Madera,149.21
Butte,109.78
Butte,66.96
Other,14.75
Fresno,80.43
Tulare,136.6
Fresno,75.9
San Joaquin,126.07
Butte,101.44
Kern,164.61
Other,159.98
San Joaquin,115.99
Colusa,139.28
Fresno,122.88
Stanislaus,0.0
Stanislaus,47.02
Madera,134.56
San Joaquin,121.97
Fresno,152.85
San Joaquin,110.81
Stanislaus,133.06
Stanislaus,164.51
Fresno,134.7
Butte,81.87
Madera,117.93
Other,153.15
Kern,147.6
Kern,175.95
Madera,165.13
Fresno,157.06
Butte,141.18
Merced,160.37
Fresno,132.92
Kern,143.55
Kern,162.99
Tulare,168.48
Butte,99.73
San Joaquin,51.55
Fresno,128.87
Stanislaus,124.06
San Joaquin,130.68
Kern,173.34
Kern,166.77
Kern,170.01
Stanislaus,58.44
Madera,126.01
Tulare,0.0
Fresno,152.12
Kern,78.93
Kern,167.4
Other,0.0
Madera,104.31
Merced,136.92
Kern,140.85
San Joaquin,110.59
Kern,118.8
Stanislaus,139.33
Merced,142.11
Merced,124.69
Stanislaus,92.76
Kern,114.12
Fresno,154.22
Butte,116.83
Madera,143.19
Colusa,98.07
Fresno,117.29
Stanislaus,127.23
Stanislaus,124.51
Other,133.95
Madera,142.08
Kern,0.0
Kern,172.89
Fresno,144.99
Glenn,114.35
Butte,123.12
Butte,55.61
Merced,121.44
Madera,104.7
San Joaquin,0.0
Kern,111.69
Stanislaus,76.2
Other,12.28
Stanislaus,0.0
Other,191.86
Kern,177.66
Other,185.92
Fresno,144.67
Butte,154.72
Butte,8.82
Butte,75.51
Kern,117.45
Colusa,154.65
Fresno,141.91
Kern,0.0
Stanislaus,134.57
Butte,112.11
Colusa,62.13
Merced,125.23
Madera,153.49
Kern,158.67
Fresno,8.5
Merced,149.61
Other,178.99
Stanislaus,112.64
Madera,163.23
Merced,57.59
Fresno,157.63
Other,194.54
San Joaquin,144.94
Fresno,146.93
Fresno,140.05
Kern,151.2
Tulare,139.02
Other,136.62
Kern,190.8
Stanislaus,109.39
Madera,158.48
Fresno,93.15
Stanislaus,77.94
Stanislaus,154.6
Kern,98.55
San Joaquin,131.04
Madera,122.36
Kern,132.75
San Joaquin,137.16
Kern,125.46
Merced,108.75
Kern,128.16
Madera,113.73
Other,183.64
Kern,66.6
Merced,49.85
Other,205.82
Fresno,60.34
Kern,55.53
Fresno,128.95
Kern,175.86
Merced,88.31
Stanislaus,144.17
Tulare,161.83
Kern,120.33
San Joaquin,141.7
Colusa,114.0
Madera,159.67
Fresno,123.2
Stanislaus,134.11
Fresno,140.45
San Joaquin,140.76
Other,160.38
Kern,132.93
Other,146.62
Butte,88.44
Kern,11.43
Fresno,98.9
Merced,92.65
Madera,140.74
Fresno,76.71
Fresno,131.46
Colusa,110.64
Colusa,101.79
Other,162.66
Fresno,179.5
Butte,82.29
Butte,107.94
Madera,168.06
Butte,106.77
Merced,139.47
Kern,161.55
Fresno,138.43
Stanislaus,139.48
Stanislaus,0.0
Tulare,154.14
Other,212.26
Stanislaus,93.52
Madera,131.87
San Joaquin,83.59
Fresno,108.05
Stanislaus,123.23
Tulare,130.12
Tulare,123.98
Other,126.13
Butte,91.79
San Joaquin,104.62
Kern,152.82
Fresno,92.26
Other,114.34
Merced,135.6
Other,159.49
Fresno,132.35
Butte,0.0
Colusa,0.0
Other,69.4
Other,188.69
Stanislaus,63.73
Kern,170.37
Kern,135.63
Madera,135.99
Madera,117.61
Stanislaus,159.14
Madera,154.92
Other,111.67
Kern,151.2
Kern,158.94
Merced,0.0
Butte,110.67
Kern,176.31
Stanislaus,111.43
Fresno,109.35
Butte,0.0
Kern,111.6
Tulare,150.77
San Joaquin,151.56
San Joaquin,133.99
Stanislaus,132.45
Stanislaus,121.49
Stanislaus,0.0
Kern,182.79
Tulare,159.67
Colusa,139.7
Colusa,104.18
Stanislaus,141.22
Other,161.17
Kern,115.02
Kern,135.81
Madera,123.63
Colusa,67.39
Kern,132.84
Stanislaus,100.77
San Joaquin,125.71
Kern,152.64
Butte,39.26
San Joaquin,96.62
Tulare,145.5
Kern,0.0
Kern,133.92
Madera,137.89
Merced,8.98
Stanislaus,128.6
Stanislaus,160.42
Merced,56.81
Merced,120.59
Kern,155.43
Fresno,107.32
Merced,163.16
Merced,114.86
San Joaquin,118.51
Kern,131.94
Kern,173.25
San Joaquin,162.29
Kern,177.75
Stanislaus,125.42
Merced,132.97
Tulare,125.88
San Joaquin,125.78
Butte,98.29
Fresno,132.19
Butte,97.13
Other,13.76
Kern,55.08
Madera,144.38
Madera,143.19
Madera,114.44
Fresno,148.31
Kern,160.11
Fresno,66.58
Fresno,11.5
Fresno,119.96
Kern,11.25
Kern,162.36
Fresno,192.46
Merced,163.62
Stanislaus,165.19
Kern,123.48
Merced,93.65
Other,132.86
Fresno,96.63
Kern,196.92
Madera,142.72
Butte,10.53
San Joaquin,0.0
Merced,137.0
Madera,128.78
Merced,130.57
Kern,57.15
Madera,150.96
Tulare,63.76
Stanislaus,52.09
Fresno,102.55
Kern,115.02
Madera,122.21
Kern,165.06
Merced,128.87
Merced,141.95
Other,175.33
Fresno,126.12
Glenn,126.74
Glenn,107.43
Merced,105.19
Fresno,47.14
Stanislaus,153.24
Kern,133.29
Other,162.36
Kern,189.54
San Joaquin,105.77
Butte,109.71
Butte,142.07
Merced,153.48
Glenn,97.9
Kern,133.56
Stanislaus,122.55
Kern,156.24
Kern,149.04
Tulare,66.44
Stanislaus,133.74
Glenn,111.56
Fresno,62.78
Butte,104.1
Other,126.13
Glenn,108.36
Stanislaus,147.27
Stanislaus,77.04
Stanislaus,142.73
Madera,139.87
Stanislaus,115.89
Kern,185.31
Fresno,117.94
San Joaquin,110.74
Madera,123.71
Madera,144.78
Stanislaus,146.06
Fresno,136.65
San Joaquin,122.54
Kern,153.9
Tulare,94.69
Kern,141.03
Fresno,129.36
Merced,169.89
Fresno,151.79
Colusa,90.42
Merced,110.91
Kern,191.43
Stanislaus,137.21
Glenn,99.5
Merced,144.2
Fresno,146.69
Merced,139.78
Stanislaus,112.49
Madera,126.96
Kern,125.82
Fresno,138.35
Kern,117.9
Stanislaus,147.42
Madera,131.08
Other,0.0
Tulare,66.7
Stanislaus,145.08
Stanislaus,118.39
Colusa,117.87
Fresno,119.07
Madera,9.03
Madera,129.25
Kern,130.23
Fresno,128.79
Fresno,133.97
Madera,156.26
Madera,105.89
Tulare,79.75
Other,78.21
Butte,96.31
Other,157.9
Kern,129.42
Kern,126.63
Tulare,144.03
Kern,121.68
Other,0.0
Stanislaus,141.52
Madera,0.0
Kern,155.79
Stanislaus,115.74
Stanislaus,0.0
Madera,103.36
Other,175.92
Madera,129.81
Stanislaus,148.1
Other,185.23
Butte,104.65
Fresno,145.88
Fresno,118.83
Other,202.85
Other,139.29
Colusa,94.77
Other,152.76
Fresno,148.07
Kern,140.4
Madera,0.0
Other,189.58
Kern,140.04
Kern,129.6
Fresno,131.71
Kern,141.66
Merced,153.41
Madera,147.71
Other,10.4
Fresno,144.58
Tulare,159.32
Kern,176.67
Stanislaus,9.45
San Joaquin,64.15
Other,141.77
Stanislaus,55.26
Fresno,144.02
Kern,173.61
Glenn,135.53
Fresno,140.78
Madera,114.6
San Joaquin,68.04
Stanislaus,130.94
Tulare,106.1
Fresno,133.65
Fresno,9.4
Madera,135.27
Madera,109.53
Other,73.66
Other,55.64
Butte,138.99
Fresno,117.04
San Joaquin,97.27
Butte,87.76
Kern,155.07
Madera,155.15
Madera,153.25
Tulare,164.59
Other,177.61
Fresno,112.35
Madera,118.17
Kern,154.26
Glenn,123.08
Butte,114.91
Other,173.15
Stanislaus,118.77
Tulare,145.58
Butte,143.78
Tulare,138.76
Kern,11.34
Other,130.88
Fresno,155.2
Fresno,62.13
Merced,143.58
Fresno,143.45
Other,168.8
Madera,116.27
Merced,138.78
Madera,9.82
Fresno,136.81
San Joaquin,141.05
Madera,108.9
Merced,107.97
Stanislaus,68.12
Madera,147.71
Fresno,107.89
Butte,139.19
Kern,153.0
Fresno,137.21
Merced,155.96
Tulare,133.14
Fresno,110.0
Other,125.63
Kern,112.23
Stanislaus,97.3
Kern,0.0
Tulare,171.16
Merced,0.0
Merced,126.24
Madera,151.43
Fresno,118.83
Madera,156.42
Colusa,104.39
Colusa,116.74
Stanislaus,11.19
Fresno,150.9
Madera,79.6
Merced,117.88
Madera,110.48
Stanislaus,99.94
Other,174.04
Butte,132.08
Stanislaus,126.48
Kern,144.45
Madera,112.15
Fresno,123.85
Fresno,12.15
Kern,142.11
Tulare,144.81
Kern,162.27
Colusa,146.3
Colusa,141.24
Other,79.99
Other,179.39
Kern,184.5
Other,0.0
Fresno,111.38
Butte,84.75
Stanislaus,116.65
Colusa,150.79
Fresno,120.69
Other,158.3
Colusa,126.64
Madera,12.99
Other,149.29
Kern,12.24
Stanislaus,125.95
Other,144.84
Other,202.55
Madera,165.13
Stanislaus,164.81
Fresno,123.12
Merced,143.65
Stanislaus,147.72
Fresno,48.76
Madera,159.67
Merced,102.17
Stanislaus,134.34
Other,12.67
Other,11.29
Butte,140.63
Other,150.28
Glenn,84.58
Kern,153.45
Fresno,51.6
Kern,132.57
Other,160.08
Merced,139.17
Merced,143.81
Butte,116.42
Other,181.66
Kern,135.99
Colusa,129.31
Kern,183.51
Fresno,97.44
Butte,113.75
Other,127.12
Fresno,164.11
Colusa,0.0
Tulare,9.24
Merced,124.38
Fresno,120.61
Glenn,119.35
Fresno,148.55
Merced,152.94
Fresno,165.97
Stanislaus,0.0
Butte,148.5
Madera,85.54
Madera,124.26
Butte,99.18
San Joaquin,117.79
Stanislaus,111.66
Tulare,151.46
Fresno,137.05
Butte,56.84
Butte,82.63
Madera,125.22
Fresno,114.53
Merced,156.27
Other,195.13
Kern,133.38
Butte,138.65
Stanislaus,168.51
Stanislaus,114.16
Stanislaus,102.89
San Joaquin,111.17
Kern,179.82
Fresno,121.74
Kern,162.63
Merced,111.38
Madera,141.77
Madera,45.62
Other,152.26
Other,156.42
Kern,144.81
Fresno,135.19
Stanislaus,125.27
Other,148.5
Fresno,128.87
Merced,141.33
Madera,98.76
Madera,95.36
Kern,135.0
Fresno,89.42
Kern,164.34
Madera,111.51
Merced,63.08
Butte,75.51
Other,153.94
Fresno,175.61
Stanislaus,114.69
Other,198.99
Madera,119.91
Other,210.47
Madera,155.39
Madera,127.83
Fresno,81.73
Butte,81.12
Colusa,108.81
Colusa,0.0
Stanislaus,113.85
Other,125.14
San Joaquin,58.54
Other,128.8
Madera,105.34
Madera,110.88
Glenn,109.49
Other,211.17
Merced,139.47
Other,175.03
Colusa,92.73
Butte,10.12
Kern,180.99
Other,130.68
Madera,116.19
Kern,49.95
Kern,153.72
Fresno,129.11
Stanislaus,120.88
Other,186.71
Kern,112.95
Stanislaus,125.27
Stanislaus,0.0
Colusa,124.68
Fresno,114.13
Kern,11.16
Other,141.07
Other,118.5
Kern,145.08
Kern,138.6
Colusa,85.64
Kern,168.21
Kern,147.78
Merced,90.94
Glenn,111.69
Madera,158.32
Merced,0.0
Madera,167.35
Other,131.47
Other,10.4
Stanislaus,157.93
Kern,43.65
Kern,58.77
Kern,117.99
Other,145.93
Kern,0.0
Stanislaus,119.6
Butte,85.71
San Joaquin,83.95
Fresno,112.43
Fresno,150.26
Fresno,147.91
Other,151.47
Madera,157.37
Fresno,62.61
Merced,10.22
Merced,150.47
Kern,70.56
Kern,109.71
Butte,126.4
Other,169.09
Other,138.8
Kern,143.19
Fresno,135.76
Madera,153.09
Fresno,123.61
Colusa,114.57
Kern,116.64
Other,14.75
Fresno,209.14
Kern,166.77
Other,167.01
Colusa,131.27
Other,141.97
Kern,162.0
San Joaquin,102.31
Other,142.76
Stanislaus,98.36
Glenn,121.08
Merced,122.29
Merced,107.97
Madera,125.93
Other,193.74
Fresno,106.6
Kern,175.77
Butte,7.46
Fresno,134.3
Merced,89.16
Other,169.59
Stanislaus,83.61
Glenn,99.5
Fresno,130.49
Butte,119.15
Kern,141.21
Other,0.0
Madera,112.31
Glenn,130.27
Madera,147.23
Stanislaus,115.89
Merced,87.15
Kern,184.14
Other,202.65
Kern,130.32
Merced,149.85
Merced,152.09
Butte,101.3
Fresno,127.9
Stanislaus,134.87
Colusa,131.98
Fresno,161.11
Tulare,154.22
Stanislaus,119.22
Kern,157.59
Merced,123.76
Merced,120.51
Madera,115.87
Madera,139.79
Fresno,119.8
Other,144.44
Fresno,134.62
Other,109.59
Merced,169.35
Merced,66.02
Butte,115.39
Merced,150.93
Fresno,122.71
Butte,111.22
Butte,112.31
Merced,128.95
Butte,115.46
Kern,11.34
Other,178.1
Fresno,144.26
Stanislaus,92.23
Kern,159.66
Merced,118.27
Butte,129.07
Kern,177.21
Butte,107.66
Kern,10.53
Other,125.43
Fresno,112.35
Kern,134.28
San Joaquin,0.0
Merced,80.88
Merced,147.6
Madera,111.67
Fresno,190.19
Kern,76.05
Colusa,90.77
Kern,139.86
Colusa,6.6
Madera,0.0
Merced,141.56
Butte,104.99
Tulare,118.54
Kern,174.15
Fresno,124.25
Glenn,152.38
Fresno,184.28
Fresno,150.17
Glenn,49.22
Other,204.83
Madera,89.1
Fresno,161.76
Stanislaus,112.19
Kern,66.87
Other,144.34
Kern,12.06
Colusa,110.14
Stanislaus,104.93
Merced,9.37
Merced,145.98
Kern,12.87
San Joaquin,96.84
Butte,159.85
Merced,165.48
Fresno,98.74
Kern,159.03
Stanislaus,102.44
Madera,107.95
Merced,9.91
Fresno,151.88
Stanislaus,102.21
Colusa,103.76
Fresno,158.6
Kern,146.07
Madera,146.6
San Joaquin,112.61
Colusa,0.0
Tulare,152.24
Stanislaus,152.71
Merced,0.0
Stanislaus,0.0
Madera,131.47
Tulare,166.41
Fresno,141.34
Fresno,13.45
Merced,55.81
Kern,173.88
Fresno,129.6
Fresno,114.45
San Joaquin,9.14
Fresno,160.78
Butte,97.74
Kern,0.0
Kern,165.51
Other,143.85
Butte,118.81
Other,205.92
Madera,132.18
Glenn,134.2
Kern,111.15
Merced,0.0
Madera,102.01
Kern,154.17
Madera,111.12
Other,128.3
Madera,94.49
Kern,162.0
San Joaquin,126.79
Stanislaus,121.94
Colusa,81.92
Madera,110.33
Tulare,139.45
Butte,99.59
Fresno,58.81
Other,170.38
Madera,51.96
Glenn,124.94
San Joaquin,129.46
San Joaquin,81.94
Fresno,110.97
Fresno,148.07
Stanislaus,126.55
Fresno,126.52
Butte,141.66
Madera,114.21
Colusa,126.5
Kern,163.08
Tulare,109.73
Tulare,130.98
Merced,126.7
Merced,99.54
Fresno,141.67
Glenn,129.34
Butte,113.07
Tulare,118.11
Madera,144.46
Stanislaus,149.99
Madera,154.6
Other,11.88
Stanislaus,125.57
Stanislaus,109.85
Madera,12.36
Other,198.79
Fresno,99.47
Fresno,114.78
Other,135.23
Fresno,150.74
Madera,129.1
Other,188.79
Madera,140.9
Fresno,125.39
Butte,103.35
Other,183.84
Kern,162.9
Stanislaus,121.64
Fresno,144.99
Kern,150.48
San Joaquin,10.37
Madera,85.93
Fresno,115.75
Madera,171.63
Kern,0.0
Stanislaus,124.97
Fresno,74.92
Butte,84.68
Merced,123.45
Butte,140.84
Butte,86.32
Butte,95.28
Fresno,130.82
Kern,153.09
Merced,109.75
Glenn,9.32
Glenn,85.45
Butte,113.89
Stanislaus,0.0
Merced,151.08
Merced,173.53
Colusa,119.06
Stanislaus,119.75
Merced,138.93
Other,144.04
Glenn,135.06
Fresno,128.79
Merced,145.05
Other,119.89
Glenn,108.22
Kern,155.7
San Joaquin,124.49
Colusa,142.3
Butte,106.57
Butte,146.65
Merced,134.99
Stanislaus,151.73
Kern,0.0
Fresno,115.67
Fresno,12.07
Madera,118.17
Kern,128.43
Other,154.24
Fresno,108.05
Fresno,139.81
San Joaquin,0.0
Merced,128.33
Glenn,44.69
Other,157.51
San Joaquin,82.58
Glenn,96.64
Stanislaus,111.59
Fresno,160.06
Fresno,125.71
Madera,129.97
Other,58.51
Fresno,150.66
Fresno,116.32
Fresno,137.7
Madera,110.8
San Joaquin,7.92
Fresno,120.12
Fresno,119.15
Colusa,111.13
Fresno,114.78
Glenn,93.77
Stanislaus,149.69
Fresno,164.67
Merced,145.2
Kern,151.02
Colusa,0.0
Madera,148.18
Stanislaus,0.0
Kern,153.81
Kern,12.69
Merced,123.14
Merced,114.94
Stanislaus,116.2
Madera,112.23
Other,151.77
Fresno,11.34
Stanislaus,0.0
Stanislaus,120.43
Other,0.0
Other,145.33
San Joaquin,134.64
Stanislaus,104.18
Tulare,12.7
Fresno,144.1
Colusa,126.29
San Joaquin,159.7
Kern,61.11
Merced,115.02
Other,69.7
Madera,130.2
San Joaquin,101.66
Kern,146.25
Kern,141.57
Merced,162.23
Merced,114.63
San Joaquin,89.93
Colusa,143.56
Stanislaus,116.2
Stanislaus,137.06
Glenn,100.83
Tulare,159.58
San Joaquin,131.26
San Joaquin,146.45
Other,138.1
Other,198.2
Kern,163.53
Fresno,7.69
Kern,156.06
Merced,126.86
Kern,136.71
Stanislaus,0.0
Butte,112.18
Stanislaus,113.4
Kern,142.2
Madera,102.33
Kern,149.49
Other,134.64
Colusa,0.0
Kern,148.05
Fresno,117.85
Stanislaus,113.02
Fresno,132.68
Madera,125.85
Fresno,170.42
Fresno,12.56
Merced,119.51
Madera,60.35
Merced,99.46
Merced,88.62
Colusa,101.37
Kern,156.15
Tulare,118.63
Merced,88.7
Butte,101.3
Stanislaus,109.09
Other,100.19
Kern,151.74
Fresno,0.0
Madera,122.36
Madera,120.23
Tulare,113.1
Madera,120.54
Fresno,170.26
Merced,147.6
Kern,156.42
Fresno,115.1
Fresno,167.83
Madera,0.0
Merced,129.41
Fresno,126.6
San Joaquin,0.0
Glenn,0.0
Merced,124.54
Kern,139.86
Other,194.44
Madera,126.17
Merced,128.87
Madera,147.15
Other,199.48
San Joaquin,102.96
Merced,111.84
Stanislaus,0.0
Other,158.1
Stanislaus,139.71
Madera,10.77
Fresno,104.98
Glenn,89.64
Tulare,165.2
San Joaquin,138.82
Butte,123.05
Stanislaus,140.09
Glenn,66.2
Merced,128.87
Kern,169.47
Other,136.32
Fresno,125.14
Stanislaus,58.36
Stanislaus,91.7
Fresno,120.04
Kern,103.86
Merced,87.0
Stanislaus,113.02
Tulare,128.39
Glenn,110.96
Kern,144.09
Stanislaus,104.93
San Joaquin,8.86
Other,137.51
Fresno,154.95
Madera,103.67
Merced,133.36
Madera,101.69
Madera,165.77
Merced,118.5
Butte,133.11
Butte,123.26
Other,184.73
Merced,0.0
Fresno,137.94
Madera,147.07
Madera,117.85
Madera,128.22
Glenn,109.56
Fresno,146.12
Kern,177.93
Other,0.0
Glenn,104.43
Fresno,129.44
Fresno,54.92
Kern,171.09
Butte,69.43
Fresno,150.42
Kern,161.73
Kern,120.87
Glenn,111.29
Fresno,112.91
Merced,126.55
Madera,106.6
Merced,132.2
Tulare,140.66
Madera,149.37
Stanislaus,128.75
Butte,135.3
Butte,118.33
Fresno,103.76
Glenn,124.94
Tulare,63.59
Fresno,12.47
Fresno,158.35
Stanislaus,110.68
Butte,115.12
Kern,173.43
Stanislaus,12.7
Fresno,89.34
Butte,100.07
Tulare,0.0
Kern,149.13
Butte,130.85
Stanislaus,114.08
Kern,138.78
Colusa,111.48
Glenn,111.42
San Joaquin,77.4
Stanislaus,103.5
Madera,130.92
Merced,113.62
Kern,140.04
Fresno,131.3
Madera,135.99
Kern,148.32
Other,0.0
Fresno,100.12
Merced,0.0
Merced,76.7
Other,161.67
Other,176.52
Stanislaus,152.49
Merced,115.17
Tulare,13.56
Butte,95.69
Madera,136.7
Other,146.02
Tulare,122.52
Madera,137.25
Kern,155.88
Fresno,78.89
Colusa,147.98
Fresno,124.42
Stanislaus,147.8
Fresno,119.31
Butte,127.98
Kern,140.58
Butte,75.1
Madera,125.85
Fresno,52.89
Butte,118.13
Fresno,155.36
Kern,195.57
Kern,136.35
Colusa,86.35
Tulare,99.19
Colusa,124.75
Fresno,151.47
Tulare,172.8
Other,163.35
Fresno,130.73
San Joaquin,138.02
Butte,101.57
Butte,153.83
Butte,123.26
San Joaquin,129.74
Kern,140.22
Kern,128.88
Fresno,133.81
Fresno,95.98
Butte,120.25
Merced,147.91
Fresno,173.74
Madera,159.35
Fresno,134.78
Butte,117.99
Butte,108.82
Other,144.24
Kern,156.24
Kern,146.97
Madera,102.17
Fresno,156.09
Butte,108.21
Tulare,170.29
Butte,51.37
Kern,113.85
Kern,153.54
Other,110.88
Glenn,126.34
Madera,153.81
Other,143.95
Madera,112.07
Merced,98.92
San Joaquin,118.08
Kern,138.69
Madera,60.19
Tulare,142.56
Tulare,147.05
Fresno,120.2
Kern,160.56
Merced,114.78
Madera,97.65
Madera,132.9
Other,180.18
Fresno,128.06
Fresno,160.87
Fresno,133.0
Other,71.18
Stanislaus,105.99
Fresno,157.46
Kern,154.35
Stanislaus,134.95
Fresno,74.68
Fresno,113.97
Glenn,115.35
Stanislaus,137.06
Fresno,121.58
Other,203.05
Fresno,86.35
Merced,154.26
Kern,151.47
Colusa,142.86
Kern,10.71
Butte,116.76
Kern,139.32
Glenn,119.68
Stanislaus,103.19
Fresno,114.62
Fresno,140.94
Merced,130.26
San Joaquin,137.59
Stanislaus,111.96
Butte,8.96
Other,151.77
Other,131.27
Fresno,87.24
Stanislaus,101.15
Butte,118.47
Stanislaus,143.41
Fresno,141.99
Merced,159.13
Merced,130.03
Madera,117.69
Fresno,182.01
Madera,123.24
Stanislaus,93.9
Stanislaus,120.43
Fresno,118.5
Butte,118.13
Stanislaus,117.94
Other,138.4
Tulare,137.64
Madera,85.77
Kern,140.22
Other,146.22
Madera,0.0
Kern,160.65
Madera,99.0
San Joaquin,112.18
Madera,123.39
Madera,54.01
Madera,161.88
Butte,96.24
Other,186.71
Madera,104.78
Other,167.51
Glenn,102.03
San Joaquin,129.67
Merced,123.45
Other,120.28
Madera,108.98
Madera,140.18
Stanislaus,115.74
Other,164.24
Other,0.0
Kern,93.24
Madera,102.33
Kern,103.77
Fresno,113.97
Madera,139.23
San Joaquin,118.58
Fresno,133.24
Kern,95.85
Kern,156.96
Stanislaus,105.31
Madera,121.41
Tulare,12.96
Stanislaus,119.07
Tulare,0.0
Stanislaus,144.4
Stanislaus,127.61
Fresno,155.2
Kern,124.02
Fresno,63.34
Glenn,124.14
Kern,132.66
Other,190.48
Kern,0.0
Fresno,111.29
Glenn,46.55
Butte,113.68
Stanislaus,133.43
Glenn,123.68
Butte,144.32
Stanislaus,106.37
Stanislaus,131.17
Merced,90.79
Kern,139.23
Kern,147.87
Butte,133.72
San Joaquin,117.14
Merced,56.89
Fresno,170.67
Madera,110.8
Stanislaus,163.37
Other,143.25
Madera,140.03
Madera,139.47
Fresno,146.61
Fresno,136.73
Glenn,86.58
Merced,146.36
Fresno,161.6
Other,153.05
Merced,49.3
Fresno,120.69
Stanislaus,134.04
Fresno,101.41
Merced,153.48
Fresno,120.37
San Joaquin,120.46
Fresno,89.18
Madera,139.71
Fresno,120.04
Colusa,125.87
Merced,160.91
Merced,0.0
Other,133.25
Merced,141.02
Other,80.68
Other,156.42
Kern,156.6
Colusa,104.18
Kern,144.36
Glenn,98.43
Butte,104.45
Colusa,121.24
Stanislaus,119.52
Fresno,143.05
Madera,156.34
Kern,134.64
Stanislaus,108.94
Fresno,107.41
Fresno,105.3
Kern,156.42
Kern,163.98
Tulare,145.76
Tulare,0.0
Glenn,112.02
Kern,132.03
Butte,124.83
Stanislaus,110.3
Merced,101.86
Fresno,119.8
Fresno,140.29
Kern,134.73
Madera,155.07
Tulare,150.34
Fresno,122.39
Colusa,100.32
Kern,126.45
Kern,106.11
Kern,124.92
San Joaquin,104.62
Stanislaus,107.2
Tulare,153.19
Stanislaus,77.11
San Joaquin,112.97
Colusa,97.72
Kern,127.35
Kern,193.5
Stanislaus,89.59
Other,128.7
Merced,8.75
Kern,140.13
Merced,127.17
Glenn,80.79
Kern,155.7
Other,192.26
Tulare,154.05
Fresno,143.21
Fresno,153.25
Stanislaus,127.92
Fresno,118.42
Fresno,115.34
Kern,179.82
Madera,108.82
Fresno,138.51
Kern,145.08
Other,172.56
Fresno,121.42
Other,165.73
Fresno,176.98
Tulare,115.26
Madera,169.09
Kern,145.71
Kern,164.16
Fresno,164.51
Madera,11.01
Butte,131.53
Butte,120.93
Stanislaus,99.64
Madera,138.44
Stanislaus,127.08
Butte,115.87
San Joaquin,70.99
Stanislaus,10.66
Merced,69.43
Stanislaus,110.07
Stanislaus,89.74
Kern,124.74
Merced,80.57
Madera,84.59
Kern,170.19
Other,191.86
Other,130.98
Tulare,185.93
Other,176.32
Butte,97.54
Merced,113.55
Madera,138.36
Stanislaus,0.0
Kern,10.98
San Joaquin,9.0
Tulare,134.87
Tulare,67.74
Madera,131.95
Kern,0.0
Stanislaus,156.42
Merced,119.27
Other,127.31
Madera,142.08
Madera,143.91
Glenn,106.43
Kern,177.12
Butte,103.49
Butte,0.0
San Joaquin,124.63
Kern,129.15
San Joaquin,129.38
Fresno,126.28
Fresno,128.95
Stanislaus,148.71
Kern,145.26
Madera,125.45
Butte,47.88
Colusa,143.0
Tulare,160.96
Stanislaus,102.14
Kern,124.92
Kern,165.24
Madera,111.99
Madera,135.67
Glenn,148.32
Fresno,149.69
Kern,90.9
Merced,150.0
Merced,123.69
Stanislaus,119.6
Kern,198.36
Kern,166.95
Fresno,153.5
San Joaquin,98.21
San Joaquin,131.18
Fresno,113.97
San Joaquin,114.41
Madera,125.77
Fresno,0.0
Fresno,129.52
Kern,190.26
Tulare,125.97
Merced,138.31
Kern,146.79
Fresno,131.38
Kern,176.22
Madera,74.69
Fresno,126.44
Kern,67.14
Kern,115.56
Butte,135.71
Fresno,167.1
Butte,64.5
Other,145.93
Fresno,83.51
Colusa,53.84
Kern,143.37
Other,131.08
Fresno,123.93
Butte,75.58
Stanislaus,147.72
Tulare,114.65
Colusa,55.53
Tulare,88.65
Merced,107.35
San Joaquin,110.52
Kern,166.95
Fresno,11.34
Glenn,98.24
Other,183.64
Other,157.21
Madera,156.1
Kern,139.59
Stanislaus,153.01
Stanislaus,109.62
Madera,126.72
Merced,147.68
Stanislaus,90.34
Stanislaus,130.11
Other,159.29
Fresno,0.0
Stanislaus,151.5
Tulare,117.5
Other,191.76
Madera,58.53
Kern,131.4
Stanislaus,132.38
Fresno,180.31
Stanislaus,118.16
Merced,152.71
Stanislaus,179.17
Other,114.94
Merced,160.84
Madera,53.14
Kern,118.71
Merced,113.24
Kern,57.15
Merced,140.48
Kern,111.96
Madera,140.18
Butte,108.28
Kern,113.04
Madera,152.86
Fresno,96.71
Fresno,148.55
Butte,77.5
Other,162.26
Merced,138.31
Merced,91.72
Other,116.03
Butte,111.63
Fresno,158.76
Fresno,132.68
Fresno,175.69
Fresno,169.05
Merced,128.41
Merced,131.27
Stanislaus,121.34
Merced,64.94
Glenn,105.83
Kern,100.35
Merced,134.99
Merced,151.16
Fresno,112.51
Madera,132.42
Fresno,115.83
Madera,116.82
Fresno,146.93
Merced,136.92
Fresno,145.96
Stanislaus,120.2
Kern,133.2
Kern,99.09
Fresno,124.34
Stanislaus,94.95
Stanislaus,146.51
Madera,164.74
San Joaquin,129.82
Fresno,51.84
San Joaquin,121.03
Fresno,146.93
Colusa,93.93
Kern,125.28
Other,153.55
Kern,152.28
Butte,114.98
San Joaquin,87.41
Stanislaus,117.18
Butte,130.51
Tulare,163.47
San Joaquin,128.66
Colusa,123.55
San Joaquin,131.98
Kern,12.6
Butte,121.55
Stanislaus,115.06
San Joaquin,107.86
Butte,107.32
Madera,117.61
Stanislaus,58.21
Merced,156.04
Stanislaus,129.73
Stanislaus,111.89
Colusa,45.56
Glenn,90.04
San Joaquin,118.44
Fresno,8.91
Fresno,124.82
Merced,142.65
Tulare,177.64
Butte,127.57
Other,151.27
Kern,143.64
Colusa,121.45
Stanislaus,110.75
Kern,160.74
Madera,118.09
Merced,0.0
Merced,61.3
Kern,135.54
Merced,143.11
Madera,129.33
Stanislaus,154.22
Kern,11.25
Other,150.78
Fresno,156.01
Tulare,146.45
Other,175.43
San Joaquin,112.9
Madera,146.76
Madera,151.98
Colusa,113.44
Fresno,133.41
Fresno,116.64
Stanislaus,108.64
Colusa,108.39
Fresno,147.5
Stanislaus,119.9
Other,84.84
Kern,139.05
Merced,117.42
Merced,55.81
Fresno,9.07
Stanislaus,48.16
Merced,0.0
Madera,120.07
Madera,119.51
Fresno,114.53
Glenn,118.08
Fresno,10.53
Stanislaus,118.24
Merced,129.72
San Joaquin,105.55
Other,135.04
Tulare,153.1
San Joaquin,137.38
Butte,112.52
Stanislaus,100.09
Other,0.0
Tulare,139.54
Stanislaus,115.37
Kern,147.06
Other,203.54
Other,192.46
Glenn,7.93
Fresno,179.9
Merced,131.35
Merced,145.28
Madera,106.37
Fresno,124.9
Kern,148.59
Stanislaus,97.37
Merced,84.06
Merced,130.19
Merced,146.52
Other,83.16
Merced,102.09
Stanislaus,146.82
Stanislaus,125.5
Madera,122.6
Butte,106.91
Stanislaus,116.8
Merced,138.93
San Joaquin,151.27
Stanislaus,147.57
Kern,133.65
Merced,121.21
Fresno,46.58
Other,124.44
Madera,122.76
Stanislaus,95.86
Fresno,0.0
Stanislaus,99.04
Fresno,189.22
Madera,155.39
San Joaquin,74.3
Kern,159.3
Kern,142.65
Merced,117.18
Fresno,123.2
Stanislaus,153.01
Fresno,137.38
San Joaquin,118.66
Fresno,131.38
Merced,0.0
Fresno,119.23
Butte,91.59
Madera,11.09
Other,63.86
Fresno,163.62
Tulare,156.12
Other,184.44
Other,155.23
Other,218.0
Butte,117.31
Fresno,128.71
Merced,159.52
Stanislaus,127.99
Butte,125.99
Other,184.73
Tulare,118.97
Kern,145.53
Fresno,142.07
Merced,9.83
Fresno,133.73
Kern,160.29
Kern,0.0
Kern,57.96
Butte,114.91
Madera,129.1
Butte,125.38
Fresno,116.4
Merced,90.71
Fresno,120.45
San Joaquin,138.6
Glenn,72.19
Kern,165.06
Fresno,122.47
Madera,136.38
Kern,142.65
Madera,117.22
Merced,144.66
Fresno,9.72
Colusa,106.21
Merced,61.07
Fresno,131.87
Tulare,135.04
Madera,150.56
Madera,83.71
Merced,153.72
Tulare,156.21
Merced,86.69
Colusa,118.57
Stanislaus,114.99
San Joaquin,107.28
Madera,118.32
Other,181.47
Fresno,142.07
Other,150.98
Glenn,131.73
Merced,122.99
Stanislaus,109.39
Colusa,94.49
Colusa,48.16
Other,191.76
Fresno,139.64
Stanislaus,115.52
Fresno,134.95
Stanislaus,114.08
Kern,144.54
Kern,162.81
Merced,105.34
Fresno,122.8
Tulare,132.36
Glenn,113.62
Fresno,150.66
Other,193.15
Other,156.92
Glenn,89.24
Tulare,164.16
Tulare,0.0
San Joaquin,105.77
Fresno,132.19
Kern,130.14
Stanislaus,135.78
Other,159.29
Kern,139.77
Fresno,110.65
Fresno,112.35
San Joaquin,51.41
Other,189.29
Butte,0.0
Merced,99.77
Stanislaus,109.17
Madera,115.16
Kern,141.21
Other,181.76
Fresno,141.59
Colusa,124.68
Tulare,147.4
Fresno,0.0
Kern,118.89
Stanislaus,153.39
Kern,177.39
Kern,163.98
Madera,101.06
Other,186.42
Fresno,106.76
Other,136.92
Stanislaus,132.45
Kern,184.32
Kern,114.93
Fresno,145.88
Fresno,141.59
San Joaquin,143.35
Other,170.08
Stanislaus,108.71
Stanislaus,152.56
Merced,0.0
Madera,116.03
Merced,144.51
Other,170.08
Fresno,57.83
Glenn,88.84
Other,157.61
Other,171.86
Fresno,141.91
Stanislaus,112.49
Merced,147.14
Kern,186.84
Fresno,94.85
Kern,135.0
Stanislaus,157.55
Fresno,186.22
Kern,158.22
Butte,117.78
Stanislaus,122.4
Butte,121.2
Fresno,0.0
Other,168.4
Madera,103.36
Stanislaus,137.67
Merced,151.47
Merced,0.0
Kern,126.99
San Joaquin,87.62
Other,89.4
Fresno,178.6
Butte,127.7
Kern,103.95
Stanislaus,107.96
Madera,128.46
Colusa,107.76
Merced,130.11
Merced,140.17
Tulare,151.46
Fresno,81.81
Kern,135.63
Fresno,85.05
San Joaquin,101.52
Kern,215.01
Butte,129.48
Madera,130.92
Merced,126.55
San Joaquin,84.46
Madera,118.17
Fresno,136.4
Colusa,116.88
Stanislaus,115.82
Tulare,128.04
Merced,112.46
Stanislaus,134.42
Stanislaus,126.18
Fresno,60.67
Stanislaus,127.76
Stanislaus,0.0
Stanislaus,114.53
Colusa,92.8
Tulare,119.15
Kern,146.34
Tulare,135.13
Stanislaus,142.13
Colusa,135.77
Other,13.07
Kern,188.46
Kern,0.0
Kern,160.56
Fresno,162.0
Fresno,60.91
Merced,155.34
Butte,111.83
Other,151.96
Kern,135.0
Other,148.5
Other,163.25
Fresno,51.6
Stanislaus,113.63
Kern,134.37
Madera,129.41
Butte,112.65
Other,182.36
San Joaquin,93.1
Madera,135.91
Other,137.02
Madera,140.5
Glenn,111.62
Merced,138.62
Merced,110.37
Madera,153.73
Madera,102.01
Glenn,144.32
Merced,107.97
Stanislaus,122.32
Colusa,81.43
Other,167.51
Other,63.46
Butte,132.76
Stanislaus,109.47
San Joaquin,99.07
Fresno,151.96
Merced,108.75
Merced,99.38
San Joaquin,165.46
Kern,119.61
Fresno,145.56
Kern,148.05
Tulare,58.58
Glenn,105.96
Kern,14.76
Kern,166.05
Kern,152.01
Kern,149.58
Other,0.0
Other,126.62
Madera,128.22
Kern,166.41
San Joaquin,121.03
Glenn,93.11
Kern,123.3
Butte,78.39
San Joaquin,100.51
Madera,100.19
Stanislaus,110.98
Other,187.21
Kern,164.25
San Joaquin,161.64
San Joaquin,83.88
Kern,164.16
Stanislaus,143.26
Colusa,115.83
Other,127.22
Other,186.52
San Joaquin,95.47
Stanislaus,110.98
Merced,10.99
Glenn,96.77
Kern,158.76
San Joaquin,142.7
Other,124.05
Kern,148.5
Stanislaus,136.76
Fresno,150.09
Fresno,91.04
Kern,195.12
Glenn,85.85
Other,112.56
Fresno,131.79
Kern,0.0
San Joaquin,106.13
Merced,165.95
Fresno,10.04
Glenn,103.5
Merced,124.46
Stanislaus,8.69
Colusa,122.29
Butte,146.17
Madera,140.98
Fresno,129.44
Merced,135.22
Stanislaus,85.05
Madera,124.03
Fresno,124.25
Other,127.51
Stanislaus,134.34
Butte,87.76
Merced,127.86
Stanislaus,0.0
Merced,162.77
Stanislaus,81.87
Colusa,121.38
Stanislaus,129.73
Kern,148.86
Other,180.48
Merced,68.58
Madera,153.25
Fresno,140.37
Kern,155.07
Butte,79.69
Stanislaus,110.15
Merced,186.07
Tulare,196.39
Other,175.92
Merced,93.89
Fresno,124.9
Kern,180.72
Kern,205.83
Merced,69.43
Fresno,147.99
Kern,101.79
Stanislaus,109.7
Stanislaus,80.67
Kern,158.85
Colusa,111.55
San Joaquin,93.46
Colusa,127.27
Kern,171.63
San Joaquin,117.36
Butte,98.91
San Joaquin,78.55
Fresno,114.13
Kern,136.08
Other,106.03
Glenn,113.09
San Joaquin,142.13
Colusa,132.47
San Joaquin,107.42
Kern,69.03
Fresno,8.99
Fresno,127.98
Stanislaus,118.84
Butte,51.98
Glenn,98.04
Merced,131.04
Merced,154.95
Madera,140.66
Stanislaus,122.62
Other,176.52
Butte,94.94
Stanislaus,125.65
Stanislaus,103.95
Stanislaus,112.19
Stanislaus,89.28
Other,131.87
Other,156.92
Stanislaus,117.63
Stanislaus,101.46
Other,160.58
Fresno,138.1
Other,162.85
Colusa,131.98
Stanislaus,130.33
Kern,127.26
Butte,102.87
Tulare,156.9
Stanislaus,99.11
Stanislaus,122.09
San Joaquin,114.77
Stanislaus,130.56
Stanislaus,116.65
Fresno,122.47
Merced,142.34
Madera,142.96
Tulare,184.46
San Joaquin,125.78
Kern,110.34
Madera,126.72
San Joaquin,117.43
Other,197.5
Madera,104.62
Madera,145.81
Glenn,134.27
Fresno,130.33
Kern,149.58
Fresno,9.64
Colusa,113.93
San Joaquin,120.17
Fresno,132.84
Butte,103.76
Merced,160.22
Other,13.46
Madera,119.43
Tulare,178.33
Fresno,171.15
Butte,50.89
Merced,116.02
Kern,157.77
Other,185.92
San Joaquin,110.52
Merced,184.52
Butte,114.02
Tulare,176.34
Merced,110.84
Madera,135.12
Fresno,149.12
Tulare,155.69
Stanislaus,120.43
Stanislaus,116.8
Fresno,140.94
Kern,99.81
Butte,135.98
Other,69.5
Kern,160.11
Stanislaus,96.31
Other,0.0
Other,139.89
Stanislaus,153.47
Tulare,136.68
Fresno,104.57
Other,182.56
Tulare,121.22
Glenn,106.56
Kern,111.33
Stanislaus,114.08
Fresno,11.26
Glenn,8.46
Fresno,137.29
Merced,140.87
Other,136.12
Tulare,150.51
Merced,120.05
Fresno,129.6
San Joaquin,133.99
Madera,10.38
Stanislaus,83.84
Kern,158.22
Fresno,126.6
Madera,162.44
Madera,139.55
Fresno,139.48
Madera,120.3
Kern,135.0
Butte,107.66
Fresno,148.47
Kern,148.14
Kern,143.91
Fresno,136.16
Colusa,85.29
Other,139.59
Merced,129.88
Other,0.0
Tulare,147.05
Stanislaus,127.39
Stanislaus,131.32
Colusa,81.92
Kern,139.86
Madera,92.58
San Joaquin,108.58
Stanislaus,105.08
Fresno,46.58
Other,185.82
Merced,122.99
Fresno,78.73
Stanislaus,123.3
San Joaquin,117.0
Kern,11.79
Tulare,147.14
Other,143.95
Other,69.1
Fresno,55.65
Colusa,113.02
Merced,108.44
Stanislaus,126.03
Stanislaus,136.76
Kern,147.96
Glenn,68.13
Kern,153.54
Kern,159.21
Merced,0.0
Butte,115.19
Kern,141.93
Madera,150.24
Stanislaus,131.32
Other,77.42
Kern,155.43
Kern,150.93
Other,192.56
Butte,111.36
Stanislaus,108.18
Merced,110.84
Kern,130.95
Other,98.21
Stanislaus,102.66
Other,154.24
Kern,153.99
Madera,113.81
Fresno,144.75
Fresno,112.35
Fresno,152.2
Stanislaus,123.15
Other,144.44
Stanislaus,0.0
Colusa,140.47
Merced,108.13
Other,13.46
San Joaquin,127.08
Glenn,65.53
Madera,160.46
Stanislaus,111.89
Madera,149.13
Madera,94.88
Merced,142.57
Stanislaus,129.2
Kern,135.27
Merced,113.7
Butte,96.65
Merced,156.73
Colusa,38.96
Butte,82.42
Stanislaus,143.72
Glenn,128.54
Fresno,100.36
Fresno,51.68
Madera,182.0
Fresno,108.62
Stanislaus,138.27
Stanislaus,124.97
Fresno,108.7
Glenn,11.12
Fresno,140.05
Stanislaus,109.17
Colusa,85.71
Merced,96.6
Fresno,127.41
Stanislaus,98.28
Fresno,129.76
Colusa,119.2
Stanislaus,98.36
Merced,70.74
Other,168.1
Merced,106.73
Madera,147.87
Stanislaus,139.33
San Joaquin,97.78
Madera,150.24
Stanislaus,131.77
Tulare,92.19
Butte,114.91
Butte,92.41
Kern,145.89
Glenn,131.2
Merced,142.34
Other,139.99
Stanislaus,108.18
Merced,140.87
Butte,107.8
Madera,82.68
Stanislaus,78.25
Other,207.9
Fresno,129.03
Butte,91.31
Stanislaus,167.0
Merced,109.06
San Joaquin,0.0
Other,74.55
Merced,151.7
Fresno,85.86
Stanislaus,112.57
Stanislaus,119.37
Other,145.93
Stanislaus,123.15
Butte,147.61
Stanislaus,123.15
Stanislaus,75.07
Merced,132.35
Tulare,126.66
Merced,144.51
Other,141.37
Merced,108.13
Kern,158.85
Fresno,179.58
Merced,118.42
Kern,204.39
Madera,138.44
Fresno,115.51
Fresno,156.41
Madera,178.44
Butte,116.69
Other,159.39
Fresno,121.82
Colusa,67.25
Kern,150.93
San Joaquin,74.81
Colusa,94.98
Other,159.88
Kern,138.6
San Joaquin,135.43
Other,173.55
Merced,80.73
Stanislaus,125.34
San Joaquin,105.05
San Joaquin,155.02
San Joaquin,121.18
Kern,101.79
Fresno,121.99
Madera,74.45
Madera,125.61
San Joaquin,132.55
Kern,144.0
Madera,127.67
Tulare,124.24
Fresno,125.55
Fresno,191.16
Merced,0.0
San Joaquin,104.33
San Joaquin,119.52
Butte,128.66
Tulare,100.05
Merced,114.47
Fresno,166.7
Madera,151.11
San Joaquin,125.5
Merced,136.3
Stanislaus,126.18
Kern,157.41
Butte,89.88
Butte,119.29
Fresno,115.67
Madera,141.06
Stanislaus,144.47
Other,0.0
Other,147.31
Fresno,64.56
Kern,158.4
Fresno,149.2
San Joaquin,119.88
Other,12.38
Merced,105.5
Fresno,172.94
Madera,147.15
Madera,0.0
Fresno,132.03
Glenn,110.49
Kern,55.8
Colusa,116.04
Other,215.23
Stanislaus,8.39
Tulare,142.39
Fresno,141.18
Butte,123.46
Madera,112.31
Tulare,148.26
Fresno,163.62
Butte,94.05
Fresno,125.55
Merced,109.06
Stanislaus,120.58
Kern,151.2
Fresno,143.86
Fresno,89.02
Tulare,13.82
Stanislaus,108.79
Madera,171.86
Tulare,110.85
Stanislaus,135.1
Madera,181.37
Butte,96.58
Merced,138.39
Fresno,89.1
Merced,118.81
Stanislaus,91.85
San Joaquin,93.1
Merced,152.63
Madera,142.72
Fresno,131.38
Merced,121.29
Kern,0.0
Butte,95.49
Kern,145.35
Other,197.7
Merced,111.53
Madera,126.17
Glenn,98.04
Kern,95.13
Kern,127.35
Kern,134.64
Merced,133.36
Merced,110.99
Madera,9.82
Merced,146.21
Fresno,145.31
Fresno,147.26
Other,151.17
Stanislaus,178.04
Other,186.42
Stanislaus,113.25
Merced,127.79
Kern,140.31
Colusa,119.27
Glenn,82.65
Kern,129.42
Other,180.97
San Joaquin,111.53
Stanislaus,115.29
Merced,144.12
Merced,125.85
Stanislaus,155.96
Kern,166.41
Other,111.97
San Joaquin,115.92
Kern,175.23
Merced,121.9
Fresno,118.26
Butte,130.85
Other,164.54
Kern,13.32
Fresno,158.44
Kern,147.87
Butte,104.45
Merced,153.79
Other,157.21
Other,139.49
Kern,156.24
Stanislaus,138.65
Stanislaus,129.65
Stanislaus,148.18
Kern,127.08
Kern,0.0
Other,153.65
Fresno,111.78
Butte,0.0
Kern,93.96
Madera,8.87
Tulare,0.0
Stanislaus,154.38
Tulare,108.17
Other,151.37
Stanislaus,106.44
San Joaquin,9.58
Madera,144.78
Kern,112.05
Other,193.45
Tulare,146.88
Kern,112.86
Stanislaus,109.39
Glenn,10.72
Kern,146.97
Stanislaus,154.98
Fresno,86.75
Other,0.0
Stanislaus,80.29
Stanislaus,97.9
Merced,162.31
Glenn,9.66
Merced,77.71
Other,189.19
Butte,115.32
Other,189.29
Merced,160.14
Fresno,150.34
Kern,126.27
Stanislaus,144.85
Stanislaus,153.77
Kern,106.11
Other,126.42
Other,172.76
Tulare,0.0
Other,154.04
Colusa,119.69
Glenn,117.08
Stanislaus,134.04
Madera,139.47
Colusa,139.77
Merced,133.51
Fresno,133.97
San Joaquin,128.45
San Joaquin,9.36
Stanislaus,105.24
Tulare,156.82
Stanislaus,137.74
Kern,121.05
Kern,179.91
Tulare,155.52
Stanislaus,81.65
Fresno,108.3
Kern,188.55
Merced,72.37
Butte,133.45
Merced,152.94
San Joaquin,88.85
Kern,123.84
Butte,111.01
Tulare,113.79
Fresno,162.65
Fresno,108.46
Stanislaus,160.8
Glenn,81.52
Madera,156.42
Merced,100.16
Fresno,66.66
Madera,124.74
Merced,107.43
Other,187.21
Stanislaus,113.1
Merced,108.21
Fresno,142.64
Kern,178.47
Merced,127.09
San Joaquin,134.14
Kern,140.58
Glenn,137.53
Merced,128.25
Merced,83.2
Colusa,143.42
Kern,164.25
Fresno,118.34
Fresno,106.68
Colusa,0.0
Madera,136.62
Kern,151.65
Stanislaus,141.22
Tulare,154.83
San Joaquin,124.13
Kern,128.52
Kern,115.2
Merced,136.3
Other,170.18
Butte,111.9
Kern,182.16
Fresno,76.06
San Joaquin,107.86
Butte,83.79
Kern,143.73
Tulare,124.59
Colusa,111.55
Stanislaus,135.55
San Joaquin,140.76
Merced,140.56
Stanislaus,151.8
Tulare,163.64
Stanislaus,121.11
Tulare,146.79
Kern,152.37
Glenn,99.9
San Joaquin,68.54
Stanislaus,137.29
Stanislaus,109.09
Kern,126.27
Fresno,166.62
Merced,141.87
Merced,119.74
Merced,112.85
Other,177.61
Stanislaus,53.15
Merced,135.99
Stanislaus,105.39
Glenn,150.72
Madera,98.68
Merced,180.34
Butte,119.02
San Joaquin,87.12
San Joaquin,75.74
Colusa,111.69
Merced,116.33
Butte,105.54
Colusa,93.23
Fresno,162.57
Butte,40.42
Other,153.35
Kern,120.24
Madera,130.76
San Joaquin,140.9
Stanislaus,80.29
Fresno,108.3
Kern,174.78
Tulare,154.83
Tulare,56.59
Stanislaus,153.62
Merced,74.15
Other,167.51
Fresno,84.73
Butte,138.58
Kern,217.53
Merced,128.41
Butte,9.64
Butte,92.0
Butte,109.1
Kern,54.63
Merced,121.75
Merced,133.67
Stanislaus,93.74
Merced,142.49
Fresno,132.92
Fresno,127.82
Fresno,12.47
Kern,152.19
Other,0.0
San Joaquin,98.5
Other,172.06
Kern,161.46
Kern,213.57
Madera,142.64
Fresno,99.22
Kern,130.95
Other,138.6
Stanislaus,131.47
Butte,109.85
San Joaquin,131.04
Kern,193.23
Madera,124.74
Butte,130.85
Fresno,175.69
Kern,164.16
Other,153.05
Madera,96.31
Other,182.95
Other,184.93
Other,173.15
Merced,155.42
Kern,112.32
Madera,170.44
Stanislaus,61.24
Fresno,138.1
San Joaquin,9.94
Butte,47.88
Kern,168.12
Fresno,123.93
Colusa,93.58
Kern,154.35
Fresno,127.09
Tulare,120.1
Other,17.03
Other,151.96
Madera,90.13
Kern,173.34
Butte,131.26
Merced,120.82
Colusa,52.16
Stanislaus,90.57
Tulare,146.97
San Joaquin,0.0
Colusa,137.87
Madera,124.66
Fresno,139.72
Colusa,111.9
Stanislaus,133.51
Butte,113.0
Merced,136.53
Kern,109.8
Stanislaus,109.85
San Joaquin,104.4
Madera,120.07
San Joaquin,123.41
Butte,104.04
Fresno,161.11
Other,0.0
San Joaquin,129.1
Madera,10.85
Madera,0.0
Butte,129.82
Kern,131.13
Other,157.61
San Joaquin,118.3
Merced,0.0
Merced,125.39
Kern,166.77
Kern,164.88
Merced,81.5
Colusa,116.74
Other,124.64
Stanislaus,115.82
Other,206.22
Kern,122.4
Colusa,109.86
San Joaquin,132.62
Butte,0.0
Kern,156.15
Madera,96.07
Kern,128.97
Stanislaus,109.77
Merced,153.95
Stanislaus,116.65
San Joaquin,151.7
Madera,166.8
Other,206.61
Kern,149.22
Colusa,117.8
Tulare,115.78
Other,160.68
Tulare,113.96
Tulare,155.17
Merced,109.44
Fresno,136.24
Stanislaus,168.13
Stanislaus,163.37
Fresno,155.03
Madera,99.71
San Joaquin,128.74
Other,0.0
Colusa,0.0
Madera,124.5
Fresno,141.99
Merced,128.33
Stanislaus,143.94
Other,163.65
San Joaquin,105.77
Tulare,0.0
Merced,108.98
Other,121.77
Madera,113.89
Merced,147.14
Merced,145.28
Butte,61.63
Madera,104.78
Butte,8.48
Kern,173.25
Kern,0.0
Stanislaus,85.81
Stanislaus,109.24
Other,183.64
Madera,147.95
Madera,121.73
Butte,105.2
Fresno,110.89
Madera,121.89
Kern,117.54
Kern,183.33
Tulare,171.68
Kern,130.32
Kern,150.48
Kern,124.83
Fresno,160.38
Fresno,11.02
Stanislaus,97.15
Stanislaus,113.85
Merced,143.42
Fresno,132.11
San Joaquin,95.33
Other,174.24
Other,203.15
Butte,107.94
San Joaquin,140.69
Fresno,123.04
San Joaquin,146.52
Stanislaus,136.08
Kern,75.69
Fresno,118.75
Glenn,110.56
Stanislaus,9.83
San Joaquin,0.0
Other,8.12
Fresno,115.34
Fresno,44.23
Butte,9.78
Merced,121.13
Madera,80.55
Fresno,129.76
Stanislaus,74.77
Butte,155.4
Fresno,164.51
Madera,149.05
Madera,138.36
Kern,151.29
Merced,121.05
Colusa,98.21
Stanislaus,130.26
Tulare,160.19
Colusa,106.56
Fresno,131.14
Stanislaus,134.95
Madera,153.17
Butte,113.89
Kern,161.28
Stanislaus,135.32
San Joaquin,109.08
Fresno,100.84
San Joaquin,119.23
Fresno,122.47
Madera,130.2
Other,174.14
Stanislaus,8.85
Fresno,117.21
Other,69.99
Kern,9.0
Other,186.81
Kern,130.95
Fresno,118.02
Kern,189.9
Madera,158.0
Other,162.16
Other,156.62
Fresno,150.82
Fresno,172.53
Glenn,161.11
Stanislaus,121.87
Merced,108.13
Madera,119.28
Colusa,99.54
Kern,141.03
Madera,154.2
Kern,89.91
Other,152.26
Other,183.05
Tulare,9.42
Other,164.84
Tulare,149.64
Other,178.99
San Joaquin,100.08
Kern,163.26
Other,13.66
San Joaquin,92.3
Tulare,227.75
Kern,148.5
Fresno,150.82
Kern,140.76
Butte,146.92
Madera,167.35
Merced,0.0
San Joaquin,113.54
Madera,126.8
Fresno,160.14
Other,128.8
Other,168.0
Kern,163.8
Kern,153.27
Stanislaus,133.74
Stanislaus,10.58
Fresno,140.29
Fresno,132.19
Stanislaus,100.62
Other,119.1
Kern,0.0
Colusa,0.0
Colusa,67.81
Stanislaus,103.27
Glenn,0.0
Stanislaus,130.41
Fresno,140.13
Fresno,137.21
Fresno,151.31
San Joaquin,160.85
Other,138.4
Tulare,163.3
Fresno,121.42
Stanislaus,121.56
Glenn,99.7
Other,0.0
Merced,0.0
Butte,9.1
Madera,10.3
Tulare,60.13
Merced,157.82
Kern,143.01
Fresno,137.94
Glenn,103.5
Stanislaus,0.0
Other,121.77
Other,117.61
Merced,115.71
Stanislaus,66.0
Stanislaus,130.79
Other,170.48
Fresno,146.45
Fresno,145.15
Other,150.98
Madera,137.81
Butte,110.26
Stanislaus,144.62
Stanislaus,123.91
Butte,96.1
Kern,147.33
San Joaquin,120.82
Kern,149.13
Other,172.06
Stanislaus,121.34
Stanislaus,148.78
Madera,140.58
Stanislaus,124.06
Kern,154.35
Fresno,153.66
Stanislaus,102.59
Merced,137.08
Kern,144.45
Other,194.73
Fresno,145.96
Butte,121.62
San Joaquin,139.03
Madera,151.43
Butte,66.28
Madera,135.67
Fresno,135.11
Kern,122.31
Other,151.57
Merced,115.25
Stanislaus,112.34
Madera,99.24
Tulare,124.59
Kern,179.37
Fresno,177.55
Madera,99.55
Fresno,70.15
Butte,113.07
Glenn,87.91
Stanislaus,116.05
Colusa,126.78
Kern,167.13
Colusa,126.08
Stanislaus,59.57
Merced,144.43
Other,0.0
Merced,149.38
Fresno,138.02
Other,157.51
Stanislaus,114.53
Fresno,167.75
Madera,108.82
Kern,168.84
Kern,130.86
Other,158.7
Kern,163.08
Tulare,142.13
Stanislaus,147.04
Other,146.62
Fresno,99.71
Stanislaus,110.3
Tulare,169.52
Kern,179.1
Madera,135.12
Fresno,11.34
Tulare,181.96
Other,162.76
Fresno,8.83
Kern,12.87
Kern,171.99
Kern,144.9
Fresno,147.01
Fresno,86.43
Butte,97.33
Stanislaus,8.09
Kern,157.86
Butte,108.62
Merced,136.69
San Joaquin,149.11
Kern,134.46
Butte,120.86
Butte,111.97
Madera,143.83
Stanislaus,101.23
Tulare,120.61
Stanislaus,163.52
Merced,151.47
Colusa,131.48
Fresno,120.45
Other,54.25
Kern,143.73
Other,159.98
Madera,0.0
Kern,157.14
Fresno,149.44
Stanislaus,130.56
Kern,143.19
Madera,123.55
Madera,144.22
Tulare,101.0
Merced,119.04
San Joaquin,178.06
Kern,119.34
Other,156.02
Butte,109.85
Merced,117.49
Madera,108.9
Fresno,147.58
Fresno,154.63
Colusa,116.88
Madera,159.51
Stanislaus,127.84
Other,167.51
Kern,0.0
Kern,147.51
Madera,133.69
Madera,111.04
Madera,10.61
Merced,157.66
Fresno,159.81
San Joaquin,109.01
Madera,101.69
Kern,186.12
Stanislaus,146.36
Madera,0.0
Merced,130.03
Tulare,75.08
Fresno,84.97
Fresno,120.04
Fresno,129.36
Other,211.17
Stanislaus,129.65
Stanislaus,97.15
Stanislaus,146.66
Madera,124.82
Merced,0.0
Other,126.03
Fresno,161.68
Stanislaus,103.65
Fresno,136.73
Kern,0.0
Merced,161.38
Butte,103.35
Other,151.67
Butte,119.7
Merced,158.98
Fresno,152.36
Butte,88.85
Merced,123.99
Kern,128.07
San Joaquin,121.39
Other,81.24
Madera,106.88
Stanislaus,132.81
Merced,149.3
Stanislaus,121.28
Merced,99.25
Other,10.3
Stanislaus,127.08
Kern,177.89
Fresno,135.45
Colusa,116.16
Stanislaus,105.91
Colusa,90.02
Fresno,136.47
Other,149.28
Fresno,108.75
Madera,111.19
Stanislaus,133.99
Fresno,148.84
Madera,103.33
Butte,8.05
Kern,168.79
Kern,9.98
Merced,107.31
Tulare,140.62
Fresno,61.03
Fresno,111.51
Glenn,103.66
San Joaquin,8.05
Butte,119.43
Other,151.69
Kern,99.75
Tulare,150.19
Fresno,156.71
San Joaquin,88.9
Tulare,66.36
Merced,128.0
Tulare,89.46
Merced,50.94
Kern,128.71
Madera,110.34
Glenn,7.12
Colusa,20.0
Butte,5.39
Kern,98.79
Butte,103.01
Colusa,16.58
Stanislaus,112.6
Glenn,113.38
Other,148.03
Stanislaus,146.19
Kern,135.1
Fresno,24.96
Kern,104.74
Kern,145.08
Merced,25.74
Stanislaus,114.37
Tulare,121.55
San Joaquin,113.68
Madera,19.87
Madera,94.09
Kern,84.09
Other,124.55
Merced,127.47
Stanislaus,113.63
Stanislaus,138.92
Other,127.15
Other,154.48
Madera,119.04
Kern,8.84
Other,150.73
San Joaquin,122.43
Kern,161.52
Other,98.27
Kern,185.5
Madera,124.82
Tulare,90.8
Stanislaus,103.93
Butte,99.35
Madera,67.14
Butte,115.84
Kern,131.95
Other,156.7
Other,149.67
Madera,117.04
Other,125.9
Fresno,102.61
Butte,18.22
Kern,151.2
Fresno,110.49
Other,157.95
Other,147.94
Merced,142.15
Fresno,131.83
Other,159.78
Fresno,111.12
Fresno,118.83
Butte,125.09
Other,168.73
Stanislaus,109.81
Colusa,103.81
Madera,133.83
Stanislaus,111.79
Stanislaus,134.36
Other,124.45
Stanislaus,7.2
Other,154.0
Glenn,102.69
Merced,58.62
Other,87.3
Kern,75.08
Fresno,77.25
Stanislaus,138.25
Other,180.18
Merced,123.26
Butte,112.25
Fresno,59.93
Other,199.72
Kern,148.4
Stanislaus,100.77
Other,25.6
Tulare,100.13
San Joaquin,105.07
Other,158.62
Colusa,118.69
Kern,112.88
Fresno,125.61
Kern,130.55
Fresno,142.46
Colusa,72.89
Butte,92.3
Fresno,146.16
Butte,108.26
Stanislaus,99.0
Tulare,156.24
Fresno,90.88
Madera,98.41
Kern,139.3
Fresno,10.08
Stanislaus,93.05
Fresno,117.49
Stanislaus,114.07
Kern,107.36
Madera,127.74
Merced,116.86
Butte,81.66
San Joaquin,109.69
Kern,158.64
Kern,145.78
Fresno,10.71
Kern,143.76
Other,178.54
Glenn,88.84
Kern,101.15
Merced,143.13
Glenn,9.26
Stanislaus,107.31
Other,190.09
San Joaquin,124.18
Tulare,142.3
Stanislaus,152.95
Butte,112.19
Merced,46.35
Stanislaus,101.65
Other,162.85
San Joaquin,93.24
Kern,10.41
Fresno,132.62
Kern,157.85
Other,161.7
Fresno,134.03
Madera,137.75
Butte,106.8
Butte,57.66
Stanislaus,114.59
Fresno,131.2
Kern,7.18
San Joaquin,131.32
San Joaquin,139.44
Tulare,124.4
Merced,143.73
Kern,172.55
San Joaquin,69.79
Madera,170.32
Glenn,113.77
San Joaquin,126.14
Merced,87.82
Stanislaus,106.65
Merced,115.21
Madera,151.61
San Joaquin,20.16
Fresno,93.08
Colusa,140.8
Fresno,91.51
Stanislaus,91.8
Merced,8.5
Kern,140.18
Merced,7.75
Other,186.05
Madera,77.77
Fresno,7.09
Stanislaus,124.44
Kern,98.26
Kern,191.19
Merced,119.87
Stanislaus,121.79
Tulare,98.36
Merced,121.75
Kern,164.68
Other,135.42
Kern,155.31
Merced,117.92
San Joaquin,109.97
Other,146.01
Stanislaus,128.92
Fresno,137.26
Other,156.02
Tulare,62.83
Tulare,8.57
San Joaquin,134.89
Fresno,115.84
Glenn,81.91
Fresno,93.24
Fresno,150.1
Fresno,140.57
Other,142.74
Other,31.67
Kern,137.02
Fresno,135.06
Other,172.48
Merced,83.68
Glenn,127.62
Fresno,112.61
San Joaquin,128.03
Merced,137.11
Glenn,19.17
Other,102.99
Stanislaus,141.93
Other,185.38
Merced,101.29
Merced,120.55
Other,178.74
Fresno,116.63
Stanislaus,118.11
Tulare,137.26
Butte,95.63
Madera,116.65
Butte,119.04
Fresno,139.7
Kern,127.84
Kern,123.29
Colusa,138.27
Fresno,140.49
Madera,152.15
Fresno,85.92
Madera,139.52
Stanislaus,21.46
Fresno,137.5
Kern,163.89
Stanislaus,124.44
Merced,103.39
Colusa,7.1
Merced,132.21
Fresno,115.21
Other,135.04
San Joaquin,106.47
Kern,156.71
Fresno,157.58
San Joaquin,20.44
Butte,73.68
Madera,104.41
San Joaquin,133.42
Kern,152.43
Fresno,149.31
Tulare,130.37
Glenn,7.77
Madera,112.04
Kern,146.3
Stanislaus,123.11
Other,196.35
Stanislaus,98.93
Other,163.05
Kern,144.02
Madera,147.53
Other,152.65
Butte,90.24
San Joaquin,20.58
San Joaquin,90.16
Kern,141.66
Merced,104.75
Stanislaus,115.4
Tulare,138.18
Other,152.46
Stanislaus,133.55
San Joaquin,126.77
Fresno,145.69
San Joaquin,104.23
Butte,103.74
Other,100.2
Other,154.77
Merced,25.21
Fresno,107.81
Stanislaus,151.04
San Joaquin,116.27
Madera,116.04
Butte,124.69
Merced,108.51
Fresno,132.22
Merced,115.51
Stanislaus,140.46
Madera,106.8
Kern,105.52
Merced,124.31
Madera,117.5
Fresno,141.04
Madera,24.02
Tulare,91.73
Colusa,87.43
Fresno,132.85
Kern,142.01
Fresno,126.63
Glenn,106.45
Stanislaus,89.23
Other,165.55
Kern,132.39
Other,161.89
Colusa,137.59
Other,69.59
Merced,126.95
Merced,7.68
Merced,124.69
Madera,119.89
Madera,92.4
Fresno,69.14
Butte,100.35
Merced,116.11
Stanislaus,148.54
Kern,28.44
Kern,119.0
Fresno,131.51
Colusa,118.07
Madera,23.56
Madera,98.02
Fresno,169.31
San Joaquin,105.21
Other,31.76
Glenn,140.05
Merced,99.86
Other,142.26
Madera,8.85
Fresno,142.46
Merced,146.29
Colusa,97.6
Glenn,105.28
Merced,139.89
Fresno,125.53
Merced,119.65
Fresno,104.97
Kern,29.49
Fresno,129.31
Fresno,149.31
Kern,170.98
Colusa,108.04
Fresno,110.09
San Joaquin,122.57
Kern,112.09
Kern,125.3
San Joaquin,109.83
San Joaquin,125.93
Kern,174.82
Stanislaus,131.27
Kern,171.94
Tulare,110.88
Merced,111.75
Butte,105.6
Butte,22.41
Kern,131.08
Merced,128.83
Stanislaus,117.82
Kern,145.86
Tulare,137.93
Madera,118.66
Butte,101.55
Colusa,81.08
Kern,136.59
Merced,135.83
Madera,133.13
Stanislaus,139.06
Madera,112.27
Glenn,17.81
Merced,82.1
San Joaquin,90.51
Butte,82.39
Stanislaus,114.95
Colusa,6.89
Madera,123.89
Madera,122.89
Fresno,147.26
Other,12.8
Stanislaus,113.19
Stanislaus,143.18
Merced,150.58
Stanislaus,101.65
Colusa,120.46
Madera,73.77
Stanislaus,117.45
Kern,139.83
Stanislaus,129.65
Madera,129.44
Stanislaus,132.01
Madera,127.9
Madera,135.6
Butte,112.19
Butte,104.4
Fresno,170.1
Madera,118.81
Merced,135.0
Kern,137.02
Stanislaus,20.07
Stanislaus,125.46
Merced,102.19
Other,136.96
Merced,107.46
Other,191.34
Fresno,115.84
Stanislaus,130.02
Fresno,117.34
Other,28.97
Butte,127.15
San Joaquin,105.35
San Joaquin,125.79
Colusa,102.72
Stanislaus,145.09
Merced,80.89
Butte,8.18
Stanislaus,105.91
Madera,115.81
Tulare,9.91
San Joaquin,132.3
Other,144.66
Kern,142.1
Merced,114.98
Madera,9.39
San Joaquin,88.62
Other,166.61
Stanislaus,81.0
Stanislaus,109.66
Madera,125.05
Kern,158.46
Stanislaus,89.08
Fresno,131.67
Kern,150.59
Fresno,147.18
Merced,124.84
San Joaquin,106.82
Stanislaus,110.54
Fresno,141.04
Stanislaus,120.47
Tulare,152.96
Kern,133.35
Colusa,99.3
Madera,99.02
Merced,158.25
Butte,114.45
Kern,156.01
Merced,127.02
Other,147.26
Madera,111.96
Merced,145.16
San Joaquin,117.39
Madera,20.56
Colusa,90.98
Kern,162.93
Tulare,8.06
Colusa,82.04
Merced,160.81
San Joaquin,111.51
Stanislaus,97.76
Other,184.03
Kern,112.61
Stanislaus,104.52
Merced,141.02
Fresno,112.69
Stanislaus,118.04
Butte,62.98
Merced,117.54
Kern,149.54
Tulare,97.02
Fresno,24.41
Madera,117.35
Other,125.12
Fresno,82.06
Other,129.36
Stanislaus,111.28
Kern,128.19
Stanislaus,100.7
San Joaquin,113.05
Other,143.7
Colusa,117.94
Other,156.6
Butte,100.75
Kern,144.72
Other,148.42
Madera,110.11
Colusa,136.16
Other,192.69
Butte,49.14
Tulare,138.01
Madera,146.92
Merced,121.83
San Joaquin,83.16
Butte,118.77
Kern,112.35
Madera,156.16
Merced,110.92
Fresno,102.45
Butte,77.27
Merced,83.08
Fresno,112.53
Stanislaus,103.71
Other,209.15
Fresno,126.55
Fresno,116.47
Kern,155.93
Kern,148.4
Kern,124.25
Glenn,84.56
Kern,24.68
Madera,101.02
Merced,81.87
Fresno,108.36
Colusa,16.38
Merced,126.5
Tulare,163.88
Fresno,137.26
Madera,141.91
Other,193.66
Stanislaus,9.04
Merced,108.59
Glenn,87.54
Other,198.85
Merced,132.44
Kern,133.09
Fresno,123.8
Kern,126.61
Butte,76.74
San Joaquin,129.01
Kern,124.86
Stanislaus,108.63
Fresno,134.19
Stanislaus,135.75
Madera,162.24
Fresno,93.71
Madera,118.96
Madera,118.04
Tulare,138.1
Madera,118.27
San Joaquin,91.84
Stanislaus,119.88
Fresno,121.12
Stanislaus,8.23
Madera,156.39
San Joaquin,72.24
Other,10.59
Madera,125.82
Madera,95.48
Kern,88.64
Other,103.66
Kern,10.41
Other,148.13
Merced,162.31
Colusa,104.63
Butte,52.6
Fresno,118.6
Butte,113.05
Other,124.55
San Joaquin,9.03
Tulare,130.62
Kern,108.24
Butte,50.87
Fresno,124.19
Kern,12.51
Colusa,90.16
Stanislaus,122.97
Stanislaus,94.82
Kern,151.9
Stanislaus,130.98
Madera,151.0
Merced,103.09
Stanislaus,112.97
Fresno,151.44
Madera,118.66
Fresno,6.85
Madera,117.58
Kern,114.28
Kern,149.71
Butte,7.98
Kern,61.86
Fresno,22.21
Other,105.97
San Joaquin,116.76
Stanislaus,115.1
Madera,105.1
Other,172.1
Stanislaus,65.71
Fresno,129.23
Other,166.03
Stanislaus,128.33
Other,134.75
Fresno,149.47
Kern,10.41
Stanislaus,139.87
Fresno,117.73
Fresno,83.48
Fresno,111.35
Colusa,110.29
Stanislaus,100.99
Other,33.78
Butte,133.2
Stanislaus,145.68
Kern,110.43
San Joaquin,132.44
San Joaquin,107.94
Stanislaus,140.39
Other,185.57
Stanislaus,98.86
Colusa,81.83
Colusa,7.71
Kern,159.86
Butte,114.18
Butte,117.37
Kern,172.29
Other,8.57
Merced,133.64
Merced,107.08
San Joaquin,123.34
Other,135.81
Other,10.88
Madera,130.21
Madera,99.18
Other,9.82
Other,125.8
Fresno,160.41
Other,122.43
Other,176.23
Merced,96.77
Other,173.35
Other,94.04
Stanislaus,130.17
Fresno,89.07
Butte,104.47
Stanislaus,110.84
San Joaquin,84.84
Stanislaus,126.27
Other,85.95
Kern,147.44
Merced,104.07
Madera,145.14
Kern,93.28
Madera,96.25
Fresno,106.78
Kern,122.15
Other,144.09
Merced,114.46
Fresno,10.16
Stanislaus,93.57
Tulare,120.46
Butte,97.69
Fresno,153.88
Colusa,101.21
Kern,142.01
Kern,152.51
Fresno,142.38
Kern,134.22
Other,175.85
Madera,151.23
Merced,92.26
Merced,97.9
Stanislaus,104.37
Fresno,110.49
Merced,16.71
Madera,116.19
Fresno,117.26
Kern,124.43
Tulare,169.51
Madera,124.35
San Joaquin,128.66
Fresno,99.85
Colusa,96.71
Kern,123.02
Butte,129.28
San Joaquin,118.3
Fresno,100.48
Tulare,141.2
Madera,114.11
Madera,123.89
Kern,115.15
Kern,158.46
Fresno,139.86
Kern,184.98
Stanislaus,124.58
Fresno,115.29
Kern,122.15
Tulare,170.27
Stanislaus,134.95
Madera,123.12
Fresno,135.84
Merced,121.9
Other,175.27
Kern,116.2
Tulare,142.63
Fresno,134.19
Butte,114.25
Kern,162.93
Fresno,134.66
San Joaquin,120.4
Other,8.66
Butte,104.6
Kern,165.81
Butte,75.41
Fresno,150.65
Merced,108.51
Stanislaus,128.7
Other,145.43
Other,132.63
Colusa,99.71
Madera,115.27
Stanislaus,134.36
Kern,153.56
Fresno,123.56
Madera,138.45
San Joaquin,128.59
Fresno,84.42
Other,134.08
Other,155.35
Tulare,71.99
Fresno,155.69
Tulare,20.66
Fresno,135.76
Stanislaus,123.92
Colusa,17.34
Kern,148.05
Merced,95.42
Fresno,164.67
Merced,90.07
Kern,140.26
San Joaquin,135.94
Madera,137.21
Other,11.36
Other,33.21
Stanislaus,121.42
Butte,100.55
Fresno,108.44
Other,171.04
Merced,126.65
Madera,117.12
Stanislaus,59.61
Madera,7.24
Stanislaus,114.29
Glenn,88.32
Tulare,138.01
Merced,131.01
Fresno,111.82
Tulare,138.35
Other,159.68
Other,176.52
Madera,109.03
Merced,107.68
Merced,126.57
Stanislaus,95.33
Merced,147.04
Butte,93.57
Colusa,104.29
San Joaquin,62.51
Stanislaus,105.47
Glenn,86.96
Other,136.58
Madera,117.81
Kern,146.83
Merced,117.31
Other,152.27
Kern,100.89
San Joaquin,106.05
Tulare,117.68
Madera,128.44
Kern,153.39
Other,151.88
Fresno,153.4
Other,165.07
Fresno,135.06
Kern,128.62
Madera,114.11
Fresno,128.52
Fresno,98.52
Merced,98.2
Fresno,153.88
Madera,115.73
Fresno,94.66
Kern,147.96
Merced,123.33
Butte,89.51
Merced,120.32
Stanislaus,69.97
Colusa,104.15
Stanislaus,139.36
Butte,98.55
Fresno,160.49
Tulare,143.39
Kern,105.35
Kern,173.86
Butte,104.07
Fresno,111.12
Stanislaus,142.66
Tulare,124.91
Colusa,97.32
Stanislaus,100.4
Fresno,102.77
Butte,133.47
Butte,134.0
Fresno,106.86
Madera,162.24
Kern,28.88
Madera,118.5
Merced,126.57
Other,189.71
Madera,113.5
Stanislaus,113.63
Madera,138.37
Fresno,158.21
Stanislaus,9.11
Fresno,175.3
Other,199.82
Kern,128.01
Merced,133.04
Kern,106.75
San Joaquin,112.21
Butte,87.98
Merced,80.07
Kern,159.69
Fresno,122.06
Other,111.17
Stanislaus,10.73
Kern,146.83
Merced,111.67
Madera,82.85
Madera,119.43
San Joaquin,104.3
Stanislaus,7.5
Merced,146.66
Fresno,114.82
Stanislaus,140.24
Madera,100.18
Stanislaus,107.68
Fresno,25.83
Colusa,105.24
Kern,137.99
Merced,133.64
San Joaquin,80.78
Butte,132.07
Tulare,132.3
Glenn,121.6
Other,191.25
Colusa,125.78
Other,192.02
Kern,113.84
Madera,105.34
Kern,96.16
Fresno,127.73
Merced,80.97
Kern,123.38
Tulare,98.03
Fresno,117.97
Tulare,134.82
Tulare,162.37
Merced,106.55
Stanislaus,107.02
Fresno,22.6
Merced,98.35
Merced,124.16
Kern,162.14
Stanislaus,95.92
Stanislaus,131.64
Fresno,88.67
Kern,144.29
Butte,95.16
Kern,134.58
Fresno,9.76
Other,156.79
Colusa,98.62
Fresno,154.19
Tulare,161.11
Fresno,147.58
Fresno,163.56
Madera,140.22
Butte,91.1
Madera,111.34
Stanislaus,118.92
Kern,152.78
Kern,127.31
Merced,139.74
Merced,95.57
Fresno,9.29
Glenn,84.69
Other,11.55
Fresno,120.09
Madera,147.3
Merced,130.86
Merced,116.34
Colusa,149.4
Merced,123.49
Other,167.57
Stanislaus,144.06
Madera,110.96
Merced,115.88
Other,81.14
Colusa,115.62
Fresno,129.31
Stanislaus,22.34
Stanislaus,116.13
Colusa,85.31
Kern,150.85
Stanislaus,97.24
Kern,132.83
Kern,164.06
Stanislaus,119.8
Fresno,114.9
Fresno,117.57
Stanislaus,136.42
Kern,95.29
Kern,172.55
Kern,155.58
Tulare,169.51
Merced,131.61
Fresno,128.2
Butte,124.75
San Joaquin,90.02
Other,11.26
Fresno,141.04
Madera,111.88
Colusa,15.56
Other,111.75
Kern,76.65
Kern,166.42
Stanislaus,144.65
Butte,136.79
Fresno,68.36
Merced,117.31
Kern,182.7
Fresno,152.7
Kern,8.05
Kern,81.11
Stanislaus,122.97
Kern,149.36
Tulare,10.08
Other,140.04
Kern,151.99
Tulare,70.9
Fresno,119.23
Stanislaus,108.27
Glenn,152.55
Butte,122.03
Butte,117.77
Stanislaus,129.51
Fresno,148.52
Kern,159.25
Tulare,95.26
Kern,129.59
Kern,166.25
Butte,52.27
Fresno,137.73
Kern,87.76
Tulare,70.39
Stanislaus,131.79
Merced,19.56
Other,202.61
Fresno,120.09
Fresno,24.02
Merced,133.87
Fresno,127.34
Stanislaus,104.22
Stanislaus,55.42
Glenn,109.17
Madera,106.11
Kern,147.52
Fresno,135.21
Kern,161.26
San Joaquin,109.48
Madera,102.95
Other,137.64
Madera,10.24
Other,128.21
Madera,97.79
Colusa,105.31
Madera,102.79
Colusa,112.48
Merced,113.85
Tulare,143.81
Merced,153.21
Glenn,94.66
Merced,126.34
Tulare,116.51
Merced,116.41
Stanislaus,8.89
Other,148.22
Stanislaus,98.2
Merced,114.76
Kern,162.75
Kern,141.75
Madera,113.11
Butte,110.59
Other,123.01
Other,177.2
Fresno,136.47
Madera,126.82
Other,103.66
Colusa,54.6
Butte,7.05
Kern,170.62
Fresno,106.78
Madera,107.11
Kern,148.14
Madera,149.53
Madera,25.72
Other,58.52
Stanislaus,115.54
Tulare,22.51
Other,163.82
Stanislaus,133.26
Madera,98.41
Kern,107.98
Other,11.55
Madera,53.98
Fresno,132.3
Fresno,106.08
Merced,147.26
Fresno,182.7
Fresno,138.13
San Joaquin,134.54
Stanislaus,105.4
Madera,99.79
Stanislaus,113.48
Glenn,17.81
Fresno,8.03
Kern,186.55
Fresno,116.55
Butte,95.16
Merced,101.81
Madera,115.19
San Joaquin,117.74
Stanislaus,141.56
Fresno,99.46
Kern,158.81
Merced,140.34
Stanislaus,126.42
Stanislaus,84.89
Merced,130.78
San Joaquin,82.04
Other,141.87
Butte,106.13
Fresno,145.92
Kern,68.16
Kern,115.5
Stanislaus,92.76
Colusa,130.63
Madera,130.75
Kern,145.43
Madera,9.32
Madera,120.5
Merced,119.72
Fresno,139.31
Madera,8.85
Other,145.34
Madera,54.13
Butte,19.95
Colusa,98.35
Butte,7.12
Stanislaus,7.5
Stanislaus,10.44
Merced,90.9
Madera,114.34
Merced,113.78
Merced,110.39
Fresno,99.93
Stanislaus,80.56
Other,184.8
Stanislaus,110.54
Kern,122.32
Merced,108.13
Stanislaus,7.06
Kern,143.76
San Joaquin,103.74
San Joaquin,89.18
Merced,108.74
Other,166.9
Madera,9.78
Other,142.26
Fresno,113.71
Butte,112.52
Kern,148.93
Fresno,119.46
San Joaquin,96.6
Fresno,122.3
Butte,98.95
Other,144.66
Other,149.67
Other,149.19
Tulare,29.74
San Joaquin,131.25
Fresno,83.63
Fresno,126.08
Stanislaus,137.37
Madera,108.26
Merced,140.19
Merced,101.96
Butte,114.11
San Joaquin,111.93
Merced,104.0
Butte,79.14
Kern,144.02
Stanislaus,61.89
Fresno,10.0
Merced,113.55
Kern,162.49
San Joaquin,87.64
San Joaquin,142.87
Stanislaus,112.82
Madera,25.49
Merced,110.02
Other,182.39
Madera,123.05
San Joaquin,111.51
Stanislaus,141.49
Colusa,118.48
Butte,116.77
Glenn,17.16
Butte,119.63
Fresno,97.65
Stanislaus,8.89
Kern,169.4
Merced,123.79
Fresno,127.97
Madera,141.91
Kern,119.79
Stanislaus,88.2
Kern,116.46
Stanislaus,137.89
Stanislaus,52.33
Kern,156.8
Madera,139.37
Fresno,118.68
Butte,107.46
Butte,94.9
Fresno,102.22
San Joaquin,113.54
Fresno,20.79
Fresno,129.62
Kern,146.39
Fresno,117.97
San Joaquin,105.63
Kern,197.66
Madera,109.72
Stanislaus,88.57
Kern,88.9
Colusa,98.35
Kern,144.81
Kern,201.16
Stanislaus,137.74
Glenn,8.81
Merced,131.61
Kern,133.18
Other,126.09
Glenn,104.05
Merced,140.04
Merced,108.89
Kern,118.91
Butte,136.06
Other,133.02
Butte,103.34
Stanislaus,9.56
Madera,151.69
Fresno,137.34
Stanislaus,105.99
Kern,152.43
Fresno,110.72
Stanislaus,103.12
Glenn,52.9
Tulare,27.55
Kern,149.19
Kern,164.5
Other,117.14
Tulare,30.83
Colusa,96.71
Merced,123.26
Kern,134.14
Stanislaus,9.78
Stanislaus,79.53
Stanislaus,133.11
Stanislaus,128.7
Kern,132.91
Kern,132.12
Other,125.7
Madera,7.62
Merced,9.03
Stanislaus,103.19
Fresno,90.88
Madera,141.68
Other,191.92
Merced,120.85
Stanislaus,114.73
San Joaquin,149.1
Kern,10.24
Colusa,82.1
Fresno,121.28
Stanislaus,78.79
Butte,102.94
Stanislaus,118.41
Merced,87.52
Stanislaus,113.56
Fresno,139.86
Other,167.96
Other,178.06
Kern,61.86
Glenn,94.73
Fresno,119.94
Kern,115.76
Merced,94.06
Other,197.99
Kern,126.26
Stanislaus,158.69
Other,30.13
Fresno,138.05
Stanislaus,113.26
Tulare,126.84
Stanislaus,102.68
Stanislaus,119.73
Merced,101.81
San Joaquin,9.24
Madera,133.52
Colusa,104.15
San Joaquin,134.33
Tulare,139.94
San Joaquin,124.67
Kern,68.78
Butte,98.75
Merced,113.25
Merced,148.99
Stanislaus,126.49
Other,158.62
Other,144.76
Colusa,130.63
Tulare,146.58
Kern,9.54
Kern,125.12
Kern,157.59
Glenn,95.64
Glenn,94.02
Kern,143.59
Glenn,101.33
Stanislaus,86.07
Fresno,22.76
Kern,116.2
Other,29.84
Butte,116.57
Tulare,143.39
Tulare,150.7
Merced,143.5
Glenn,77.18
Merced,112.95
Colusa,106.61
Merced,133.49
San Joaquin,99.19
Tulare,144.65
Fresno,147.97
Madera,105.03
Stanislaus,106.13
Butte,86.72
San Joaquin,89.81
Merced,10.16
Stanislaus,124.51
Merced,72.39
Madera,24.33
Fresno,95.68
Kern,170.36
Fresno,105.45
Merced,114.23
San Joaquin,115.92
Kern,9.01
Other,151.98
Stanislaus,121.13
Fresno,123.95
Kern,124.16
Fresno,142.77
Kern,128.8
Kern,124.69
Butte,122.43
San Joaquin,90.02
Kern,132.65
Tulare,115.58
Colusa,100.12
Fresno,118.28
Stanislaus,125.39
Colusa,107.29
Madera,165.47
San Joaquin,107.24
Fresno,88.2
Fresno,100.17
Merced,112.42
Merced,154.11
Kern,147.0
Kern,123.46
San Joaquin,25.9
Merced,123.49
Fresno,139.94
Tulare,144.23
Madera,131.13
San Joaquin,109.55
Tulare,165.48
Merced,87.44
Fresno,110.49
Fresno,112.38
Madera,8.78
Fresno,115.84
Glenn,139.54
Stanislaus,107.02
Fresno,102.85
Stanislaus,106.21
Stanislaus,112.38
Other,9.05
Other,171.13
Fresno,65.76
Kern,175.09
Madera,123.43
San Joaquin,112.77
Fresno,105.84
Butte,122.49
Madera,27.26
Merced,116.19
Madera,17.94
Merced,103.84
Fresno,132.62
Kern,161.44
Glenn,101.53
Other,179.12
Colusa,121.21
Stanislaus,121.13
Fresno,127.42
Stanislaus,120.98
Fresno,143.32
Merced,9.18
Kern,163.19
Merced,93.84
San Joaquin,49.35
Other,179.02
Fresno,25.75
Madera,121.04
Kern,127.05
Kern,114.28
Madera,120.74
Fresno,58.35
Merced,146.14
Merced,135.53
Merced,96.62
Other,118.77
Fresno,90.17
Kern,107.19
Merced,21.97
Stanislaus,137.15
Kern,123.46
Butte,118.17
Stanislaus,95.4
Merced,9.86
Kern,126.18
Stanislaus,118.92
Butte,116.57
Stanislaus,89.67
Other,102.99
Other,187.11
Madera,150.54
San Joaquin,91.0
Merced,128.23
Merced,92.78
Stanislaus,107.9
Tulare,141.37
Fresno,101.43
Butte,121.56
Madera,110.8
Butte,121.63
Colusa,125.72
Kern,170.1
Fresno,132.22
Fresno,130.49
Kern,157.68
Kern,157.76
Kern,121.62
Butte,95.89
Glenn,103.73
Other,159.2
Madera,113.88
Madera,148.53
Kern,140.35
Glenn,97.12
Kern,112.44
Fresno,105.84
Stanislaus,139.58
San Joaquin,114.31
Merced,167.13
Tulare,124.32
Kern,153.74
Butte,92.17
Colusa,118.21
Colusa,115.14
Tulare,160.78
Butte,95.76
Kern,134.22
Merced,152.61
Other,167.96
Madera,112.57
Other,177.2
Other,169.88
San Joaquin,124.25
Fresno,182.07
Stanislaus,136.49
Tulare,113.15
Colusa,131.93
Merced,119.87
Merced,105.58
Other,155.16
Stanislaus,120.25
Madera,137.75
Fresno,122.61
Other,185.18
Kern,152.34
Other,141.78
Tulare,125.41
Stanislaus,128.11
Kern,101.15
Kern,147.0
Glenn,112.47
Merced,109.11
Madera,123.51
Fresno,7.72
Other,36.38
San Joaquin,109.62
Madera,130.67
Butte,15.3
Butte,108.4
Colusa,115.0
San Joaquin,44.59
Other,137.25
Kern,143.59
Stanislaus,150.68
Fresno,119.23
Fresno,129.15
Kern,122.85
Merced,9.03
Tulare,99.88
Other,190.48
Kern,28.61
Other,28.39
Kern,150.41
Other,171.71
Colusa,54.67
Fresno,122.69
Stanislaus,132.52
Madera,114.27
Fresno,109.23
Tulare,151.87
Kern,21.18
Other,191.73
Other,133.11
Fresno,112.77
Fresno,23.94
Fresno,134.43
Merced,109.49
Stanislaus,23.37
Stanislaus,119.95
Madera,124.74
Butte,118.1
Colusa,98.89
Butte,111.65
Madera,122.2
Tulare,23.27
Glenn,125.36
Stanislaus,99.67
Madera,114.04
Madera,79.31
Kern,154.35
Glenn,115.9
Fresno,97.65
Fresno,143.09
Madera,116.04
San Joaquin,104.44
Madera,110.26
Fresno,113.71
Madera,95.02
Kern,106.49
Colusa,134.45
Stanislaus,148.98
Kern,165.02
Madera,134.6
San Joaquin,99.4
Kern,139.3
Fresno,135.37
Madera,111.8
Kern,165.55
Madera,106.18
Butte,70.76
Other,151.59
Stanislaus,98.56
Merced,134.1
Kern,115.41
Kern,29.66
Fresno,107.02
Merced,86.39
Other,172.86
Stanislaus,129.58
Kern,143.41
Merced,120.25
Kern,136.06
Tulare,129.11
Other,210.21
Merced,121.83
Kern,144.99
Merced,6.92
Other,83.45
Other,108.28
Fresno,100.25
Tulare,22.93
Kern,24.68
Merced,115.96
Stanislaus,101.65
Fresno,146.79
Stanislaus,105.18
Other,112.61
Other,138.22
Fresno,113.95
Kern,130.9
Butte,7.85
Stanislaus,137.0
Butte,93.96
Tulare,131.46
Fresno,166.32
Colusa,113.23
Stanislaus,98.2
Tulare,117.68
Fresno,131.2
Merced,93.08
Madera,104.57
Tulare,142.13
Butte,63.57
San Joaquin,7.7
Other,150.05
Stanislaus,47.85
Fresno,54.73
Kern,140.09
Stanislaus,83.13
Stanislaus,109.59
Stanislaus,117.16
Madera,140.52
Stanislaus,136.05
Merced,127.02
Tulare,122.64
Other,147.55
Other,157.08
Other,198.28
Stanislaus,141.49
Fresno,143.64
San Joaquin,21.49
Madera,149.07
Kern,153.04
Kern,79.1
Other,145.82
Fresno,151.51
Merced,65.92
Merced,121.23
Madera,91.4
Fresno,151.51
Butte,23.34
Kern,143.15
Fresno,8.27
Stanislaus,118.34
Kern,159.69
Butte,122.29
Kern,89.86
Butte,106.87
Madera,106.34
Madera,147.07
San Joaquin,120.47
Fresno,127.26
Tulare,115.42
Butte,138.52
Fresno,108.36
Butte,104.74
Stanislaus,22.12
Tulare,119.36
Kern,141.84
Other,72.76
Merced,121.9
Stanislaus,104.44
Tulare,72.49
Madera,108.96
Stanislaus,127.96
Kern,11.29
Glenn,105.09
Madera,123.82
Stanislaus,103.34
Other,92.98
Butte,116.04
Other,222.34
San Joaquin,120.05
Merced,128.38
Stanislaus,126.71
Fresno,125.61
Fresno,150.18
Kern,117.08
Madera,167.32
Stanislaus,8.01
Merced,126.8
San Joaquin,113.61
Stanislaus,116.35
Fresno,108.44
Kern,81.9
Fresno,124.5
Fresno,138.36
Merced,119.57
Stanislaus,90.77
Other,137.64
Fresno,95.52
Madera,98.41
Fresno,128.28
Madera,130.21
Kern,143.94
Stanislaus,105.91
Kern,156.62
Stanislaus,129.29
Butte,85.85
Merced,144.63
Stanislaus,99.15
Stanislaus,141.19
Fresno,138.05
Madera,126.2
Kern,140.26
Other,10.2
Butte,94.56
Merced,103.62
Butte,92.44
Kern,132.91
San Joaquin,112.49
Other,10.4
Kern,191.36
Other,183.36
Stanislaus,108.12
Glenn,126.85
Madera,109.65
Kern,126.09
Fresno,95.21
Tulare,122.3
Other,178.74
Stanislaus,120.83
Butte,120.43
Merced,109.19
Fresno,24.88
Fresno,128.68
Colusa,120.26
Other,90.19
Kern,112.61
Madera,136.37
Madera,116.96
Butte,103.21
Colusa,126.81
Other,140.04
Merced,114.83
San Joaquin,115.36
Stanislaus,133.11
Other,145.82
Glenn,110.01
Madera,118.96
San Joaquin,67.97
Butte,111.65
Merced,91.96
Fresno,139.78
Fresno,113.16
Fresno,147.97
Fresno,105.05
Glenn,114.15
San Joaquin,138.39
San Joaquin,99.26
Kern,150.5
Fresno,132.22
Stanislaus,151.85
Colusa,103.06
Butte,99.15
Stanislaus,137.81
Colusa,112.13
Madera,109.65
Fresno,162.46
Stanislaus,112.38
Fresno,108.83
Kern,10.68
Stanislaus,124.44
Kern,110.16
Kern,75.69
Merced,119.5
Merced,87.29
Stanislaus,115.1
Other,151.02
Madera,142.83
Glenn,124.06
Merced,94.14
Kern,131.43
Stanislaus,128.85
Other,151.88
Madera,74.84
Other,112.32
Merced,92.56
Fresno,24.57
Butte,7.78
Madera,90.4
Madera,143.3
Stanislaus,93.34
Other,165.94
Stanislaus,136.2
Fresno,148.76
Tulare,148.26
San Joaquin,96.81
Butte,121.89
Fresno,23.62
Other,190.29
Kern,142.36
Merced,111.07
Butte,75.94
Stanislaus,136.56
Fresno,103.79
Other,153.13
Kern,157.85
Kern,160.12
Kern,159.16
Butte,100.75
Butte,126.88
Fresno,129.7
Butte,127.08
Madera,163.09
Stanislaus,113.93
Kern,124.08
Madera,162.93
Fresno,105.76
Fresno,94.97
Fresno,120.02
Fresno,128.99
Butte,115.98
Butte,120.83
Tulare,153.8
Fresno,128.13
Merced,104.45
Butte,107.2
Stanislaus,143.55
Colusa,91.8
Fresno,154.27
Stanislaus,9.63
Other,194.42
Fresno,122.06
Stanislaus,89.74
Fresno,27.64
Colusa,77.12
Kern,120.49
Merced,95.12
Kern,144.02
Kern,157.85
Merced,119.35
Stanislaus,131.79
San Joaquin,105.84
Other,165.26
Madera,99.56
Madera,133.75
Butte,125.62
Merced,106.85
Tulare,94.16
Fresno,113.87
Stanislaus,107.16
Kern,120.75
Glenn,95.64
Other,126.76
Kern,165.11
San Joaquin,106.75
Madera,118.12
Madera,9.16
Fresno,135.06
Colusa,112.82
Stanislaus,118.85
Kern,166.34
Glenn,123.54
Tulare,147.59
Stanislaus,105.1
Fresno,125.61
Other,153.81
Other,130.42
Madera,134.06
Merced,55.53
Other,80.37
Merced,61.03
San Joaquin,149.66
Stanislaus,121.13
Other,175.08
Other,136.68
Kern,10.85
Kern,122.76
Stanislaus,105.99
San Joaquin,115.29
Kern,147.79
Madera,23.87
Kern,10.41
Kern,143.59
San Joaquin,91.0
Madera,154.54
Merced,150.73
Fresno,125.29
Tulare,137.09
Merced,110.24
Butte,101.15
Fresno,156.71
Stanislaus,117.75
Other,143.41
Butte,62.38
Kern,131.51
Fresno,123.64
Madera,136.29
Fresno,124.03
Tulare,143.98
Other,128.59
San Joaquin,140.84
Merced,117.54
Colusa,101.15
Madera,92.02
Stanislaus,107.97
Fresno,152.07
Madera,127.74
Stanislaus,100.11
Colusa,82.72
Butte,89.58
Fresno,108.68
Stanislaus,114.37
Butte,99.95
Kern,105.44
Stanislaus,132.89
Fresno,154.19
Merced,85.56
Other,137.54
Glenn,100.1
Kern,122.94
Kern,113.14
Stanislaus,106.35
Kern,107.98
Madera,124.35
Other,60.16
San Joaquin,100.87
Other,150.05
Stanislaus,133.48
Butte,110.39
Kern,168.96
Butte,101.35
Other,133.02
Stanislaus,101.5
Colusa,106.67
Fresno,131.12
Fresno,138.84
Stanislaus,9.26
Fresno,118.68
Other,201.26
Madera,111.26
Other,180.95
Kern,155.66
Stanislaus,23.45
Other,11.07
Stanislaus,19.48
Other,155.83
Other,132.44
Fresno,153.8
Stanislaus,118.85
Other,133.02
Merced,7.68
Merced,23.63
Fresno,9.76
Stanislaus,115.47
Colusa,133.5
Stanislaus,82.98
Other,179.89
Madera,100.87
Kern,154.79
Stanislaus,94.3
Other,149.28
Butte,93.83
Fresno,131.67
Other,151.79
Glenn,103.86
Fresno,136.16
Butte,92.37
Glenn,82.88
Stanislaus,132.67
Colusa,68.45
Merced,123.79
Other,142.06
Fresno,137.18
Merced,133.49
Stanislaus,123.04
San Joaquin,128.31
Fresno,111.04
Fresno,106.39
Other,169.11
Madera,114.11
Butte,122.76
Glenn,110.53
Kern,139.12
Butte,108.13
Colusa,94.94
Stanislaus,109.0
Merced,21.52
Stanislaus,151.12
Fresno,147.42
Other,157.37
Madera,161.55
Madera,146.45
Madera,147.53
Stanislaus,142.0
Merced,130.56
Fresno,176.95
Fresno,83.4
Butte,104.07
Kern,101.06
Fresno,122.46
Merced,113.33
Kern,99.31
Merced,150.5
Madera,113.81
Glenn,116.81
Other,131.38
Fresno,122.14
Fresno,89.3
Colusa,149.19
Merced,75.93
Glenn,116.03
Glenn,129.69
Glenn,79.32
Merced,155.84
San Joaquin,131.25
Other,84.41
Butte,123.29
Tulare,120.54
Fresno,110.01
Merced,168.33
Tulare,7.48
Other,151.88
Fresno,104.82
Glenn,97.19
Kern,151.11
Glenn,80.94
Butte,110.66
Kern,107.19
Glenn,74.01
Stanislaus,137.59
Other,165.16
Fresno,171.6
Fresno,154.11
Merced,102.79
Fresno,118.44
Fresno,118.68
Stanislaus,138.25
Stanislaus,105.47
Kern,164.5
Merced,85.78
Stanislaus,139.94
Madera,89.78
San Joaquin,113.26
Butte,96.56
Stanislaus,156.78
Butte,113.72
Kern,142.01
Fresno,116.55
Stanislaus,128.85
Fresno,127.18
Colusa,49.0
Merced,104.0
Kern,173.25
Stanislaus,96.8
Fresno,130.33
Tulare,97.02
Stanislaus,99.0
Fresno,122.3
Merced,135.68
Stanislaus,145.24
San Joaquin,113.54
Stanislaus,106.21
Merced,6.85
Stanislaus,109.88
Butte,98.49
Merced,119.42
Other,191.83
Merced,117.69
Fresno,151.51
Fresno,166.79
Fresno,118.91
Fresno,143.88
Other,151.79
Stanislaus,105.77
Other,136.0
Fresno,121.35
Madera,111.57
Kern,123.72
Fresno,55.91
Kern,57.14
Other,123.2
Madera,124.59
Fresno,119.94
Fresno,101.82
Fresno,122.69
Fresno,103.56
San Joaquin,128.73
Other,201.74
Stanislaus,26.61
Merced,119.57
Glenn,103.08
Butte,123.02
Fresno,19.29
Colusa,133.5
Kern,112.26
Kern,131.51
Other,143.32
Kern,142.54
Kern,164.59
Kern,128.71
Other,161.12
Stanislaus,8.31
Other,135.23
Stanislaus,87.17
Other,73.34
Kern,114.36
Colusa,113.64
Stanislaus,150.01
Stanislaus,135.83
Merced,137.03
Merced,90.0
Madera,147.99
Kern,165.02
Stanislaus,127.74
Colusa,114.32
Merced,101.29
Kern,153.3
Merced,60.88
Stanislaus,125.24
Tulare,152.63
Tulare,118.86
Kern,142.98
Butte,100.02
Stanislaus,123.77
Kern,151.29
Merced,125.59
Madera,159.62
Butte,59.72
Kern,132.83
Stanislaus,110.1
Kern,203.7
Fresno,125.45
Madera,129.98
Colusa,94.18
Stanislaus,88.57
San Joaquin,19.88
Other,146.78
Fresno,158.13
Merced,119.8
San Joaquin,133.77
Butte,120.7
Madera,66.84
San Joaquin,130.55
Stanislaus,125.46
Merced,103.47
Fresno,75.6
Other,180.18
Madera,97.94
Butte,73.95
Kern,156.71
Kern,31.33
Other,162.28
Kern,157.33
Glenn,86.12
Madera,10.7
Other,143.99
Tulare,132.47
Kern,146.12
Colusa,95.0
Tulare,135.66
Butte,17.76
Other,137.35
Stanislaus,131.56
Kern,148.66
Stanislaus,134.95
Other,153.62
Kern,21.09
San Joaquin,18.76
Merced,134.55
Colusa,120.87
Fresno,130.41
San Joaquin,102.06
Stanislaus,115.17
Kern,97.21
Madera,125.28
Merced,54.71
Kern,10.15
Glenn,99.84
Fresno,92.61
Kern,142.01
Madera,134.21
Merced,129.73
Fresno,104.42
Fresno,131.59
Stanislaus,128.92
Glenn,94.99
Glenn,121.41
Kern,172.55
Merced,119.87
Madera,88.09
Butte,77.61
Madera,147.22
Fresno,134.19
Other,158.04
Fresno,119.54
Kern,105.0
Stanislaus,126.13
Tulare,128.94
Stanislaus,92.76
Other,150.82
Tulare,129.11
Madera,108.03
Other,174.5
Other,79.12
Merced,121.9
Other,132.15
Stanislaus,78.28
Stanislaus,89.52
Fresno,97.57
Fresno,145.84
Madera,8.55
Fresno,139.07
Kern,155.75
Kern,120.66
Tulare,8.32
Kern,133.09
Kern,182.35
Stanislaus,19.26
Fresno,65.44
San Joaquin,96.88
Tulare,123.23
Fresno,107.97
Stanislaus,122.08
Butte,93.9
Colusa,85.79
Stanislaus,137.59
Other,158.62
Kern,145.69
Butte,89.91
Glenn,132.03
Madera,137.75
Stanislaus,128.85
Fresno,149.07
Glenn,17.74
Other,139.08
Kern,159.51
Stanislaus,9.78
Merced,124.61
Other,151.21
San Joaquin,104.3
Other,30.03
Tulare,89.21
Madera,97.64
Colusa,89.82
Kern,131.16
San Joaquin,119.84
Other,147.07
San Joaquin,99.68
Madera,125.9
Merced,132.67
Colusa,110.09
Merced,108.21
Butte,111.85
Fresno,60.01
Madera,9.7
Stanislaus,125.46
Fresno,156.79
Stanislaus,131.93
Tulare,124.32
Merced,20.92
Fresno,136.47
Tulare,25.28
Kern,194.69
Other,126.76
Kern,141.93
Butte,112.12
Other,151.11
Kern,134.49
Stanislaus,133.92
Kern,127.31
Madera,130.82
Kern,23.01
Merced,112.57
Glenn,96.28
Kern,85.22
Madera,143.68
Tulare,131.21
Butte,110.59
Fresno,169.31
Madera,82.0
Colusa,108.65
Butte,120.43
Other,144.47
Madera,74.07
Stanislaus,9.78
Merced,153.43
Merced,134.77
Kern,112.44
San Joaquin,123.13
Other,132.54
Butte,97.62
Kern,98.18
Other,138.41
Fresno,137.5
Fresno,134.58
Madera,83.08
San Joaquin,111.3
Colusa,118.89
Fresno,87.73
Butte,46.02
Other,186.72
Fresno,115.05
Tulare,143.89
Madera,103.18
Fresno,101.35
Fresno,89.7
Stanislaus,131.34
Stanislaus,131.64
Other,194.62
Fresno,139.54
San Joaquin,97.93
Fresno,121.59
Other,124.93
Stanislaus,129.07
Madera,146.99
Fresno,161.91
Fresno,153.4
Merced,124.01
Stanislaus,123.63
San Joaquin,118.44
Tulare,97.61
Stanislaus,113.63
Fresno,137.42
Madera,123.97
Other,125.7
Madera,159.24
Fresno,143.64
Kern,72.19
Colusa,119.16
Other,10.78
Madera,122.97
Butte,57.72
Madera,125.2
Colusa,49.0
Butte,88.71
Merced,124.99
Kern,144.29
Kern,129.59
Fresno,142.54
Stanislaus,104.37
Butte,118.24
Stanislaus,140.24
Other,152.65
Glenn,116.55
Stanislaus,121.5
Other,180.28
Colusa,137.39
Kern,172.2
Kern,155.4
Merced,120.78
Kern,142.54
Stanislaus,120.98
Other,11.74
Madera,126.66
Kern,186.73
San Joaquin,89.04
Butte,109.86
Merced,75.55
Fresno,92.92
Fresno,63.94
Kern,137.99
Kern,117.69
Kern,135.89
Stanislaus,121.42
Kern,150.33
Kern,169.84
San Joaquin,89.95
Kern,152.69
Merced,118.9
Butte,90.57
Other,189.23
Other,123.3
Fresno,144.98
Glenn,116.94
Glenn,113.83
Colusa,8.94
Madera,169.25
Butte,20.02
Kern,160.39
Other,162.66
Butte,119.57
Other,150.73
Other,131.38
Fresno,127.1
Madera,116.12
Butte,129.01
Stanislaus,110.69
Glenn,90.71
Fresno,107.02
Stanislaus,121.42
Kern,21.0
Other,148.71
Other,156.6
Other,10.3
Stanislaus,133.18
San Joaquin,92.12
Kern,156.01
Merced,133.42
Merced,133.94
Kern,158.46
Stanislaus,133.84
Tulare,166.24
Other,186.92
Other,164.88
Fresno,108.44
Butte,100.35
Tulare,126.59
Other,183.74
Fresno,114.27
Madera,91.78
Tulare,147.17
Kern,127.14
Kern,11.46
Stanislaus,22.71
Madera,122.58
Stanislaus,71.74
Merced,111.45
Kern,126.26
Colusa,95.62
Fresno,130.49
Madera,121.74
Glenn,99.91
Other,139.37
San Joaquin,56.91
Madera,100.48
Merced,129.35
Glenn,107.03
Colusa,143.12
Madera,126.2
Stanislaus,59.09
Merced,120.63
Stanislaus,21.76
San Joaquin,77.7
Tulare,74.93
Fresno,144.19
Stanislaus,117.31
Stanislaus,139.43
Merced,120.48
Tulare,96.77
Butte,80.07
Stanislaus,57.99
Butte,90.31
Kern,23.98
Madera,112.11
San Joaquin,97.23
Stanislaus,135.24
Madera,110.19
Merced,131.99
Kern,109.9
Kern,129.85
Madera,122.97
Butte,88.64
Other,154.29
Kern,132.56
Colusa,95.89
Tulare,137.34
Fresno,146.63
Stanislaus,141.93
Fresno,117.26
Madera,25.87
Madera,138.68
Kern,134.22
Fresno,126.0
Kern,103.86
Kern,132.65
Fresno,172.86
Other,147.26
Other,168.53
Merced,124.69
Other,59.96
San Joaquin,94.29
Stanislaus,98.64
Glenn,90.46
Butte,114.71
Kern,146.04
Stanislaus,149.72
Kern,140.09
Other,121.08
Madera,99.25
San Joaquin,113.96
Glenn,95.89
Fresno,134.66
Merced,118.9
Stanislaus,137.81
Fresno,124.82
Kern,135.71
Kern,119.7
Fresno,70.88
Kern,112.7
Merced,25.74
Fresno,130.41
Tulare,135.32
Merced,117.31
Glenn,122.51
Butte,103.27
Madera,176.25
Merced,60.95
Madera,49.13
Other,130.8
Madera,151.0
Merced,95.49
Other,134.85
San Joaquin,6.65
Other,29.74
Fresno,25.99
Other,139.18
Butte,88.64
Fresno,143.8
Fresno,57.49
Glenn,85.66
Merced,98.73
Kern,104.65
Madera,100.41
Other,162.47
Stanislaus,125.91
Tulare,133.14
Madera,115.19
Other,147.65
Other,174.69
Merced,120.02
Kern,138.69
Butte,107.4
Tulare,104.92
Stanislaus,101.72
Butte,105.87
Stanislaus,146.34
San Joaquin,118.51
Kern,115.41
Tulare,150.36
Other,207.9
Fresno,154.51
Kern,142.45
Butte,105.87
Tulare,175.81
Kern,155.4
Glenn,118.43
Butte,87.51
Butte,111.79
Merced,124.99
Stanislaus,95.99
Kern,127.93
Tulare,131.88
Butte,83.99
Stanislaus,115.1
Stanislaus,103.41
Fresno,123.32
Colusa,103.88
Merced,124.99
Madera,120.12
Tulare,123.4
Other,167.76
Fresno,110.56
San Joaquin,6.72
Merced,132.67
Butte,147.83
Stanislaus,120.98
Butte,131.4
Kern,109.99
Stanislaus,10.0
Merced,23.85
Fresno,140.57
Other,75.46
Colusa,138.62
Kern,116.99
Stanislaus,61.59
Stanislaus,7.94
Butte,61.25
Merced,122.73
Other,150.44
Merced,147.79
Other,143.6
Kern,100.36
San Joaquin,96.88
Fresno,58.83
San Joaquin,21.63
Merced,65.24
Madera,157.54
Merced,90.07
Merced,120.1
Fresno,137.26
Colusa,108.31
Other,145.34
Kern,130.55
Kern,113.58
Stanislaus,155.75
Madera,10.24
Fresno,107.42
Kern,85.49
Stanislaus,121.86
Fresno,120.33
Kern,115.15
Madera,125.74
Stanislaus,128.62
Fresno,94.58
Merced,124.54
Merced,130.03
Kern,156.36
Madera,115.35
Madera,124.97
San Joaquin,145.74
Kern,90.04
Fresno,141.51
Fresno,89.78
Stanislaus,101.72
Butte,99.68
Madera,93.94
Fresno,131.91
Other,145.15
San Joaquin,95.97
Other,196.83
Stanislaus,26.97
Other,59.87
Fresno,143.09
Fresno,133.56
Stanislaus,111.57
Other,159.97
San Joaquin,137.34
Butte,61.98
Fresno,110.41
Madera,113.96
Glenn,129.24
Madera,131.36
Tulare,138.52
Fresno,119.38
Fresno,122.06
Madera,114.27
Butte,135.66
Merced,125.74
Colusa,119.1
Stanislaus,126.35
Glenn,111.76
Kern,134.66
Stanislaus,138.69
Butte,119.23
San Joaquin,78.26
Madera,116.58
Butte,126.75
Madera,141.99
Madera,121.2
San Joaquin,108.64
Kern,125.65
Fresno,142.46
Other,178.45
Kern,123.9
Tulare,136.92
Madera,123.51
Merced,95.19
Fresno,146.0
Other,157.56
San Joaquin,113.96
Other,163.82
Butte,108.53
Kern,193.64
Stanislaus,127.67
Merced,148.39
Other,136.29
San Joaquin,101.78
Stanislaus,115.4
Fresno,113.08
Kern,143.15
Fresno,136.16
Merced,118.82
Kern,155.66
San Joaquin,90.37
Butte,93.1
Butte,103.94
Other,114.25
Merced,91.2
Madera,7.47
Madera,120.89
Kern,174.82
Fresno,129.78
Stanislaus,112.16
Madera,114.58
Tulare,159.52
Butte,122.63
Other,157.08
San Joaquin,17.57
Merced,138.01
San Joaquin,113.33
Madera,129.28
Kern,137.29
Glenn,79.97
Madera,77.38
Butte,125.75
Madera,94.56
Merced,98.95
Other,77.48
Other,178.83
Butte,107.46
Other,155.25
Other,138.41
Fresno,121.04
Other,126.47
Merced,128.6
Kern,136.94
Kern,187.78
Madera,126.97
Stanislaus,123.99
Stanislaus,92.83
Glenn,108.72
Other,142.06
Madera,18.71
Madera,85.85
Fresno,102.85
Butte,118.7
Stanislaus,83.35
Tulare,137.17
Madera,136.83
Kern,134.49
San Joaquin,135.03
Other,164.11
San Joaquin,115.01
Colusa,26.69
Other,184.32
Kern,119.18
Madera,20.71
Stanislaus,136.42
Kern,11.38
Fresno,126.08
Colusa,20.54
Kern,143.68
Merced,111.97
Tulare,140.62
Butte,122.23
Other,207.8
Other,111.36
Stanislaus,147.51
Other,126.66
Stanislaus,96.87
Stanislaus,154.2
Kern,101.94
Madera,123.51
Kern,129.15
Madera,143.99
Kern,121.28
Madera,86.55
Colusa,96.16
Kern,155.4
Merced,115.28
Tulare,91.56
Fresno,127.5
Stanislaus,73.72
Butte,90.24
Stanislaus,105.62
Merced,88.72
Stanislaus,122.38
Colusa,7.3
Fresno,131.75
Merced,132.14
Merced,135.53
Butte,19.82
Stanislaus,52.7
Butte,66.97
Fresno,27.72
Stanislaus,52.33
Butte,107.33
Madera,119.5
Madera,137.44
Butte,24.01
Other,180.66
Fresno,121.51
Other,150.15
Other,157.56
Colusa,129.61
Kern,179.38
Colusa,100.26
Butte,107.53
Butte,15.49
Kern,164.5
Tulare,106.51
Fresno,162.38
Madera,102.41
San Joaquin,56.77
Glenn,72.52
Other,12.9
Kern,154.96
Stanislaus,140.24
Fresno,164.74
Madera,134.44
San Joaquin,120.68
Fresno,155.53
San Joaquin,124.11
Stanislaus,105.84
Kern,112.96
Merced,130.03
Kern,134.22
Stanislaus,57.7
Fresno,106.23
Stanislaus,128.33
Stanislaus,149.13
Kern,159.34
Kern,174.74
Kern,153.39
Butte,118.7
Glenn,103.02
San Joaquin,98.77
Tulare,144.9
Merced,24.98
Madera,142.83
Kern,182.79
Stanislaus,120.32
Glenn,114.87
San Joaquin,19.74
Other,145.34
Merced,99.1
Merced,135.68
Fresno,92.22
Madera,74.92
Other,55.73
Stanislaus,112.53
Merced,151.18
San Joaquin,110.11
Fresno,112.46
Madera,134.9
Other,157.46
Stanislaus,120.98
Fresno,102.06
Merced,115.81
Kern,136.76
Stanislaus,19.85
Stanislaus,151.56
Stanislaus,101.94
Fresno,115.05
Other,140.62
Other,153.13
Fresno,101.43
Stanislaus,21.39
Fresno,105.68
Glenn,123.93
Fresno,68.04
Kern,144.72
Fresno,138.99
Stanislaus,123.63
Other,178.83
Other,29.07
Fresno,131.51
Madera,141.91
Stanislaus,122.74
Fresno,140.73
Fresno,159.55
Fresno,116.08
Fresno,66.78
Fresno,130.1
Fresno,122.69
Kern,139.56
Butte,104.87
San Joaquin,131.81
Butte,113.72
Other,119.93
Kern,119.61
Other,190.77
Madera,118.27
Butte,65.64
Merced,108.66
Fresno,64.26
Other,144.57
Kern,76.21
Kern,137.72
Fresno,177.42
Madera,121.12
Glenn,98.03
Tulare,158.34
Butte,120.9
Fresno,135.29
Glenn,79.19
Other,160.26
Kern,107.62
Kern,177.62
Madera,90.17
Fresno,110.49
Kern,169.05
Tulare,160.27
San Joaquin,137.34
Butte,101.74
San Joaquin,102.83
Butte,92.37
Merced,145.68
San Joaquin,96.67
Other,26.47
Fresno,8.19
Fresno,149.39
Stanislaus,105.69
Madera,134.83
Fresno,118.2
Kern,22.22
Stanislaus,104.37
Stanislaus,113.85
Stanislaus,87.24
Other,133.79
Stanislaus,90.77
Merced,101.89
Merced,8.95
Merced,149.52
Merced,78.03
Fresno,99.15
Stanislaus,96.43
Kern,144.99
Fresno,167.34
Kern,129.41
San Joaquin,115.71
Butte,96.36
Merced,123.79
Stanislaus,136.27
Butte,108.06
Kern,153.04
Colusa,96.51
Merced,125.67
Colusa,106.13
San Joaquin,56.63
Madera,142.14
Stanislaus,78.35
Stanislaus,134.36
Glenn,48.04
Madera,113.5
Stanislaus,96.36
Stanislaus,18.52
Other,166.99
Merced,102.87
Kern,125.82
Kern,150.24
Kern,130.72
Butte,101.15
Stanislaus,107.46
Fresno,152.78
Madera,101.79
Butte,46.15
Stanislaus,123.63
Madera,103.03
Colusa,123.87
Tulare,22.01
Kern,103.6
Colusa,108.59
Colusa,111.11
Colusa,77.33
Other,155.35
Glenn,101.33
Merced,122.51
Kern,154.26
Butte,78.87
Tulare,100.63
Merced,9.33
Fresno,120.02
Colusa,130.02
Fresno,21.42
Fresno,155.77
Kern,126.52
Other,138.79
Fresno,114.98
Kern,154.79
Merced,103.17
Madera,104.34
Madera,139.91
Stanislaus,24.33
Fresno,141.2
Kern,104.56
Butte,101.28
Tulare,124.74
Glenn,109.56
Other,151.02
Merced,103.54
Stanislaus,111.35
Other,184.42
Other,160.35
Tulare,161.2
Other,159.97
Madera,120.04
Merced,96.85
Stanislaus,55.57
Glenn,119.4
San Joaquin,87.29
Kern,10.5
San Joaquin,105.91
Fresno,141.75
Madera,99.25
San Joaquin,98.84
Fresno,114.03
Fresno,109.86
Merced,108.28
Merced,121.0
Stanislaus,128.7
Other,144.28
Kern,161.88
Madera,155.31
Kern,144.99
Kern,186.02
Kern,114.8
Fresno,103.95
Kern,121.01
Merced,135.45
Merced,128.3
Merced,112.72
San Joaquin,88.13
San Joaquin,90.02
Fresno,129.86
Merced,91.8
Kern,32.64
Butte,140.65
Madera,149.46
Madera,142.06
Stanislaus,75.48
Stanislaus,109.15
Stanislaus,62.77
Butte,107.66
Other,128.21
Kern,9.8
Madera,124.51
Kern,24.06
Fresno,109.62
Butte,126.82
Merced,110.84
Butte,107.0
Fresno,8.82
Other,156.7
Merced,156.52
Colusa,129.13
Butte,102.81
Stanislaus,110.84
Glenn,96.48
Kern,158.46
Glenn,88.0
Stanislaus,21.68
San Joaquin,81.69
San Joaquin,116.76
Kern,149.45
Fresno,154.82
Kern,147.35
Glenn,129.11
Butte,106.2
Stanislaus,125.68
Merced,22.58
Merced,135.37
Merced,136.2
San Joaquin,122.71
Merced,146.74
Glenn,6.86
Kern,111.56
Kern,165.81
Stanislaus,145.82
San Joaquin,52.71
Fresno,127.57
Butte,101.21
Colusa,86.27
Fresno,80.4
Kern,148.84
San Joaquin,101.64
Kern,21.88
San Joaquin,135.66
San Joaquin,105.91
Fresno,124.11
Merced,150.27
Merced,110.09
Stanislaus,108.56
Stanislaus,113.19
Stanislaus,99.08
Kern,149.45
Kern,173.69
Fresno,108.2
Colusa,114.66
Colusa,86.2
Madera,114.88
Merced,140.49
Stanislaus,110.32
Tulare,152.96
San Joaquin,88.13
Madera,134.21
Stanislaus,90.63
Fresno,125.68
Tulare,110.21
Fresno,113.08
Kern,188.91
Merced,21.6
Merced,129.73
Butte,107.13
Stanislaus,102.83
Kern,111.39
Butte,121.5
Kern,134.66
Stanislaus,99.45
Merced,128.38
Butte,130.61
Fresno,68.04
Merced,133.42
Fresno,164.35
Stanislaus,140.46
Kern,148.05
San Joaquin,118.86
Merced,138.76
San Joaquin,18.55
Stanislaus,136.64
Madera,161.39
Fresno,7.72
San Joaquin,85.75
Butte,129.61
Butte,117.77
Kern,120.14
Other,182.1
Stanislaus,19.92
Fresno,63.16
Butte,125.49
Fresno,102.14
Butte,97.16
San Joaquin,74.34
Stanislaus,125.32
Kern,152.51
Kern,175.09
Fresno,128.13
Butte,115.38
Other,187.11
Fresno,133.17
Kern,166.08
Butte,6.12
Kern,8.05
Stanislaus,124.36
Merced,88.64
Kern,147.88
Kern,128.1
Other,93.94
Other,82.97
Butte,122.36
Glenn,102.56
Colusa,22.66
Madera,95.79
Tulare,21.5
Butte,77.01
Madera,135.9
Madera,102.1
Kern,148.84
Fresno,133.17
Kern,130.64
Fresno,114.82
Colusa,110.56
Madera,112.96
Merced,24.46
Butte,93.57
Merced,140.79
Merced,125.37
Merced,134.17
Fresno,123.01
Other,130.9
Kern,123.55
Fresno,126.08
San Joaquin,115.15
Butte,105.67
Madera,9.32
Glenn,97.51
Other,162.08
Kern,135.71
Other,212.14
Fresno,128.91
San Joaquin,131.11
Merced,97.75
Kern,7.52
Fresno,121.75
Other,170.36
Tulare,147.92
Kern,123.46
Merced,155.32
Stanislaus,86.88
Stanislaus,107.09
Other,158.04
Madera,126.36
Stanislaus,115.91
Stanislaus,117.01
Tulare,100.72
Merced,94.89
Fresno,9.45
Stanislaus,96.87
San Joaquin,140.77
Merced,158.02
Other,157.27
San Joaquin,124.6
San Joaquin,147.28
Kern,128.54
Tulare,163.88
Stanislaus,153.17
Merced,114.61
Colusa,98.83
Merced,18.59
Kern,70.7
Kern,9.19
Fresno,130.8
Merced,101.06
Fresno,61.42
Tulare,142.38
Fresno,124.5
Merced,98.28
San Joaquin,80.92
Merced,136.13
Other,127.24
Madera,104.03
Kern,113.14
Butte,118.04
Butte,132.67
Glenn,109.82
Tulare,174.47
Colusa,118.62
Kern,159.34
Fresno,156.87
Fresno,57.25
Fresno,114.27
San Joaquin,64.19
Fresno,89.85
Other,134.56
Merced,120.32
Kern,178.06
Stanislaus,7.2
Merced,123.33
Tulare,133.73
Colusa,132.34
Kern,144.29
Stanislaus,105.4
Kern,147.61
Other,165.55
Stanislaus,140.53
Colusa,122.51
Stanislaus,101.8
Tulare,114.24
San Joaquin,93.38
Other,195.39
Fresno,105.68
Other,206.17
Butte,96.36
Other,114.73
Merced,139.59
Butte,127.35
San Joaquin,88.69
Merced,130.26
Butte,104.6
Kern,114.8
Kern,139.83
Kern,126.09
Madera,99.56
Tulare,124.66
Butte,90.57
Other,134.17
Other,149.09
Other,10.68
Merced,138.31
Tulare,132.97
Fresno,127.1
Madera,154.0
Colusa,91.46
Kern,160.12
Merced,127.17
Stanislaus,101.65
Colusa,105.92
Butte,80.86
Merced,136.73
Colusa,105.45
Other,162.95
Butte,8.05
Fresno,82.77
Fresno,138.68
Merced,104.52
Other,78.06
Stanislaus,120.76
Fresno,124.42
Madera,126.2
Butte,118.44
Kern,165.02
Other,133.98
Madera,141.6
Merced,134.1
Merced,130.11
Other,11.07
Other,177.0
Glenn,55.1
Colusa,100.05
Tulare,135.24
Merced,131.61
Fresno,150.33
Butte,107.13
Merced,131.01
Stanislaus,130.54
Madera,127.59
Merced,109.56
Madera,118.81
Butte,130.47
Other,128.49
Colusa,119.78
Stanislaus,84.45
Stanislaus,156.11
Fresno,142.46
Stanislaus,153.39
Tulare,152.54
Kern,154.96
Butte,106.13
Butte,121.5
Madera,8.08
Butte,112.19
Madera,124.59
Colusa,137.18
Tulare,111.55
San Joaquin,97.93
Merced,135.68
Kern,110.25
Other,107.9
Colusa,125.44
Merced,128.15
Other,10.2
Madera,8.32
Fresno,115.05
Madera,23.1
Glenn,100.82
Kern,142.01
Fresno,118.2
Stanislaus,132.15
Stanislaus,5.95
Kern,20.56
Fresno,152.38
Other,145.15
Kern,123.29
Other,185.67
Other,100.97
Other,153.62
Other,27.24
Other,161.03
Stanislaus,133.92
Fresno,126.63
Madera,156.08
Kern,133.18
San Joaquin,138.95
Stanislaus,87.46
Madera,117.35
Madera,131.52
Kern,151.99
Butte,109.99
Stanislaus,122.82
Merced,150.42
Butte,100.68
Merced,141.7
Butte,107.46
Tulare,12.6
Other,172.77
Kern,142.98
Madera,116.5
Kern,177.28
Other,172.38
Stanislaus,74.82
Butte,16.36
Fresno,106.78
Stanislaus,155.16
Merced,146.36
Butte,46.28
Kern,164.06
Glenn,78.93
Tulare,97.52
Kern,124.16
San Joaquin,119.21
Colusa,128.65
Other,151.88
Butte,112.58
Butte,138.19
Stanislaus,75.19
San Joaquin,92.54
Fresno,152.38
Madera,113.73
Madera,117.12
Fresno,131.67
Fresno,168.29
Merced,157.27
San Joaquin,96.88
Other,160.83
Tulare,105.5
Merced,137.33
Madera,114.42
Fresno,152.22
Kern,185.32
San Joaquin,77.56
Fresno,145.22
Stanislaus,111.35
Kern,132.83
Kern,151.72
Fresno,140.17
San Joaquin,98.77
Madera,115.19
San Joaquin,135.24
Kern,23.71
Butte,35.64
Other,11.07
Other,172.0
Colusa,105.58
Butte,89.38
Fresno,27.88
Tulare,163.8
Fresno,132.14
Kern,69.91
Kern,136.68
Stanislaus,98.56
San Joaquin,133.0
San Joaquin,102.41
Kern,166.25
Fresno,146.16
Fresno,101.27
Glenn,110.27
Fresno,102.3
Other,161.32
Stanislaus,130.02
Fresno,125.61
Kern,122.76
Stanislaus,117.53
Stanislaus,118.63
Kern,68.16
Fresno,121.04
Stanislaus,114.81
Butte,111.72
Other,169.5
Butte,122.16
Glenn,111.95
Other,170.84
Fresno,151.99
Fresno,101.82
Madera,119.66
Merced,106.7
Fresno,117.18
Other,145.15
Madera,90.4
Merced,136.5
Stanislaus,104.59
Stanislaus,123.55
Other,149.67
Fresno,123.09
San Joaquin,127.54
Other,139.66
Madera,119.74
Merced,80.07
Kern,97.39
Stanislaus,90.48
Tulare,113.06
Madera,103.33
Tulare,126.92
Merced,71.64
Fresno,133.64
Merced,88.57
Tulare,129.86
Other,131.48
Stanislaus,130.24
San Joaquin,25.69
Fresno,10.24
Kern,170.98
Fresno,120.33
Tulare,129.36
Kern,130.02
San Joaquin,135.87
Tulare,133.48
Madera,147.69
Fresno,9.92
Fresno,104.66
Butte,67.03
Other,150.82
Tulare,142.55
Tulare,148.76
Fresno,124.5
Fresno,133.4
Stanislaus,111.43
San Joaquin,142.94
Other,94.81
Merced,139.51
Fresno,8.58
Fresno,124.58
Fresno,108.36
Fresno,137.81
Kern,106.75
Madera,160.62
San Joaquin,113.75
San Joaquin,115.01
Other,144.28
Butte,75.88
Merced,124.76
Other,145.53
Kern,166.08
Merced,121.3
San Joaquin,118.23
Other,120.79
Glenn,99.84
Merced,130.03
Other,138.31
Glenn,123.61
Kern,82.25
Other,166.22
Colusa,158.0
San Joaquin,105.35
Stanislaus,90.77
Other,158.24
Fresno,122.14
Madera,20.4
Fresno,144.11
Stanislaus,126.35
Madera,100.79
Stanislaus,123.41
Stanislaus,145.38
Fresno,86.55
Stanislaus,121.64
Other,161.03
Butte,54.8
Merced,108.06
Stanislaus,106.43
Merced,91.43
Fresno,98.67
Fresno,140.73
Madera,21.02
Kern,99.75
Merced,114.0
Madera,132.29
Tulare,121.63
Madera,125.97
San Joaquin,89.25
Butte,91.04
Kern,133.7
Madera,138.22
Glenn,107.03
Kern,115.32
Madera,135.52
Stanislaus,88.2
Fresno,120.64
Merced,125.52
Stanislaus,6.69
Fresno,146.95
Madera,148.46
San Joaquin,105.21
Kern,121.98
Merced,106.78
Fresno,113.16
Other,9.91
Glenn,102.89
Fresno,110.25
Fresno,132.3
Madera,140.91
Madera,28.8
Butte,147.76
Other,109.63
Fresno,137.66
Other,153.42
Fresno,142.3
Fresno,160.57
Merced,119.27
Kern,110.51
Merced,102.34
Glenn,102.37
Madera,148.76
Madera,103.41
Merced,20.92
Stanislaus,22.05
Merced,123.94
Kern,179.81
Other,139.08
Fresno,123.64
Madera,117.96
Stanislaus,104.52
Fresno,123.87
Merced,96.7
Kern,108.24
Madera,139.6
Colusa,18.43
Merced,96.7
Colusa,7.58
Tulare,145.15
Other,26.47
Fresno,9.14
Colusa,96.1
San Joaquin,87.22
Glenn,77.51
Fresno,124.82
Butte,112.52
Butte,81.53
Colusa,114.11
Kern,155.14
Kern,175.18
Glenn,100.88
Glenn,123.87
Fresno,145.22
Kern,120.05
Fresno,137.26
Madera,109.57
Butte,104.8
Butte,110.99
Other,133.69
Kern,128.89
Fresno,140.96
Butte,126.82
Butte,100.61
Kern,10.24
San Joaquin,106.19
Other,28.1
Other,111.17
Fresno,165.53
Tulare,145.91
Madera,74.84
Merced,144.33
Fresno,142.7
Merced,119.8
Tulare,131.12
Butte,20.08
Merced,125.14
Tulare,130.45
Fresno,10.71
Fresno,154.27
Tulare,118.36
Fresno,106.16
Tulare,97.27
Glenn,109.75
Colusa,121.21
Madera,131.67
Other,172.77
Kern,108.59
Merced,133.27
Fresno,112.85
Kern,167.65
San Joaquin,94.36
Other,28.1
Kern,69.3
Other,172.67
Kern,29.05
Tulare,145.4
Fresno,117.1
Madera,141.45
Kern,122.59
Stanislaus,101.06
Kern,185.94
Tulare,141.79
Tulare,122.05
Kern,138.95
Madera,162.55
Butte,95.89
Kern,115.06
Merced,88.49
Madera,125.9
Merced,115.06
Kern,136.68
Kern,27.74
Kern,129.41
Merced,97.37
Stanislaus,118.92
Kern,135.98
Butte,88.44
San Joaquin,128.17
Merced,23.18
Colusa,125.44
San Joaquin,60.34
Other,110.3
Fresno,117.02
San Joaquin,87.22
Butte,124.29
San Joaquin,5.46
Merced,106.78
Merced,165.93
Fresno,124.11
Fresno,154.04
Stanislaus,131.2
Stanislaus,130.61
Stanislaus,150.01
Kern,110.43
Tulare,134.82
Kern,138.86
Merced,11.21
Butte,136.13
Tulare,114.83
Kern,150.15
San Joaquin,120.4
Madera,137.44
Stanislaus,127.52
Kern,170.54
Other,165.26
Glenn,56.79
Other,154.48
Madera,163.86
Fresno,138.36
Kern,128.36
Kern,91.18
Merced,133.64
Merced,116.41
San Joaquin,101.78
Fresno,104.42
Fresno,152.14
Stanislaus,72.54
Fresno,108.28
Tulare,116.76
Other,138.41
Butte,106.53
Fresno,156.87
Other,83.26
Stanislaus,128.77
Madera,123.74
Fresno,108.91
Stanislaus,136.93
Merced,26.41
Tulare,142.21
Kern,167.39
Stanislaus,116.42
Butte,100.15
Fresno,169.08
Other,32.05
Glenn,105.8
Tulare,120.79
Madera,100.95
Kern,126.18
Other,138.99
Stanislaus,20.95
Kern,151.11
Stanislaus,150.01
Kern,152.6
Madera,141.83
Merced,136.43
Stanislaus,120.1
Fresno,137.02
Stanislaus,80.12
Stanislaus,101.65
Other,12.7
Other,175.66
Stanislaus,110.1
Fresno,91.59
Kern,145.6
Stanislaus,82.32
Merced,95.72
Stanislaus,128.4
Other,128.21
Glenn,107.23
Glenn,90.07
Kern,122.24
Tulare,91.31
Madera,106.8
Kern,8.75
Other,159.29
Fresno,138.76
Fresno,8.82
Kern,94.94
Merced,96.92
Kern,135.71
Kern,147.52
Madera,115.04
Other,173.54
San Joaquin,90.93
Tulare,69.05
Butte,90.44
Kern,153.48
Glenn,20.59
Merced,113.85
Other,155.16
Fresno,133.8
Colusa,99.37
Tulare,69.89
Merced,134.85
Fresno,137.26
Tulare,9.58
Merced,79.24
Madera,129.74
Butte,124.69
Madera,127.74
Kern,155.4
Tulare,133.22
Merced,113.33
Colusa,140.53
Kern,28.44
Fresno,122.93
Kern,85.84
Merced,120.55
Kern,124.34
Fresno,126.39
Kern,123.02
Stanislaus,129.21
Fresno,173.72
Fresno,146.63
Fresno,101.12
Butte,111.79
Fresno,153.56
Fresno,129.54
Fresno,23.39
Glenn,113.51
Butte,103.54
Madera,125.74
Butte,19.75
Kern,11.81
Glenn,110.66
Stanislaus,88.86
Fresno,114.58
Kern,150.06
Madera,149.69
Stanislaus,107.97
Fresno,147.42
Merced,130.41
Other,89.32
Madera,144.07
Glenn,116.16
Madera,113.27
Stanislaus,23.37
Colusa,127.08
Butte,107.66
Kern,163.45
San Joaquin,122.71
Fresno,123.24
Merced,104.52
Other,173.92
Merced,92.33
Other,102.8
Fresno,104.5
Other,168.15
Glenn,104.18
Other,113.58
Madera,118.43
Stanislaus,145.82
Other,155.25
Kern,129.5
Fresno,58.51
Fresno,127.02
San Joaquin,106.4
Stanislaus,125.1
San Joaquin,130.83
Other,165.65
Other,145.05
Kern,27.12
Glenn,119.4
Madera,64.68
Fresno,151.75
Kern,9.01
Other,113.77
Other,162.57
Kern,145.25
Other,113.0
Colusa,87.02
Stanislaus,128.99
Tulare,172.79
Stanislaus,128.77
Kern,139.21
Stanislaus,57.92
Fresno,124.66
Fresno,97.1
Stanislaus,136.49
Madera,132.59
Colusa,94.87
Fresno,57.64
Kern,64.4
Tulare,77.28
Butte,94.83
Stanislaus,151.26
Butte,67.16
Butte,22.34
San Joaquin,98.0
Fresno,109.62
Stanislaus,152.66
Kern,145.6
Fresno,110.49
Kern,125.48
Merced,123.18
Madera,57.13
Kern,99.22
Other,117.14
Fresno,91.74
Fresno,107.02
Butte,129.87
Fresno,90.64
Kern,132.83
Colusa,23.41
Merced,143.88
Fresno,141.28
Other,159.97
Kern,141.66
Tulare,134.15
Other,156.41
Tulare,175.56
Kern,26.51
Stanislaus,141.56
Stanislaus,109.07
Kern,139.83
Kern,115.15
Kern,189.44
Fresno,141.59
Colusa,106.67
Madera,107.18
Kern,141.84
Fresno,121.04
Kern,148.84
Merced,119.2
Madera,138.14
Merced,128.68
Butte,105.8
Kern,133.35
Tulare,108.7
Other,137.25
San Joaquin,115.99
Tulare,149.52
Fresno,52.21
Kern,133.96
San Joaquin,97.58
San Joaquin,91.91
Fresno,119.54
Merced,134.1
Merced,120.32
Glenn,8.74
Fresno,103.08
Colusa,116.09
Madera,95.4
Madera,127.82
Merced,140.87
Other,169.5
Colusa,127.01
Butte,7.25
Madera,139.45
Madera,97.33
Butte,119.04
Fresno,119.62
Other,120.6
San Joaquin,131.11
Stanislaus,146.34
Stanislaus,101.5
Colusa,53.71
Tulare,148.34
Glenn,18.45
Stanislaus,122.6
Tulare,21.59
Glenn,48.17
Other,116.85
Stanislaus,138.18
Other,204.92
Fresno,124.19
Glenn,67.28
Other,35.04
Madera,138.68
Glenn,74.66
Fresno,126.16
Fresno,137.81
Merced,112.2
Fresno,126.94
Other,145.15
Stanislaus,110.1
Other,161.12
Glenn,122.38
Other,140.43
Fresno,20.0
Madera,62.91
Glenn,91.56
Other,168.53
Butte,113.58
Kern,158.46
Madera,148.69
Madera,139.52
San Joaquin,7.7
Stanislaus,18.08
Madera,109.34
San Joaquin,8.05
Kern,115.06
Other,137.44
Kern,135.28
Other,114.44
Madera,144.91
Other,175.56
Madera,9.32
Madera,87.47
Kern,146.21
Kern,148.49
Merced,154.26
Butte,103.74
Kern,141.58
Kern,158.02
San Joaquin,108.01
Glenn,121.28
Fresno,137.89
Kern,25.29
Merced,16.71
Kern,10.5
Fresno,147.66
Kern,155.31
Other,159.87
Glenn,109.43
Kern,147.7
Stanislaus,117.67
Stanislaus,75.78
Kern,140.35
Kern,120.58
Stanislaus,125.02
Tulare,160.27
Merced,48.99
Tulare,6.8
Butte,77.14
Madera,146.84
Kern,127.75
Merced,8.35
Madera,127.59
Fresno,88.67
Fresno,93.24
Stanislaus,138.55
Tulare,131.46
Merced,22.88
Merced,84.2
Merced,109.56
San Joaquin,116.55
San Joaquin,115.57
Kern,119.7
San Joaquin,96.39
Madera,94.71
Other,33.21
Madera,102.79
Kern,144.99
San Joaquin,91.63
Madera,124.59
Fresno,65.52
Colusa,117.46
Madera,135.37
Kern,129.68
Kern,11.38
Kern,134.31
Stanislaus,109.81
Colusa,108.52
Fresno,19.84
San Joaquin,127.61
Kern,175.35
Merced,101.51
Other,118.96
Colusa,79.17
Other,150.34
Other,184.32
Butte,103.67
Butte,111.39
Colusa,82.24
Other,169.02
Merced,97.75
Stanislaus,112.09
San Joaquin,62.3
Butte,120.56
Butte,128.41
Fresno,141.12
San Joaquin,17.64
Butte,89.58
Merced,129.28
Stanislaus,131.64
Stanislaus,109.07
Kern,111.91
Madera,10.63
Stanislaus,53.21
Stanislaus,136.05
Stanislaus,7.94
Kern,181.74
Tulare,158.17
Madera,137.83
Stanislaus,98.42
Kern,113.49
Other,202.22
Madera,109.26
San Joaquin,107.52
San Joaquin,17.92
Fresno,94.42
Stanislaus,120.54
Glenn,116.49
Fresno,117.34
Madera,86.16
Stanislaus,131.05
Fresno,122.38
Fresno,138.84
Other,164.88
San Joaquin,93.1
Kern,148.66
Kern,146.3
Fresno,137.66
Glenn,128.85
Fresno,108.6
Other,148.61
Madera,121.58
San Joaquin,19.95
Kern,139.39
Madera,105.1
Butte,75.68
Fresno,7.95
Merced,120.1
San Joaquin,102.48
San Joaquin,121.1
Colusa,112.27
Stanislaus,121.42
Kern,129.76
Tulare,133.56
Stanislaus,101.58
Fresno,109.62
Madera,10.09
San Joaquin,121.31
Merced,99.18
Other,125.12
Glenn,104.25
Fresno,75.91
Fresno,163.96
Merced,23.18
Fresno,95.68
Kern,143.33
Butte,91.64
Merced,111.6
Other,151.79
Madera,97.33
Stanislaus,135.98
Stanislaus,127.6
Merced,130.94
Other,140.04
Madera,142.45
Glenn,7.58
Fresno,133.17
San Joaquin,114.17
Kern,66.5
Stanislaus,77.84
Stanislaus,109.66
Stanislaus,107.97
San Joaquin,139.93
Other,194.62
Fresno,62.76
Fresno,58.35
Stanislaus,107.38
Fresno,157.11
Fresno,123.87
Butte,77.8
Fresno,131.43
Kern,145.25
Fresno,133.48
Other,182.01
Kern,145.08
Stanislaus,98.86
Fresno,9.37
Kern,109.46
Stanislaus,106.06
Other,74.5
Kern,155.75
Merced,132.06
Kern,155.49
Merced,173.9
Colusa,97.05
Colusa,93.57
San Joaquin,93.03
San Joaquin,95.9
Kern,115.32
Merced,59.3
Stanislaus,113.41
Fresno,119.62
Madera,63.52
Colusa,111.45
Glenn,106.71
Merced,132.29
Stanislaus,141.93
Madera,112.57
Fresno,117.89
Fresno,109.54
Stanislaus,130.24
Kern,149.71
Merced,128.6
Fresno,118.05
Stanislaus,161.11
Stanislaus,159.64
Madera,73.54
Other,166.32
Fresno,152.54
Fresno,11.66
Kern,147.35
Madera,161.93
Stanislaus,113.56
Merced,129.51
Kern,147.96
Colusa,93.43
Tulare,158.34
San Joaquin,114.66
Butte,8.51
Madera,20.48
Madera,55.06
Fresno,145.84
Glenn,107.42
Stanislaus,122.89
Fresno,72.37
Kern,140.26
Kern,165.73
Madera,115.58
San Joaquin,125.16
Stanislaus,143.4
Colusa,113.16
Fresno,89.46
Stanislaus,112.23
Other,165.65
Madera,125.66
Fresno,114.27
Tulare,139.36
Other,147.55
Other,122.24
Fresno,134.35
Other,192.5
Stanislaus,61.3
Stanislaus,146.85
San Joaquin,117.53
Madera,91.71
San Joaquin,134.96
Glenn,70.25
Other,13.09
Kern,160.3
Stanislaus,137.37
Other,28.1
Fresno,155.69
Madera,142.14
San Joaquin,90.37
Kern,176.31
Fresno,110.72
Stanislaus,124.36
Tulare,113.65
Other,141.2
Fresno,9.76
Stanislaus,112.46
Kern,132.21
Stanislaus,111.21
Merced,133.42
Other,95.77
San Joaquin,101.36
Colusa,130.7
Fresno,146.79
Tulare,141.29
Stanislaus,6.47
Other,134.94
Fresno,109.78
Fresno,143.8
Merced,130.26
Fresno,60.64
Butte,104.54
Other,114.25
Stanislaus,91.36
Kern,132.12
Kern,128.01
Other,153.62
Fresno,159.86
Glenn,81.58
Butte,124.82
Madera,140.37
Stanislaus,72.99
San Joaquin,56.42
Merced,152.83
Other,185.57
Colusa,103.54
Fresno,112.46
Kern,151.64
Tulare,124.82
Merced,179.85
Kern,137.02
Kern,152.6
Glenn,87.09
San Joaquin,23.45
Merced,98.88
Tulare,10.58
Butte,121.16
Fresno,108.75
Kern,156.19
Stanislaus,137.74
Colusa,104.76
Stanislaus,113.12
Tulare,132.64
Other,156.89
Madera,110.96
Madera,133.52
Fresno,185.93
Kern,59.68
Other,158.91
Madera,139.99
Merced,143.05
Stanislaus,128.18
Kern,103.51
Stanislaus,117.09
Glenn,134.42
Madera,136.21
Madera,129.59
Merced,126.42
Tulare,131.71
Other,138.02
Merced,118.37
Glenn,105.09
Kern,169.75
Fresno,134.5
Fresno,9.84
Kern,79.89
Glenn,86.57
Kern,165.9
Other,107.61
Merced,101.51
Other,123.3
San Joaquin,119.07
Kern,169.66
Madera,91.78
Stanislaus,176.99
Colusa,108.45
Madera,9.47
Butte,92.9
Merced,17.53
Kern,144.55
Butte,104.54
Stanislaus,124.73
Tulare,149.02
San Joaquin,102.06
Merced,95.12
Madera,115.58
Stanislaus,101.5
Butte,104.34
Merced,117.24
Other,127.44
Madera,62.14
San Joaquin,99.68
Stanislaus,78.5
Fresno,150.1
Other,172.77
Tulare,9.66
Other,148.8
Butte,96.49
Butte,112.12
Tulare,152.88
Stanislaus,137.45
San Joaquin,122.08
Madera,95.56
Merced,128.08
Butte,115.31
Stanislaus,121.5
Other,141.39
Kern,150.94
Butte,119.7
Madera,87.55
Madera,94.63
Fresno,131.04
Kern,140.44
Fresno,133.72
Butte,101.15
Merced,98.88
Fresno,99.38
Fresno,101.12
Merced,88.42
Butte,99.22
Tulare,175.48
Fresno,139.15
Other,115.69
Fresno,137.02
Fresno,137.26
Other,11.45
Stanislaus,151.41
Stanislaus,91.73
Kern,105.7
Other,145.05
Fresno,135.53
Fresno,8.9
Kern,119.09
Stanislaus,121.5
Kern,173.34
Butte,138.32
Butte,82.26
Kern,100.19
Merced,140.64
Fresno,94.11
Madera,127.28
Butte,110.06
Merced,67.42
Tulare,115.67
San Joaquin,81.69
San Joaquin,87.43
Fresno,126.24
Madera,148.22
San Joaquin,92.61
Colusa,21.77
Stanislaus,116.06
Stanislaus,92.61
Stanislaus,130.83
Other,176.23
Stanislaus,101.21
Fresno,111.35
Butte,120.56
Tulare,174.22
Other,114.92
Madera,24.33
Kern,183.66
Merced,129.2
Kern,204.4
Fresno,112.93
Madera,120.97
Stanislaus,117.67
Fresno,110.09
Stanislaus,117.38
Kern,150.24
Tulare,132.05
Glenn,98.16
Merced,125.52
Madera,127.97
Fresno,123.48
Other,122.53
Other,24.83
Stanislaus,118.04
Butte,90.64
Madera,131.21
Stanislaus,61.45
Stanislaus,126.93
Stanislaus,101.43
Fresno,125.13
Stanislaus,8.31
Colusa,112.82
Stanislaus,156.04
Kern,136.59
Madera,133.21
Other,11.65
Stanislaus,114.0
Stanislaus,115.62
Butte,63.24
Stanislaus,106.5
Other,151.11
Kern,140.88
Merced,119.57
San Joaquin,91.42
Madera,121.81
Kern,132.74
Kern,138.34
Colusa,106.61
Other,154.87
Fresno,150.02
Madera,57.6
Fresno,108.75
Tulare,118.1
Kern,177.54
Tulare,138.43
Madera,144.3
Other,192.02
Kern,181.21
Colusa,108.11
Other,174.6
Other,184.42
Fresno,146.24
Merced,112.27
Butte,20.22
Merced,92.86
Other,148.9
Other,207.03
Glenn,86.96
Merced,113.85
Merced,60.05
Kern,140.7
San Joaquin,105.28
Madera,137.06
Kern,164.32
Other,150.63
Stanislaus,107.75
Kern,139.21
Kern,132.91
Kern,148.49
Kern,144.46
Stanislaus,104.37
Butte,103.14
Fresno,21.34
Madera,107.34
Kern,65.98
Other,172.0
Tulare,171.02
Kern,23.8
Fresno,105.21
Fresno,95.76
Madera,110.57
Stanislaus,120.61
Madera,132.21
Fresno,138.68
Merced,136.5
Kern,123.46
Stanislaus,99.37
Kern,159.95
Tulare,140.7
Stanislaus,9.92
Tulare,161.95
Merced,145.76
Kern,167.91
Merced,113.55
Madera,156.08
Madera,129.21
Madera,118.43
Other,161.8
Kern,168.35
Fresno,97.65
Butte,136.52
Merced,61.25
Merced,102.72
Madera,119.58
Fresno,23.86
Butte,114.38
Stanislaus,8.45
Kern,110.69
Stanislaus,147.22
Tulare,121.04
Other,165.07
Merced,112.35
Tulare,128.6
Other,128.88
Fresno,143.25
Fresno,27.25
Merced,118.67
Fresno,131.04
San Joaquin,89.25
Merced,113.85
Merced,24.38
Fresno,130.49
Fresno,135.53
Merced,110.92
Merced,117.99
Madera,82.85
Other,9.82
Other,194.91
Merced,115.96
Stanislaus,129.43
Kern,102.38
Tulare,165.23
Fresno,126.55
Merced,8.58
Kern,124.6
Butte,83.26
Colusa,115.62
Stanislaus,148.18
Stanislaus,94.67
Kern,142.01
Stanislaus,120.98
Kern,142.54
San Joaquin,78.12
Tulare,115.33
Tulare,117.68
Butte,122.76
Madera,116.19
Glenn,41.5
Merced,124.76
Madera,67.22
Other,157.85
Fresno,146.63
Other,21.94
Tulare,172.54
Stanislaus,89.08
Merced,17.83
Fresno,103.64
Glenn,85.28
San Joaquin,115.22
Stanislaus,106.87
Other,139.66
Tulare,132.97
Merced,126.72
Butte,100.81
Kern,114.62
Kern,136.41
Kern,142.45
Merced,120.32
Colusa,25.12
Fresno,98.12
Madera,91.63
Merced,120.78
Glenn,104.9
Other,146.11
Butte,93.03
Kern,149.98
Fresno,138.05
San Joaquin,21.21
San Joaquin,124.6
San Joaquin,146.37
Kern,130.55
Other,177.29
Kern,150.59
Madera,133.44
Merced,101.51
Other,138.7
Other,116.66
Other,142.06
Stanislaus,140.09
Merced,69.23
San Joaquin,115.64
Merced,115.13
Kern,121.1
Kern,164.76
Fresno,112.85
Kern,162.75
Fresno,10.87
Merced,139.89
Kern,124.08
Fresno,22.36
Other,194.14
Merced,118.44
Madera,82.16
Kern,139.83
Glenn,8.87
Fresno,118.91
Tulare,108.53
Madera,107.8
Stanislaus,119.66
Stanislaus,109.88
Tulare,145.57
Madera,155.46
Kern,165.2
Madera,121.04
Madera,136.6
Stanislaus,102.75
Madera,124.05
Fresno,123.32
Merced,22.58
Other,151.79
San Joaquin,73.99
Colusa,7.44
Stanislaus,20.43
Merced,137.78
Fresno,142.85
Kern,146.65
Fresno,142.7
Other,168.53
Madera,122.43
Kern,65.54
San Joaquin,91.0
Kern,156.8
Madera,57.29
Tulare,63.84
Merced,133.64
Kern,137.38
Butte,110.86
Merced,142.6
Kern,150.76
Other,137.06
Merced,88.64
Madera,128.51
Kern,158.73
Madera,110.11
Fresno,10.0
Fresno,174.98
Other,189.42
Stanislaus,122.08
Tulare,130.03
Madera,123.2
Merced,117.92
Tulare,130.87
Merced,72.92
Other,168.53
Tulare,172.7
Merced,9.48
Madera,125.05
Glenn,114.48
Glenn,106.58
Butte,108.26
Madera,75.31
Merced,105.8
Fresno,128.28
Kern,140.88
Fresno,134.74
Madera,136.91
Fresno,160.89
Fresno,6.77
Butte,93.17
Stanislaus,112.68
Fresno,21.89
San Joaquin,148.82
Merced,118.59
Stanislaus,7.64
Stanislaus,130.32
Butte,78.34
Merced,93.61
Other,136.68
Fresno,118.83
Stanislaus,115.54
Colusa,51.32
Stanislaus,111.5
Colusa,127.22
Butte,107.2
Tulare,141.62
Stanislaus,124.29
Madera,102.95
Kern,126.0
Stanislaus,120.25
Kern,140.26
Fresno,133.01
Butte,123.16
Kern,129.5
Fresno,103.87
Fresno,123.24
Other,182.88
Merced,96.02
Colusa,95.89
Other,137.83
Other,149.77
Kern,152.86
Madera,136.98
Butte,124.09
Butte,75.21
Other,32.15
Fresno,75.84
Tulare,115.92
Fresno,91.59
San Joaquin,117.32
Butte,116.71
Kern,153.3
Other,167.09
San Joaquin,111.23
Colusa,147.83
Fresno,123.56
Stanislaus,7.13
Stanislaus,51.52
Madera,118.73
San Joaquin,110.39
Fresno,167.34
San Joaquin,124.18
Stanislaus,111.57
Stanislaus,144.06
Fresno,120.8
Butte,78.0
Madera,131.59
Other,145.92
Kern,141.4
Kern,143.33
Madera,155.0
Fresno,121.67
Butte,110.59
Merced,122.81
Fresno,123.32
Kern,145.16
Kern,142.71
Tulare,162.04
Butte,116.64
San Joaquin,46.48
Fresno,130.65
Stanislaus,117.45
San Joaquin,108.92
Kern,175.7
Kern,155.58
Kern,162.58
Stanislaus,52.48
Madera,132.9
Tulare,9.58
Fresno,146.79
Kern,88.55
Kern,165.64
Other,9.43
Madera,103.03
Merced,134.77
Kern,130.2
San Joaquin,100.24
Kern,124.69
Stanislaus,115.91
Merced,132.82
Merced,111.6
Stanislaus,77.03
Kern,117.43
Fresno,147.42
Butte,103.21
Madera,127.59
Colusa,116.91
Fresno,124.9
Stanislaus,116.35
Stanislaus,109.07
Other,147.65
Madera,128.59
Kern,10.15
Kern,146.39
Fresno,147.1
Glenn,121.28
Butte,105.07
Butte,58.39
Merced,106.48
Madera,115.04
San Joaquin,7.98
Kern,112.18
Stanislaus,86.8
Other,27.91
Stanislaus,7.35
Other,158.52
Kern,164.85
Other,177.29
Fresno,146.79
Butte,146.63
Butte,18.55
Butte,75.14
Kern,126.96
Colusa,126.81
Fresno,115.13
Kern,9.71
Stanislaus,139.36
Butte,114.05
Colusa,58.63
Merced,133.27
Madera,131.13
Kern,173.34
Fresno,19.84
Merced,142.15
Other,158.91
Stanislaus,115.47
Madera,123.66
Merced,59.52
Fresno,148.76
Other,175.18
San Joaquin,122.64
Fresno,161.83
Fresno,134.27
Kern,140.96
Tulare,152.71
Other,124.26
Kern,181.56
Stanislaus,110.4
Madera,151.3
Fresno,97.73
Stanislaus,81.14
Stanislaus,128.92
Kern,88.02
San Joaquin,134.26
Madera,120.04
Kern,134.14
San Joaquin,137.69
Kern,114.45
Merced,103.09
Kern,125.65
Madera,133.36
Other,141.58
Kern,79.28
Merced,59.9
Other,162.37
Fresno,81.66
Kern,71.23
Fresno,122.93
Kern,139.12
Merced,76.76
Stanislaus,125.39
Tulare,154.31
Kern,134.05
San Joaquin,148.19
Colusa,84.56
Madera,133.29
Fresno,126.32
Stanislaus,142.59
Fresno,160.02
San Joaquin,133.35
Other,182.2
Kern,123.9
Other,155.35
Butte,97.22
Kern,23.8
Fresno,110.64
Merced,108.89
Madera,138.29
Fresno,98.04
Fresno,114.27
Colusa,122.17
Colusa,115.96
Other,179.41
Fresno,137.66
Butte,99.22
Butte,104.87
Madera,148.3
Butte,125.29
Merced,130.48
Kern,151.99
Fresno,147.42
Stanislaus,131.34
Stanislaus,10.0
Tulare,147.0
Other,167.67
Stanislaus,86.8
Madera,132.13
San Joaquin,65.31
Fresno,124.82
Stanislaus,131.42
Tulare,117.85
Tulare,129.36
Other,123.2
Butte,81.93
San Joaquin,84.63
Kern,126.52
Fresno,99.38
Other,124.45
Merced,117.16
Other,153.13
Fresno,136.08
Butte,7.18
Colusa,7.64
Other,83.16
Other,137.54
Stanislaus,66.22
Kern,171.59
Kern,131.08
Madera,129.82
Madera,96.48
Stanislaus,147.22
Madera,119.58
Other,123.2
Kern,157.5
Kern,163.45
Merced,9.48
Butte,85.59
Kern,160.56
Stanislaus,97.68
Fresno,114.9
Butte,7.71
Kern,115.85
Tulare,124.24
San Joaquin,124.67
San Joaquin,132.37
Stanislaus,127.67
Stanislaus,151.26
Stanislaus,8.16
Kern,153.3
Tulare,135.16
Colusa,140.87
Colusa,99.3
Stanislaus,113.04
Other,141.29
Kern,117.34
Kern,132.04
Madera,103.26
Colusa,59.58
Kern,157.5
Stanislaus,97.83
San Joaquin,104.93
Kern,146.12
Butte,50.41
San Joaquin,102.55
Tulare,139.1
Kern,10.41
Kern,123.2
Madera,129.44
Merced,27.99
Stanislaus,128.99
Stanislaus,133.04
Merced,57.19
Merced,114.83
Kern,142.19
Fresno,115.76
Merced,132.82
Merced,102.19
San Joaquin,111.86
Kern,118.04
Kern,126.44
San Joaquin,117.53
Kern,161.88
Stanislaus,104.15
Merced,123.41
Tulare,153.72
San Joaquin,118.02
Butte,100.15
Fresno,116.71
Butte,96.89
Other,25.7
Kern,67.73
Madera,116.58
Madera,118.27
Madera,128.9
Fresno,129.31
Kern,200.9
Fresno,87.33
Fresno,27.48
Fresno,102.45
Kern,23.01
Kern,145.86
Fresno,157.82
Merced,117.99
Stanislaus,126.27
Kern,116.55
Merced,95.27
Other,125.7
Fresno,106.47
Kern,165.81
Madera,120.12
Butte,20.62
San Joaquin,6.16
Merced,137.03
Madera,108.42
Merced,101.14
Kern,68.16
Madera,152.54
Tulare,77.03
Stanislaus,63.36
Fresno,106.08
Kern,111.48
Madera,126.36
Kern,160.21
Merced,118.67
Merced,118.07
Other,157.27
Fresno,128.2
Glenn,130.79
Glenn,104.83
Merced,98.8
Fresno,62.21
Stanislaus,139.58
Kern,132.21
Other,143.41
Kern,172.46
San Joaquin,125.58
Butte,107.2
Butte,140.25
Merced,140.57
Glenn,102.56
Kern,132.12
Stanislaus,107.53
Kern,120.84
Kern,174.21
Tulare,59.81
Stanislaus,125.32
Glenn,97.32
Fresno,64.5
Butte,115.91
Other,135.81
Glenn,99.71
Stanislaus,120.76
Stanislaus,68.87
Stanislaus,133.33
Madera,112.19
Stanislaus,111.5
Kern,137.29
Fresno,99.85
San Joaquin,91.49
Madera,137.37
Madera,160.16
Stanislaus,138.11
Fresno,152.3
San Joaquin,99.68
Kern,124.16
Tulare,105.5
Kern,127.49
Fresno,139.23
Merced,129.05
Fresno,137.97
Colusa,103.33
Merced,101.81
Kern,192.76
Stanislaus,128.26
Glenn,100.3
Merced,107.98
Fresno,112.69
Merced,121.98
Stanislaus,115.91
Madera,110.34
Kern,125.91
Fresno,119.94
Kern,103.43
Stanislaus,110.76
Madera,123.58
Other,15.4
Tulare,68.38
Stanislaus,128.04
Stanislaus,109.96
Colusa,125.78
Fresno,122.93
Madera,21.79
Madera,144.38
Kern,115.5
Fresno,131.2
Fresno,150.02
Madera,168.86
Madera,108.72
Tulare,88.37
Other,93.07
Butte,81.93
Other,123.87
Kern,103.34
Kern,123.99
Tulare,121.13
Kern,108.41
Other,10.49
Stanislaus,134.87
Madera,8.08
Kern,134.66
Stanislaus,126.49
Stanislaus,6.98
Madera,110.19
Other,127.63
Madera,125.82
Stanislaus,138.62
Other,141.78
Butte,107.86
Fresno,109.23
Fresno,121.83
Other,148.61
Other,117.23
Colusa,82.17
Other,163.62
Fresno,129.54
Kern,116.46
Madera,8.08
Other,156.98
Kern,148.05
Kern,121.89
Fresno,135.61
Kern,159.51
Merced,138.84
Madera,138.06
Other,27.43
Fresno,130.57
Tulare,159.77
Kern,156.62
Stanislaus,26.61
San Joaquin,67.27
Other,152.27
Stanislaus,54.9
Fresno,129.62
Kern,150.76
Glenn,120.05
Fresno,122.06
Madera,121.89
San Joaquin,80.57
Stanislaus,124.95
Tulare,105.34
Fresno,125.13
Fresno,19.45
Madera,113.42
Madera,79.08
Other,90.19
Other,70.17
Butte,108.66
Fresno,107.73
San Joaquin,112.42
Butte,92.37
Kern,160.48
Madera,122.74
Madera,146.99
Tulare,144.73
Other,179.12
Fresno,109.07
Madera,115.35
Kern,121.01
Glenn,111.63
Butte,102.28
Other,147.65
Stanislaus,113.93
Tulare,145.99
Butte,116.57
Tulare,143.22
Kern,21.88
Other,120.22
Fresno,159.15
Fresno,63.94
Merced,124.39
Fresno,128.05
Other,152.27
Madera,110.96
Merced,138.69
Madera,21.56
Fresno,146.08
San Joaquin,122.15
Madera,110.19
Merced,128.3
Stanislaus,80.85
Madera,131.59
Fresno,107.18
Butte,103.94
Kern,144.29
Fresno,118.83
Merced,148.54
Tulare,130.12
Fresno,114.9
Other,126.28
Kern,110.6
Stanislaus,110.25
Kern,8.4
Tulare,158.0
Merced,9.41
Merced,92.71
Madera,115.88
Fresno,127.81
Madera,138.37
Colusa,100.81
Colusa,121.21
Stanislaus,21.68
Fresno,144.66
Madera,84.16
Merced,103.77
Madera,101.87
Stanislaus,101.5
Other,155.44
Butte,116.71
Stanislaus,117.01
Kern,119.52
Madera,118.43
Fresno,127.02
Fresno,24.02
Kern,118.21
Tulare,135.32
Kern,167.04
Colusa,130.15
Colusa,149.13
Other,74.59
Other,192.69
Kern,154.18
Other,10.68
Fresno,106.31
Butte,97.76
Stanislaus,124.8
Colusa,133.57
Fresno,126.08
Other,131.77
Colusa,109.0
Madera,22.64
Other,132.54
Kern,24.85
Stanislaus,102.83
Other,137.35
Other,187.11
Madera,154.46
Stanislaus,145.38
Fresno,149.23
Merced,151.48
Stanislaus,150.45
Fresno,58.2
Madera,123.89
Merced,98.88
Stanislaus,121.79
Other,31.67
Other,34.26
Butte,107.6
Other,151.02
Glenn,91.23
Kern,184.01
Fresno,58.2
Kern,128.01
Other,145.82
Merced,108.59
Merced,137.86
Butte,109.92
Other,146.4
Kern,141.05
Colusa,141.14
Kern,150.94
Fresno,98.67
Butte,123.82
Other,138.5
Fresno,142.7
Colusa,8.05
Tulare,23.27
Merced,88.79
Fresno,126.71
Glenn,112.92
Fresno,112.53
Merced,136.95
Fresno,164.51
Stanislaus,9.92
Butte,115.71
Madera,85.08
Madera,124.05
Butte,91.9
San Joaquin,103.25
Stanislaus,105.91
Tulare,140.78
Fresno,140.02
Butte,66.83
Butte,74.41
Madera,117.5
Fresno,107.81
Merced,135.9
Other,168.73
Kern,138.34
Butte,132.53
Stanislaus,150.16
Stanislaus,99.45
Stanislaus,115.32
San Joaquin,121.24
Kern,163.36
Fresno,126.39
Kern,144.72
Merced,119.95
Madera,136.91
Madera,51.05
Other,162.85
Other,141.68
Kern,143.06
Fresno,110.56
Stanislaus,143.4
Other,117.04
Fresno,137.97
Merced,128.0
Madera,101.64
Madera,104.26
Kern,139.56
Fresno,82.69
Kern,170.98
Madera,115.81
Merced,63.44
Butte,79.07
Other,157.66
Fresno,163.01
Stanislaus,117.01
Other,188.26
Madera,99.56
Other,199.53
Madera,135.83
Madera,110.65
Fresno,102.14
Butte,83.32
Colusa,109.34
Colusa,8.05
Stanislaus,128.7
Other,109.92
San Joaquin,55.79
Other,159.58
Madera,109.96
Madera,122.35
Glenn,102.56
Other,183.16
Merced,136.5
Other,168.24
Colusa,93.02
Butte,20.75
Kern,179.38
Other,135.81
Madera,133.9
Kern,57.75
Kern,137.55
Fresno,113.01
Stanislaus,115.76
Other,152.75
Kern,114.28
Stanislaus,124.14
Stanislaus,8.16
Colusa,111.04
Fresno,115.21
Kern,28.26
Other,166.8
Other,140.72
Kern,122.59
Kern,137.2
Colusa,92.96
Kern,158.11
Kern,149.98
Merced,94.66
Glenn,106.51
Madera,159.7
Merced,9.11
Madera,148.22
Other,126.95
Other,21.75
Stanislaus,126.13
Kern,67.46
Kern,61.25
Kern,132.56
Other,142.26
Kern,11.73
Stanislaus,115.69
Butte,81.8
San Joaquin,83.65
Fresno,110.8
Fresno,140.65
Fresno,120.88
Other,138.41
Madera,128.82
Fresno,56.94
Merced,19.79
Merced,139.81
Kern,90.91
Kern,91.52
Butte,104.67
Other,146.49
Other,123.68
Kern,134.75
Fresno,131.83
Madera,138.6
Fresno,126.0
Colusa,109.61
Kern,130.02
Other,29.84
Fresno,169.71
Kern,138.25
Other,172.1
Colusa,122.03
Other,146.97
Kern,166.08
San Joaquin,110.04
Other,134.56
Stanislaus,86.22
Glenn,101.79
Merced,129.81
Merced,99.78
Madera,122.28
Other,180.76
Fresno,101.43
Kern,186.9
Butte,19.28
Fresno,122.61
Merced,83.83
Other,150.63
Stanislaus,95.99
Glenn,89.1
Fresno,112.06
Butte,119.3
Kern,149.19
Other,14.15
Madera,121.12
Glenn,111.43
Madera,169.94
Stanislaus,103.93
Merced,82.02
Kern,182.09
Other,182.39
Kern,129.94
Merced,162.01
Merced,138.69
Butte,107.46
Fresno,112.77
Stanislaus,127.67
Colusa,132.88
Fresno,127.65
Tulare,139.94
Stanislaus,122.6
Kern,148.84
Merced,114.38
Merced,110.17
Madera,117.27
Madera,143.07
Fresno,140.17
Other,148.22
Fresno,148.05
Other,98.56
Merced,149.82
Merced,66.45
Butte,113.98
Merced,136.05
Fresno,116.79
Butte,96.49
Butte,120.3
Merced,113.48
Butte,106.8
Kern,23.89
Other,172.58
Fresno,103.48
Stanislaus,92.02
Kern,152.34
Merced,139.14
Butte,130.94
Kern,153.56
Butte,93.7
Kern,26.78
Other,131.77
Fresno,119.94
Kern,128.71
San Joaquin,8.19
Merced,93.46
Merced,131.16
Madera,115.35
Fresno,149.31
Kern,77.35
Colusa,92.14
Kern,153.48
Colusa,21.64
Madera,9.86
Merced,117.54
Butte,107.86
Tulare,143.05
Kern,169.92
Fresno,109.23
Glenn,126.39
Fresno,137.89
Fresno,125.13
Glenn,63.58
Other,185.67
Madera,98.71
Fresno,137.58
Stanislaus,103.64
Kern,63.96
Other,157.46
Kern,26.34
Colusa,92.82
Stanislaus,102.46
Merced,19.49
Merced,126.19
Kern,29.14
San Joaquin,105.77
Butte,129.28
Merced,134.1
Fresno,132.93
Kern,125.04
Stanislaus,94.74
Madera,117.73
Merced,22.27
Fresno,161.44
Stanislaus,112.09
Colusa,113.91
Fresno,130.57
Kern,137.46
Madera,136.67
San Joaquin,98.91
Colusa,7.58
Tulare,133.73
Stanislaus,136.78
Merced,8.58
Stanislaus,7.13
Madera,157.54
Tulare,144.56
Fresno,152.38
Fresno,29.45
Merced,58.54
Kern,144.81
Fresno,142.06
Fresno,137.89
San Joaquin,19.53
Fresno,151.28
Butte,100.88
Kern,8.05
Kern,165.99
Other,138.02
Butte,100.02
Other,170.17
Madera,124.59
Glenn,114.93
Kern,119.18
Merced,8.35
Madera,93.17
Kern,167.56
Madera,86.16
Other,117.04
Madera,85.93
Kern,127.14
San Joaquin,112.28
Stanislaus,113.63
Colusa,84.63
Madera,98.33
Tulare,137.34
Butte,86.58
Fresno,70.01
Other,155.93
Madera,66.37
Glenn,111.11
San Joaquin,124.39
San Joaquin,83.3
Fresno,114.5
Fresno,148.92
Stanislaus,129.51
Fresno,116.16
Butte,118.57
Madera,108.11
Colusa,108.24
Kern,154.96
Tulare,117.26
Tulare,112.64
Merced,131.99
Merced,85.78
Fresno,137.18
Glenn,117.91
Butte,93.37
Tulare,117.1
Madera,143.6
Stanislaus,126.86
Madera,123.12
Other,29.45
Stanislaus,141.05
Stanislaus,119.66
Madera,23.02
Other,180.76
Fresno,104.5
Fresno,118.2
Other,154.19
Fresno,123.01
Madera,123.35
Other,161.89
Madera,148.76
Fresno,120.49
Butte,105.4
Other,181.05
Kern,141.4
Stanislaus,129.14
Fresno,138.99
Kern,154.09
San Joaquin,23.66
Madera,81.93
Fresno,93.24
Madera,141.22
Kern,7.7
Stanislaus,128.92
Fresno,80.64
Butte,89.51
Merced,133.04
Butte,123.16
Butte,92.44
Butte,110.06
Fresno,117.89
Kern,150.06
Merced,133.94
Glenn,22.14
Glenn,78.48
Butte,93.03
Stanislaus,8.82
Merced,128.75
Merced,145.38
Colusa,123.67
Stanislaus,116.2
Merced,136.13
Other,174.12
Glenn,119.53
Fresno,124.35
Merced,115.06
Other,100.39
Glenn,112.73
Kern,153.12
San Joaquin,110.04
Colusa,154.79
Butte,102.01
Butte,131.87
Merced,121.75
Stanislaus,155.16
Kern,9.45
Fresno,128.6
Fresno,25.04
Madera,119.04
Kern,139.91
Other,133.88
Fresno,93.87
Fresno,115.84
San Joaquin,8.33
Merced,116.56
Glenn,48.3
Other,127.53
San Joaquin,94.78
Glenn,110.07
Stanislaus,111.79
Fresno,144.51
Fresno,127.1
Madera,132.21
Other,82.87
Fresno,113.71
Fresno,97.1
Fresno,134.9
Madera,91.63
San Joaquin,20.37
Fresno,111.04
Fresno,101.19
Colusa,113.77
Fresno,112.85
Glenn,106.58
Stanislaus,131.71
Fresno,152.54
Merced,138.01
Kern,151.38
Colusa,11.19
Madera,141.29
Stanislaus,8.97
Kern,121.71
Kern,28.44
Merced,91.35
Merced,125.59
Stanislaus,132.08
Madera,105.1
Other,166.32
Fresno,22.36
Stanislaus,9.33
Stanislaus,126.86
Other,12.22
Other,159.87
San Joaquin,148.54
Stanislaus,89.38
Tulare,24.78
Fresno,152.54
Colusa,92.07
San Joaquin,141.82
Kern,76.82
Merced,144.48
Other,87.97
Madera,132.29
San Joaquin,116.69
Kern,130.29
Kern,163.62
Merced,147.94
Merced,134.47
San Joaquin,102.76
Colusa,140.53
Stanislaus,101.58
Stanislaus,154.06
Glenn,103.34
Tulare,156.66
San Joaquin,106.47
San Joaquin,127.47
Other,142.26
Other,188.75
Kern,146.56
Fresno,23.47
Kern,166.42
Merced,127.4
Kern,122.76
Stanislaus,8.82
Butte,104.54
Stanislaus,130.9
Kern,129.85
Madera,92.17
Kern,133.44
Other,134.65
Colusa,6.55
Kern,143.24
Fresno,130.96
Stanislaus,133.18
Fresno,142.62
Madera,119.89
Fresno,156.16
Fresno,24.81
Merced,106.93
Madera,83.47
Merced,86.46
Merced,90.07
Colusa,104.83
Kern,140.88
Tulare,125.08
Merced,96.02
Butte,104.94
Stanislaus,119.73
Other,106.16
Kern,150.59
Fresno,7.88
Madera,127.51
Madera,131.36
Tulare,91.9
Madera,137.06
Fresno,141.2
Merced,126.87
Kern,150.06
Fresno,113.4
Fresno,130.72
Madera,10.78
Merced,140.72
Fresno,136.08
San Joaquin,5.74
Glenn,6.86
Merced,119.42
Kern,137.55
Other,184.32
Madera,130.21
Merced,111.67
Madera,128.51
Other,184.9
San Joaquin,96.81
Merced,109.26
Stanislaus,7.42
Other,137.35
Stanislaus,141.12
Madera,23.25
Fresno,93.48
Glenn,83.92
Tulare,143.72
San Joaquin,104.3
Butte,125.02
Stanislaus,132.08
Glenn,72.97
Merced,133.49
Kern,156.98
Other,171.52
Fresno,149.7
Stanislaus,66.22
Stanislaus,88.86
Fresno,93.24
Kern,120.93
Merced,81.04
Stanislaus,108.63
Tulare,139.52
Glenn,103.73
Kern,138.34
Stanislaus,121.57
San Joaquin,20.37
Other,128.3
Fresno,155.61
Madera,117.89
Merced,117.84
Madera,103.56
Madera,149.61
Merced,113.03
Butte,110.59
Butte,123.89
Other,159.97
Merced,8.13
Fresno,122.14
Madera,128.13
Madera,89.17
Madera,122.89
Glenn,113.57
Fresno,139.86
Kern,153.04
Other,9.14
Glenn,121.92
Fresno,110.17
Fresno,67.57
Kern,132.65
Butte,69.69
Fresno,142.77
Kern,134.84
Kern,106.14
Glenn,104.38
Fresno,104.42
Merced,136.2
Madera,101.87
Merced,139.14
Tulare,146.66
Madera,132.98
Stanislaus,125.83
Butte,116.51
Butte,124.09
Fresno,116.0
Glenn,129.82
Tulare,78.79
Fresno,25.28
Fresno,128.2
Stanislaus,119.14
Butte,127.35
Kern,171.5
Stanislaus,25.58
Fresno,81.51
Butte,92.9
Tulare,9.24
Kern,160.48
Butte,121.89
Stanislaus,116.64
Kern,123.64
Colusa,113.77
Glenn,139.8
San Joaquin,73.85
Stanislaus,113.48
Madera,114.42
Merced,98.88
Kern,135.98
Fresno,133.72
Madera,125.97
Kern,124.78
Other,8.66
Fresno,94.97
Merced,9.11
Merced,80.14
Other,153.9
Other,176.52
Stanislaus,146.04
Merced,100.23
Tulare,26.71
Butte,94.5
Madera,128.05
Other,113.96
Tulare,138.68
Madera,110.49
Kern,150.24
Fresno,79.77
Colusa,141.28
Fresno,111.98
Stanislaus,120.25
Fresno,127.81
Butte,139.32
Kern,111.39
Butte,88.11
Madera,100.72
Fresno,58.2
Butte,105.14
Fresno,147.89
Kern,178.94
Kern,132.12
Colusa,92.89
Tulare,101.89
Colusa,135.2
Fresno,142.62
Tulare,164.56
Other,167.48
Fresno,108.12
San Joaquin,115.92
Butte,73.62
Butte,134.06
Butte,134.93
San Joaquin,115.15
Kern,127.4
Kern,149.36
Fresno,129.94
Fresno,94.34
Butte,97.89
Merced,145.83
Fresno,171.68
Madera,135.29
Fresno,108.83
Butte,112.92
Butte,106.2
Other,149.28
Kern,146.48
Kern,161.44
Madera,94.48
Fresno,129.15
Butte,120.96
Tulare,144.14
Butte,52.0
Kern,134.31
Kern,143.94
Other,106.84
Glenn,123.28
Madera,115.73
Other,158.04
Madera,124.05
Merced,119.72
San Joaquin,115.5
Kern,106.84
Madera,80.54
Tulare,122.98
Tulare,131.8
Fresno,99.22
Kern,145.08
Merced,127.4
Madera,105.95
Madera,113.04
Other,160.54
Fresno,107.26
Fresno,153.56
Fresno,123.87
Other,79.41
Stanislaus,105.77
Fresno,139.62
Kern,138.16
Stanislaus,108.85
Fresno,87.33
Fresno,107.1
Glenn,102.82
Stanislaus,146.12
Fresno,118.28
Other,193.75
Fresno,90.4
Merced,127.47
Kern,146.3
Colusa,111.73
Kern,23.01
Butte,107.33
Kern,128.45
Glenn,105.15
Stanislaus,102.16
Fresno,111.59
Fresno,120.72
Merced,108.51
San Joaquin,115.08
Stanislaus,86.8
Butte,20.75
Other,179.22
Other,119.54
Fresno,90.88
Stanislaus,118.11
Butte,117.37
Stanislaus,130.68
Fresno,134.27
Merced,129.43
Merced,136.2
Madera,96.71
Fresno,149.31
Madera,118.66
Stanislaus,85.7
Stanislaus,106.8
Fresno,106.0
Butte,119.7
Stanislaus,117.53
Other,139.66
Tulare,143.56
Madera,86.78
Kern,138.78
Other,147.94
Madera,7.7
Kern,165.55
Madera,91.63
San Joaquin,118.51
Madera,136.83
Madera,60.75
Madera,163.01
Butte,100.68
Other,186.05
Madera,108.72
Other,157.18
Glenn,115.84
San Joaquin,104.65
Merced,106.4
Other,113.0
Madera,105.26
Madera,120.5
Stanislaus,130.1
Other,161.6
Other,12.03
Kern,94.59
Madera,95.86
Kern,128.01
Fresno,115.13
Madera,110.8
San Joaquin,123.27
Fresno,130.1
Kern,105.88
Kern,156.62
Stanislaus,100.11
Madera,112.65
Tulare,29.48
Stanislaus,116.79
Tulare,7.9
Stanislaus,104.37
Stanislaus,120.03
Fresno,130.02
Kern,108.5
Fresno,64.58
Glenn,102.5
Kern,149.89
Other,190.09
Kern,10.94
Fresno,99.15
Glenn,55.75
Butte,80.93
Stanislaus,129.8
Glenn,93.11
Butte,121.83
Stanislaus,110.4
Stanislaus,113.34
Merced,98.35
Kern,127.05
Kern,161.35
Butte,106.27
San Joaquin,104.51
Merced,65.84
Fresno,133.56
Madera,90.24
Stanislaus,126.05
Other,143.7
Madera,131.9
Madera,119.35
Fresno,144.43
Fresno,134.27
Glenn,91.1
Merced,145.53
Fresno,141.28
Other,166.8
Merced,54.26
Fresno,127.65
Stanislaus,134.28
Fresno,103.08
Merced,142.3
Fresno,136.79
San Joaquin,111.79
Fresno,91.04
Madera,145.22
Fresno,121.2
Colusa,125.51
Merced,157.42
Merced,8.65
Other,137.64
Merced,124.46
Other,77.87
Other,169.88
Kern,154.35
Colusa,90.77
Kern,136.5
Glenn,92.59
Butte,115.04
Colusa,120.8
Stanislaus,106.06
Fresno,117.34
Madera,118.89
Kern,123.29
Stanislaus,86.95
Fresno,99.15
Fresno,116.86
Kern,178.85
Kern,143.5
Tulare,146.33
Tulare,11.84
Glenn,85.73
Kern,122.06
Butte,121.76
Stanislaus,104.81
Merced,102.72
Fresno,135.45
Fresno,141.75
Kern,127.84
Madera,130.59
Tulare,134.23
Fresno,108.75
Colusa,95.21
Kern,166.51
Kern,106.66
Kern,109.11
San Joaquin,115.15
Stanislaus,125.83
Tulare,152.71
Stanislaus,76.29
San Joaquin,117.11
Colusa,105.51
Kern,125.82
Kern,179.81
Stanislaus,73.13
Other,132.82
Merced,22.5
Kern,117.86
Merced,112.35
Glenn,77.44
Kern,126.88
Other,169.3
Tulare,166.57
Fresno,145.29
Fresno,143.72
Stanislaus,123.33
Fresno,109.7
Fresno,135.14
Kern,161.7
Madera,112.11
Fresno,136.55
Kern,151.9
Other,158.72
Fresno,130.88
Other,146.4
Fresno,155.85
Tulare,104.16
Madera,161.16
Kern,137.11
Kern,166.08
Fresno,136.16
Madera,22.41
Butte,141.98
Butte,124.16
Stanislaus,103.71
Madera,152.54
Stanislaus,121.79
Butte,98.89
San Joaquin,83.16
Stanislaus,22.42
Merced,80.97
Stanislaus,107.53
Stanislaus,104.15
Kern,107.1
Merced,87.97
Madera,83.7
Kern,173.86
Other,161.03
Other,108.47
Tulare,147.84
Other,167.96
Butte,97.95
Merced,114.0
Madera,145.22
Stanislaus,9.11
Kern,22.58
San Joaquin,23.52
Tulare,106.51
Tulare,69.05
Madera,140.6
Kern,10.41
Stanislaus,112.6
Merced,123.26
Other,141.97
Madera,134.98
Madera,138.52
Glenn,95.96
Kern,157.85
Butte,99.75
Butte,7.91
San Joaquin,103.46
Kern,149.28
San Joaquin,124.46
Fresno,123.64
Fresno,126.32
Stanislaus,129.07
Kern,151.72
Madera,112.27
Butte,48.61
Colusa,133.29
Tulare,170.02
Stanislaus,95.62
Kern,138.25
Kern,158.46
Madera,140.83
Madera,147.53
Glenn,147.24
Fresno,159.94
Kern,89.6
Merced,143.95
Merced,97.9
Stanislaus,103.19
Kern,147.96
Kern,120.31
Fresno,146.08
San Joaquin,111.58
San Joaquin,97.86
Fresno,108.75
San Joaquin,110.11
Madera,118.58
Fresno,8.74
Fresno,134.27
Kern,144.99
Tulare,140.7
Merced,118.37
Kern,123.2
Fresno,122.46
Kern,161.09
Madera,65.22
Fresno,118.12
Kern,66.59
Kern,122.59
Butte,119.43
Fresno,159.07
Butte,69.29
Other,154.58
Fresno,92.22
Colusa,62.38
Kern,126.88
Other,121.66
Fresno,99.93
Butte,78.0
Stanislaus,156.11
Tulare,139.27
Colusa,62.72
Tulare,82.07
Merced,88.04
San Joaquin,110.95
Kern,148.93
Fresno,23.55
Glenn,121.92
Other,201.26
Other,149.67
Madera,145.76
Kern,133.44
Stanislaus,137.45
Stanislaus,114.0
Madera,135.52
Merced,120.7
Stanislaus,87.61
Stanislaus,137.45
Other,135.62
Fresno,9.61
Stanislaus,143.18
Tulare,119.03
Other,188.65
Madera,67.76
Kern,158.9
Stanislaus,135.53
Fresno,147.34
Stanislaus,127.52
Merced,142.98
Stanislaus,164.79
Other,118.1
Merced,149.9
Madera,56.83
Kern,117.51
Merced,109.34
Kern,68.16
Merced,106.78
Kern,134.22
Madera,146.68
Butte,109.72
Kern,103.95
Madera,143.07
Fresno,106.71
Fresno,128.68
Butte,77.94
Other,152.65
Merced,108.06
Merced,93.39
Other,119.25
Butte,101.01
Fresno,151.91
Fresno,137.58
Fresno,134.66
Fresno,147.81
Merced,133.79
Merced,128.45
Stanislaus,117.45
Merced,70.28
Glenn,106.9
Kern,93.89
Merced,116.49
Merced,138.99
Fresno,107.34
Madera,125.43
Fresno,94.34
Madera,109.88
Fresno,124.74
Merced,119.2
Fresno,137.89
Stanislaus,107.38
Kern,134.49
Kern,116.38
Fresno,126.39
Stanislaus,97.39
Stanislaus,145.09
Madera,134.21
San Joaquin,120.4
Fresno,65.44
San Joaquin,107.52
Fresno,120.25
Colusa,96.78
Kern,126.61
Other,161.32
Kern,151.02
Butte,83.99
San Joaquin,91.56
Stanislaus,108.71
Butte,112.92
Tulare,149.27
San Joaquin,107.38
Colusa,109.4
San Joaquin,118.3
Kern,29.92
Butte,92.04
Stanislaus,126.93
San Joaquin,104.51
Butte,111.32
Madera,145.45
Stanislaus,55.49
Merced,124.24
Stanislaus,166.4
Stanislaus,99.89
Colusa,49.48
Glenn,86.05
San Joaquin,124.39
Fresno,23.39
Fresno,129.86
Merced,118.9
Tulare,159.43
Butte,131.27
Other,171.52
Kern,138.08
Colusa,96.57
Stanislaus,136.86
Kern,149.71
Madera,111.26
Merced,8.43
Merced,57.72
Kern,156.28
Merced,135.98
Madera,128.2
Stanislaus,127.3
Kern,27.04
Other,145.15
Fresno,142.14
Tulare,119.95
Other,133.4
San Joaquin,143.36
Madera,152.15
Madera,134.52
Colusa,101.21
Fresno,117.02
Fresno,108.04
Stanislaus,99.52
Colusa,96.85
Fresno,161.28
Stanislaus,123.63
Other,100.1
Kern,151.02
Merced,114.46
Merced,71.49
Fresno,21.03
Stanislaus,63.5
Merced,8.8
Madera,124.05
Madera,111.65
Fresno,124.27
Glenn,114.67
Fresno,21.5
Stanislaus,131.27
Merced,115.43
San Joaquin,103.11
Other,151.21
Tulare,161.87
San Joaquin,105.07
Butte,102.54
Stanislaus,105.1
Other,9.72
Tulare,125.16
Stanislaus,96.36
Kern,144.2
Other,181.05
Other,162.37
Glenn,21.63
Fresno,181.44
Merced,122.51
Merced,149.75
Madera,85.7
Fresno,128.2
Kern,135.54
Stanislaus,97.83
Merced,80.22
Merced,100.91
Merced,138.76
Other,90.96
Merced,95.94
Stanislaus,118.7
Stanislaus,129.21
Madera,122.74
Butte,103.14
Stanislaus,133.26
Merced,127.17
San Joaquin,117.88
Stanislaus,141.78
Kern,103.34
Merced,133.79
Fresno,61.5
Other,130.32
Madera,121.28
Stanislaus,93.2
Fresno,8.43
Stanislaus,111.57
Fresno,177.11
Madera,121.2
San Joaquin,80.92
Kern,127.93
Kern,119.0
Merced,128.23
Fresno,123.09
Stanislaus,132.89
Fresno,148.92
San Joaquin,89.88
Fresno,110.8
Merced,10.16
Fresno,142.3
Butte,99.48
Madera,21.41
Other,78.44
Fresno,128.68
Tulare,147.92
Other,161.22
Other,198.18
Other,165.84
Butte,110.99
Fresno,111.59
Merced,140.19
Stanislaus,120.25
Butte,115.04
Other,157.75
Tulare,127.51
Kern,137.64
Fresno,143.4
Merced,26.19
Fresno,155.14
Kern,155.75
Kern,9.98
Kern,71.58
Butte,141.45
Madera,137.6
Butte,115.44
Fresno,121.2
Merced,100.16
Fresno,130.88
San Joaquin,121.52
Glenn,76.66
Kern,165.02
Fresno,97.1
Madera,117.89
Kern,167.48
Madera,113.04
Merced,111.9
Fresno,25.12
Colusa,91.39
Merced,56.51
Fresno,126.71
Tulare,146.92
Madera,150.23
Madera,73.54
Merced,123.64
Tulare,120.96
Merced,88.27
Colusa,97.19
Stanislaus,117.53
San Joaquin,107.59
Madera,117.66
Other,156.79
Fresno,137.34
Other,124.45
Glenn,131.64
Merced,116.41
Stanislaus,126.2
Colusa,94.32
Colusa,55.28
Other,167.19
Fresno,113.01
Stanislaus,102.16
Fresno,105.45
Stanislaus,94.67
Kern,152.51
Kern,166.6
Merced,94.89
Fresno,118.28
Tulare,131.8
Glenn,122.77
Fresno,154.04
Other,167.28
Other,159.1
Glenn,108.59
Tulare,123.23
Tulare,9.16
San Joaquin,104.72
Fresno,119.23
Kern,133.61
Stanislaus,129.07
Other,139.08
Kern,133.7
Fresno,129.7
Fresno,100.01
San Joaquin,56.77
Other,188.36
Butte,7.91
Merced,99.63
Stanislaus,87.69
Madera,117.96
Kern,134.22
Other,174.79
Fresno,119.86
Colusa,119.03
Tulare,138.26
Fresno,8.27
Kern,117.34
Stanislaus,130.76
Kern,160.12
Kern,135.8
Madera,97.87
Other,193.94
Fresno,132.46
Other,162.08
Stanislaus,132.15
Kern,162.4
Kern,126.88
Fresno,137.02
Fresno,112.53
San Joaquin,143.5
Other,165.16
Stanislaus,98.27
Stanislaus,131.93
Merced,8.65
Madera,103.95
Merced,125.89
Other,179.8
Fresno,60.48
Glenn,87.35
Other,125.12
Other,156.41
Fresno,121.04
Stanislaus,94.89
Merced,137.78
Kern,158.46
Fresno,85.52
Kern,113.49
Stanislaus,133.26
Fresno,172.7
Kern,143.76
Butte,104.4
Stanislaus,116.35
Butte,123.22
Fresno,8.03
Other,135.81
Madera,87.47
Stanislaus,113.7
Merced,139.14
Merced,9.18
Kern,117.95
San Joaquin,91.14
Other,90.96
Fresno,149.15
Butte,126.88
Kern,129.33
Stanislaus,89.08
Madera,132.36
Colusa,104.76
Merced,151.03
Merced,114.3
Tulare,149.77
Fresno,84.89
Kern,126.18
Fresno,103.79
San Joaquin,108.92
Kern,175.79
Butte,111.85
Madera,119.04
Merced,102.26
San Joaquin,74.97
Madera,96.17
Fresno,131.75
Colusa,129.13
Stanislaus,132.74
Tulare,142.55
Merced,116.41
Stanislaus,133.84
Stanislaus,111.35
Fresno,61.5
Stanislaus,122.01
Stanislaus,7.13
Stanislaus,115.25
Colusa,89.41
Tulare,95.51
Kern,135.89
Tulare,143.89
Stanislaus,124.36
Colusa,125.24
Other,26.18
Kern,144.02
Kern,8.05
Kern,163.36
Fresno,126.79
Fresno,63.55
Merced,133.64
Butte,125.49
Other,139.08
Kern,130.02
Other,127.53
Other,154.67
Fresno,51.19
Stanislaus,133.77
Kern,130.99
Madera,106.72
Butte,101.28
Other,160.35
San Joaquin,82.81
Madera,129.28
Other,176.52
Madera,122.2
Glenn,93.89
Merced,121.0
Merced,105.2
Madera,122.04
Madera,108.49
Glenn,116.36
Merced,88.27
Stanislaus,137.3
Colusa,82.45
Other,197.6
Other,77.96
Butte,120.56
Stanislaus,96.43
San Joaquin,100.1
Fresno,141.04
Merced,98.58
Merced,102.49
San Joaquin,126.21
Kern,113.31
Fresno,156.56
Kern,127.14
Tulare,55.36
Glenn,90.46
Kern,27.3
Kern,136.5
Kern,143.33
Kern,140.09
Other,8.28
Other,117.23
Madera,112.88
Kern,139.65
San Joaquin,121.73
Glenn,96.67
Kern,117.95
Butte,69.09
San Joaquin,114.24
Madera,99.1
Stanislaus,135.09
Other,144.76
Kern,152.16
San Joaquin,144.69
San Joaquin,79.38
Kern,171.24
Stanislaus,131.34
Colusa,102.38
Other,115.88
Other,159.49
San Joaquin,107.52
Stanislaus,109.59
Merced,20.39
Glenn,92.59
Kern,159.69
San Joaquin,143.78
Other,111.65
Kern,131.34
Stanislaus,138.33
Fresno,136.0
Fresno,78.04
Kern,202.39
Glenn,91.3
Other,119.06
Fresno,126.0
Kern,10.06
San Joaquin,104.37
Merced,144.93
Fresno,25.28
Glenn,120.82
Merced,143.43
Stanislaus,20.8
Colusa,93.64
Butte,125.02
Madera,151.15
Fresno,125.29
Merced,128.68
Stanislaus,92.46
Madera,108.72
Fresno,137.89
Other,117.91
Stanislaus,116.2
Butte,91.77
Merced,114.3
Stanislaus,6.84
Merced,147.64
Stanislaus,97.76
Colusa,139.23
Stanislaus,126.13
Kern,136.76
Other,196.06
Merced,60.65
Madera,129.44
Fresno,144.35
Kern,130.81
Butte,80.8
Stanislaus,109.81
Merced,160.21
Tulare,157.58
Other,170.07
Merced,82.17
Fresno,131.98
Kern,181.56
Kern,189.09
Merced,78.41
Fresno,138.68
Kern,115.32
Stanislaus,108.93
Stanislaus,84.52
Kern,145.86
Colusa,108.72
San Joaquin,94.15
Colusa,103.6
Kern,160.39
San Joaquin,100.8
Butte,91.3
San Joaquin,76.72
Fresno,132.46
Kern,128.98
Other,116.46
Glenn,105.74
San Joaquin,142.38
Colusa,124.9
San Joaquin,93.73
Kern,70.61
Fresno,23.7
Fresno,122.3
Stanislaus,115.84
Butte,58.99
Glenn,106.84
Merced,131.84
Merced,175.11
Madera,127.28
Stanislaus,129.43
Other,159.68
Butte,86.45
Stanislaus,124.29
Stanislaus,95.92
Stanislaus,108.41
Stanislaus,98.2
Other,138.7
Other,130.71
Stanislaus,127.67
Stanislaus,95.18
Other,139.47
Fresno,130.41
Other,134.36
Colusa,127.83
Stanislaus,119.14
Kern,138.43
Butte,104.87
Tulare,157.92
Stanislaus,102.53
Stanislaus,132.37
San Joaquin,118.51
Stanislaus,127.45
Stanislaus,113.48
Fresno,124.19
Merced,126.87
Madera,115.58
Tulare,191.86
San Joaquin,109.41
Kern,112.35
Madera,157.77
San Joaquin,108.64
Other,171.42
Madera,94.94
Madera,126.74
Glenn,118.62
Fresno,102.22
Kern,143.59
Fresno,22.92
Colusa,107.56
San Joaquin,118.79
Fresno,162.46
Butte,103.81
Merced,150.5
Other,25.89
Madera,125.59
Tulare,136.75
Fresno,141.2
Butte,48.94
Merced,125.74
Kern,149.62
Other,150.54
San Joaquin,112.49
Merced,139.66
Butte,109.13
Tulare,166.4
Merced,112.5
Madera,122.58
Fresno,150.57
Tulare,135.66
Stanislaus,132.89
Stanislaus,110.25
Fresno,144.58
Kern,106.14
Butte,126.68
Other,79.98
Kern,152.34
Stanislaus,110.54
Other,10.68
Other,159.29
Stanislaus,138.03
Tulare,154.48
Fresno,97.96
Other,186.53
Tulare,117.01
Glenn,98.36
Kern,114.62
Stanislaus,121.86
Fresno,26.93
Glenn,17.03
Fresno,113.79
Merced,113.78
Other,141.58
Tulare,166.49
Merced,121.68
Fresno,130.57
San Joaquin,124.46
Madera,22.25
Stanislaus,84.52
Kern,160.74
Fresno,132.14
Madera,164.63
Madera,109.8
Fresno,133.72
Madera,117.73
Kern,133.26
Butte,87.65
Fresno,149.0
Kern,123.29
Kern,152.51
Fresno,150.96
Colusa,87.56
Other,152.07
Merced,134.02
Other,13.67
Tulare,152.96
Stanislaus,129.87
Stanislaus,124.51
Colusa,93.5
Kern,130.38
Madera,106.11
San Joaquin,111.65
Stanislaus,100.11
Fresno,61.98
Other,175.27
Merced,123.71
Fresno,72.53
Stanislaus,103.49
San Joaquin,127.82
Kern,25.55
Tulare,128.44
Other,125.7
Other,81.43
Fresno,80.01
Colusa,94.32
Merced,99.18
Stanislaus,104.0
Stanislaus,130.68
Kern,154.61
Glenn,74.66
Kern,131.08
Kern,132.12
Merced,7.0
Butte,96.03
Kern,121.89
Madera,115.42
Stanislaus,133.33
Other,79.7
Kern,171.41
Kern,116.55
Other,150.82
Butte,121.23
Stanislaus,104.81
Merced,111.07
Kern,126.35
Other,113.09
Stanislaus,109.0
Other,149.09
Kern,159.34
Madera,115.04
Fresno,142.7
Fresno,115.21
Fresno,143.72
Stanislaus,145.38
Other,157.18
Stanislaus,7.5
Colusa,132.68
Merced,128.9
Other,28.59
San Joaquin,133.42
Glenn,70.19
Madera,132.75
Stanislaus,105.03
Madera,174.94
Madera,94.63
Merced,139.74
Stanislaus,125.32
Kern,141.4
Merced,96.7
Butte,83.32
Merced,126.27
Colusa,50.37
Butte,73.48
Stanislaus,107.31
Glenn,120.56
Fresno,101.59
Fresno,67.72
Madera,148.92
Fresno,100.96
Stanislaus,126.05
Stanislaus,111.65
Fresno,87.49
Glenn,18.26
Fresno,107.57
Stanislaus,102.09
Colusa,83.33
Merced,105.05
Fresno,139.31
Stanislaus,102.83
Fresno,124.19
Colusa,104.29
Stanislaus,100.11
Merced,65.24
Other,137.83
Merced,111.29
Madera,132.98
Stanislaus,123.7
San Joaquin,95.2
Madera,133.52
Stanislaus,116.64
Tulare,93.74
Butte,117.11
Butte,84.99
Kern,150.94
Glenn,103.79
Merced,134.85
Other,120.99
Stanislaus,83.28
Merced,115.43
Butte,87.98
Madera,93.17
Stanislaus,82.83
Other,147.46
Fresno,133.17
Butte,98.42
Stanislaus,134.36
Merced,127.92
San Joaquin,5.67
Other,92.78
Merced,146.66
Fresno,101.51
Stanislaus,118.85
Stanislaus,123.19
Other,163.43
Stanislaus,124.44
Butte,133.53
Stanislaus,132.96
Stanislaus,92.9
Merced,128.3
Tulare,146.5
Merced,126.42
Other,149.09
Merced,83.23
Kern,166.95
Fresno,147.66
Merced,142.6
Kern,180.34
Madera,107.03
Fresno,108.36
Fresno,122.54
Madera,140.52
Butte,129.41
Other,151.3
Fresno,118.12
Colusa,79.37
Kern,146.56
San Joaquin,91.91
Colusa,93.91
Other,143.41
Kern,108.06
San Joaquin,101.01
Other,144.28
Merced,90.15
Stanislaus,117.67
San Joaquin,103.18
San Joaquin,146.3
San Joaquin,115.64
Kern,107.19
Fresno,135.76
Madera,81.54
Madera,140.06
San Joaquin,140.0
Kern,126.79
Madera,125.82
Tulare,139.27
Fresno,103.4
Fresno,166.16
Merced,10.23
San Joaquin,103.95
San Joaquin,130.83
Butte,121.36
Tulare,122.89
Merced,117.77
Fresno,146.0
Madera,121.28
San Joaquin,118.23
Merced,121.08
Stanislaus,142.96
Kern,121.36
Butte,78.8
Butte,106.4
Fresno,125.61
Madera,143.3
Stanislaus,138.84
Other,13.67
Other,145.92
Fresno,63.87
Kern,172.2
Fresno,148.92
San Joaquin,112.98
Other,28.97
Merced,117.62
Fresno,141.51
Madera,142.76
Madera,8.32
Fresno,124.11
Glenn,117.72
Kern,64.66
Colusa,119.85
Other,196.74
Stanislaus,19.26
Tulare,127.18
Fresno,136.71
Butte,98.15
Madera,121.2
Tulare,152.8
Fresno,154.51
Butte,79.8
Fresno,111.51
Merced,131.01
Stanislaus,133.18
Kern,163.98
Fresno,120.02
Fresno,91.51
Tulare,27.72
Stanislaus,100.03
Madera,143.6
Tulare,104.24
Stanislaus,100.84
Madera,147.38
Butte,122.36
Merced,135.83
Fresno,98.36
Merced,111.07
Stanislaus,86.14
San Joaquin,90.86
Merced,117.77
Madera,125.28
Fresno,105.52
Merced,114.83
Kern,12.95
Butte,94.7
Kern,159.69
Other,155.73
Merced,107.38
Madera,126.05
Glenn,91.88
Kern,95.72
Kern,135.98
Kern,125.21
Merced,143.35
Merced,112.57
Madera,17.56
Merced,137.56
Fresno,134.27
Fresno,139.54
Other,148.03
Stanislaus,149.65
Other,175.37
Stanislaus,103.49
Merced,113.78
Kern,163.62
Colusa,107.02
Glenn,87.67
Kern,111.74
Other,186.15
San Joaquin,92.05
Stanislaus,106.13
Merced,113.85
Merced,115.81
Stanislaus,139.65
Kern,181.04
Other,125.7
San Joaquin,112.7
Kern,168.0
Merced,107.91
Fresno,111.98
Butte,101.81
Other,169.02
Kern,26.08
Fresno,142.77
Kern,141.75
Butte,102.01
Merced,129.28
Other,142.26
Other,124.64
Kern,150.59
Stanislaus,149.79
Stanislaus,97.31
Stanislaus,116.06
Kern,121.28
Kern,11.2
Other,174.89
Fresno,105.13
Butte,9.18
Kern,104.48
Madera,24.18
Tulare,9.41
Stanislaus,127.08
Tulare,103.24
Other,131.86
Stanislaus,101.43
San Joaquin,24.01
Madera,134.98
Kern,113.22
Other,159.97
Tulare,122.89
Kern,135.1
Stanislaus,111.06
Glenn,17.74
Kern,118.3
Stanislaus,148.54
Fresno,90.88
Other,12.03
Stanislaus,82.54
Stanislaus,86.88
Merced,123.18
Glenn,19.42
Merced,96.17
Other,142.84
Butte,98.22
Other,197.22
Merced,132.67
Fresno,151.75
Kern,140.26
Stanislaus,139.72
Stanislaus,124.44
Kern,105.88
Other,109.63
Other,147.07
Tulare,7.98
Other,163.24
Colusa,121.96
Glenn,112.28
Stanislaus,127.01
Madera,116.42
Colusa,123.6
Merced,115.51
Fresno,144.82
San Joaquin,108.36
San Joaquin,15.68
Stanislaus,115.25
Tulare,137.76
Stanislaus,120.91
Kern,120.93
Kern,147.26
Tulare,154.98
Stanislaus,90.04
Fresno,100.8
Kern,180.16
Merced,75.4
Butte,130.34
Merced,156.07
San Joaquin,86.31
Kern,114.62
Butte,103.21
Tulare,97.86
Fresno,118.2
Fresno,108.12
Stanislaus,159.2
Glenn,82.43
Madera,122.04
Merced,93.61
Fresno,59.46
Madera,152.61
Merced,113.93
Other,152.84
Stanislaus,142.59
Merced,101.66
Fresno,113.24
Kern,147.26
Merced,146.36
San Joaquin,139.79
Kern,143.68
Glenn,119.46
Merced,120.1
Merced,82.32
Colusa,103.19
Kern,132.83
Fresno,123.16
Fresno,100.96
Colusa,8.74
Madera,108.11
Kern,165.11
Stanislaus,123.04
Tulare,146.5
San Joaquin,126.7
Kern,124.51
Kern,117.08
Merced,140.12
Other,164.59
Butte,112.65
Kern,147.61
Fresno,76.07
San Joaquin,105.35
Butte,95.76
Kern,137.46
Tulare,139.86
Colusa,113.84
Stanislaus,123.63
San Joaquin,141.47
Merced,111.97
Stanislaus,118.19
Tulare,132.3
Stanislaus,125.46
Tulare,137.76
Kern,132.83
Glenn,96.41
San Joaquin,68.81
Stanislaus,113.63
Stanislaus,95.84
Kern,130.46
Fresno,149.07
Merced,149.07
Merced,122.88
Merced,100.08
Other,148.13
Stanislaus,66.66
Merced,116.19
Stanislaus,101.72
Glenn,132.67
Madera,124.43
Merced,127.85
Butte,107.26
San Joaquin,89.39
San Joaquin,80.01
Colusa,108.52
Merced,133.12
Butte,106.2
Colusa,98.83
Fresno,136.63
Butte,42.49
Other,156.12
Kern,121.54
Madera,117.27
San Joaquin,126.0
Stanislaus,85.85
Fresno,102.45
Kern,132.91
Tulare,132.89
Tulare,62.16
Stanislaus,155.38
Merced,100.53
Other,185.47
Fresno,94.03
Butte,127.15
Kern,190.66
Merced,131.91
Butte,21.61
Butte,93.63
Butte,93.83
Kern,67.29
Merced,138.23
Merced,141.24
Stanislaus,110.47
Merced,130.33
Fresno,110.09
Fresno,147.73
Fresno,25.67
Kern,154.7
Other,10.78
San Joaquin,96.81
Other,173.83
Kern,166.25
Kern,197.4
Madera,129.59
Fresno,95.05
Kern,125.65
Other,145.34
Stanislaus,134.36
Butte,101.48
San Joaquin,121.8
Kern,146.39
Madera,147.38
Butte,122.49
Fresno,166.87
Kern,154.96
Other,151.4
Madera,98.64
Other,184.61
Other,194.91
Other,170.36
Merced,136.65
Kern,117.78
Madera,167.09
Stanislaus,67.25
Fresno,106.55
San Joaquin,20.65
Butte,46.95
Kern,160.04
Fresno,111.67
Colusa,113.64
Kern,122.06
Fresno,106.39
Tulare,132.64
Other,34.46
Other,178.54
Madera,81.16
Kern,162.93
Butte,115.24
Merced,113.1
Colusa,54.94
Stanislaus,79.82
Tulare,134.99
San Joaquin,8.05
Colusa,119.1
Madera,120.5
Fresno,159.07
Colusa,113.91
Stanislaus,106.58
Butte,120.76
Merced,121.23
Kern,110.78
Stanislaus,98.93
San Joaquin,102.13
Madera,115.88
San Joaquin,106.19
Butte,100.02
Fresno,123.56
Other,10.78
San Joaquin,104.86
Madera,26.1
Madera,9.09
Butte,120.7
Kern,140.61
Other,122.33
San Joaquin,111.51
Merced,8.35
Merced,115.73
Kern,168.0
Kern,169.66
Merced,91.05
Colusa,88.66
Other,118.77
Stanislaus,124.95
Other,181.53
Kern,124.6
Colusa,133.97
San Joaquin,128.66
Butte,6.98
Kern,169.92
Madera,105.41
Kern,130.9
Stanislaus,109.96
Merced,148.32
Stanislaus,117.23
San Joaquin,142.45
Madera,143.99
Other,164.3
Kern,121.45
Colusa,109.34
Tulare,111.38
Other,149.38
Tulare,82.4
Tulare,167.41
Merced,99.03
Fresno,144.19
Stanislaus,152.0
Stanislaus,135.9
Fresno,118.83
Madera,116.73
San Joaquin,123.41
Other,11.07
Colusa,7.85
Madera,128.13
Fresno,136.79
Merced,135.0
Stanislaus,116.13
Other,161.41
San Joaquin,102.2
Tulare,7.31
Merced,103.54
Other,126.09
Madera,106.72
Merced,150.42
Merced,134.25
Butte,70.96
Madera,107.03
Butte,18.22
Kern,131.08
Kern,9.19
Stanislaus,98.56
Stanislaus,109.07
Other,155.73
Madera,134.13
Madera,117.27
Butte,118.1
Fresno,84.97
Madera,121.66
Kern,131.43
Kern,150.94
Tulare,134.9
Kern,122.59
Kern,144.11
Kern,133.79
Fresno,121.35
Fresno,25.2
Stanislaus,102.39
Stanislaus,91.95
Merced,129.13
Fresno,132.46
San Joaquin,97.44
Other,166.9
Other,178.06
Butte,99.42
San Joaquin,120.47
Fresno,131.83
San Joaquin,130.41
Stanislaus,117.75
Kern,79.01
Fresno,102.45
Glenn,110.59
Stanislaus,26.17
San Joaquin,7.21
Other,25.6
Fresno,110.01
Fresno,59.46
Butte,16.16
Merced,147.41
Madera,71.15
Fresno,130.88
Stanislaus,74.75
Butte,125.29
Fresno,146.71
Madera,141.68
Madera,126.59
Kern,177.19
Merced,106.85
Colusa,91.32
Stanislaus,127.74
Tulare,149.44
Colusa,114.25
Fresno,127.65
Stanislaus,111.06
Madera,182.18
Butte,133.4
Kern,162.84
Stanislaus,111.79
San Joaquin,103.18
Fresno,125.06
San Joaquin,96.6
Fresno,117.42
Madera,123.58
Other,175.18
Stanislaus,25.65
Fresno,120.88
Other,81.24
Kern,21.0
Other,155.83
Kern,133.52
Fresno,112.38
Kern,165.81
Madera,140.37
Other,164.88
Other,120.6
Fresno,157.97
Fresno,126.47
Glenn,114.67
Stanislaus,101.14
Merced,122.21
Madera,106.26
Colusa,92.0
Kern,122.32
Madera,128.28
Kern,96.25
Other,157.27
Other,182.3
Tulare,25.37
Other,137.83
Tulare,143.22
Other,173.83
San Joaquin,103.74
Kern,160.83
Other,37.54
San Joaquin,84.49
Tulare,199.84
Kern,165.29
Fresno,155.77
Kern,143.68
Butte,124.75
Madera,158.16
Merced,7.0
San Joaquin,128.45
Madera,141.68
Fresno,146.4
Other,127.63
Other,171.71
Kern,160.39
Kern,142.89
Stanislaus,110.25
Stanislaus,20.51
Fresno,105.68
Fresno,117.57
Stanislaus,94.23
Other,121.76
Kern,13.04
Colusa,9.01
Colusa,59.24
Stanislaus,102.09
Glenn,7.38
Stanislaus,103.19
Fresno,125.76
Fresno,111.27
Fresno,151.91
San Joaquin,140.0
Other,149.96
Tulare,138.6
Fresno,115.6
Stanislaus,110.47
Glenn,112.73
Other,10.2
Merced,9.41
Butte,21.21
Madera,19.79
Tulare,63.67
Merced,157.42
Kern,146.56
Fresno,117.26
Glenn,110.01
Stanislaus,8.89
Other,107.99
Other,116.94
Merced,112.57
Stanislaus,60.64
Stanislaus,104.81
Other,147.65
Fresno,131.35
Fresno,141.51
Other,177.48
Madera,148.76
Butte,99.75
Stanislaus,126.35
Stanislaus,114.81
Butte,98.35
Kern,121.8
San Joaquin,119.0
Kern,138.08
Other,146.68
Stanislaus,131.2
Stanislaus,132.81
Madera,120.04
Stanislaus,148.47
Kern,130.11
Fresno,120.25
Stanislaus,113.56
Merced,159.68
Kern,130.29
Other,194.71
Fresno,120.57
Butte,111.39
San Joaquin,127.68
Madera,164.09
Butte,66.57
Madera,127.36
Fresno,122.22
Kern,103.43
Other,167.76
Merced,104.97
Stanislaus,121.57
Madera,80.62
Tulare,105.0
Kern,167.65
Fresno,146.87
Madera,120.43
Fresno,86.62
Butte,125.75
Glenn,90.13
Stanislaus,96.8
Colusa,106.47
Kern,154.79
Colusa,110.56
Stanislaus,49.76
Merced,126.57
Other,10.3
Merced,133.27
Fresno,149.0
Other,137.16
Stanislaus,116.5
Fresno,140.65
Madera,83.62
Kern,166.51
Kern,117.34
Other,201.36
Kern,161.96
Tulare,126.5
Stanislaus,125.02
Other,134.75
Fresno,105.05
Stanislaus,105.33
Tulare,162.88
Kern,202.48
Madera,109.65
Fresno,22.29
Tulare,158.76
Other,170.94
Fresno,24.65
Kern,25.29
Kern,172.73
Kern,146.3
Fresno,128.2
Fresno,74.26
Butte,95.03
Stanislaus,16.32
Kern,140.26
Butte,100.22
Merced,114.61
San Joaquin,122.36
Kern,115.41
Butte,103.94
Butte,121.03
Madera,124.35
Stanislaus,88.64
Tulare,127.26
Stanislaus,144.5
Merced,120.93
Colusa,108.86
Fresno,136.32
Other,72.67
Kern,124.25
Other,154.19
Madera,8.85
Kern,137.11
Fresno,121.43
Stanislaus,129.51
Kern,116.64
Madera,145.53
Madera,157.0
Tulare,102.14
Merced,138.01
San Joaquin,155.89
Kern,111.39
Other,168.05
Butte,110.66
Merced,135.22
Madera,112.57
Fresno,130.17
Fresno,144.43
Colusa,97.8
Madera,141.37
Stanislaus,112.09
Other,139.76
Kern,9.01
Kern,141.66
Madera,119.89
Madera,143.3
Madera,23.02
Merced,138.84
Fresno,145.37
San Joaquin,101.5
Madera,97.17
Kern,163.45
Stanislaus,121.86
Madera,8.47
Merced,133.04
Tulare,98.28
Fresno,74.02
Fresno,128.84
Fresno,125.53
Other,199.33
Stanislaus,143.03
Stanislaus,91.95
Stanislaus,108.71
Madera,108.96
Merced,11.44
Other,134.08
Fresno,139.78
Stanislaus,117.53
Fresno,128.13
Kern,9.1
Merced,130.63
Butte,85.72
Other,146.01
Butte,115.24
Merced,129.05
Fresno,134.03
Butte,81.66
Merced,110.24
Kern,119.44
San Joaquin,118.93
Other,107.88
Madera,134.53
Stanislaus,164.85
Merced,150.53
Stanislaus,138.39
Merced,127.59
Other,38.46
Stanislaus,131.68
Kern,198.03
Fresno,189.0
Colusa,145.37
Stanislaus,114.22
Colusa,131.86
Fresno,163.77
Other,185.72
Fresno,138.54
Madera,159.94
Stanislaus,128.51
Fresno,149.78
Madera,142.85
Butte,23.3
Kern,176.4
Kern,32.66
Merced,132.02
Tulare,190.11
Fresno,88.83
Fresno,165.0
Glenn,133.26
San Joaquin,25.7
Butte,137.66
Other,191.38
Kern,128.62
Tulare,205.43
Fresno,196.09
San Joaquin,107.69
Tulare,103.82
Merced,138.25
Tulare,113.4
Merced,71.16
Kern,173.57
Madera,108.39
Glenn,24.24
Colusa,42.51
Butte,21.87
Kern,126.32
Butte,131.19
Colusa,32.19
Stanislaus,155.85
Glenn,124.09
Other,184.8
Stanislaus,161.23
Kern,183.23
Fresno,46.21
Kern,120.96
Kern,167.9
Merced,43.34
Stanislaus,134.86
Tulare,164.1
San Joaquin,120.71
Madera,31.6
Madera,107.92
Kern,89.57
Other,176.6
Merced,152.43
Stanislaus,124.36
Stanislaus,167.76
Other,170.71
Other,198.2
Madera,177.59
Kern,27.09
Other,153.62
San Joaquin,149.35
Kern,216.82
Other,109.03
Kern,213.05
Madera,174.91
Tulare,119.45
Stanislaus,123.22
Butte,111.56
Madera,87.23
Butte,164.31
Kern,158.86
Other,185.38
Other,180.3
Madera,141.19
Other,136.87
Fresno,160.46
Butte,39.18
Kern,171.78
Fresno,169.25
Other,187.92
Other,154.77
Merced,178.07
Fresno,138.06
Other,150.61
Fresno,129.18
Fresno,148.84
Butte,171.73
Other,190.58
Stanislaus,129.92
Colusa,131.04
Madera,160.96
Stanislaus,128.6
Stanislaus,156.91
Other,167.13
Stanislaus,23.9
Other,172.79
Glenn,109.17
Merced,72.15
Other,106.26
Kern,88.1
Fresno,84.01
Stanislaus,186.81
Other,183.64
Merced,135.9
Butte,146.51
Fresno,90.44
Other,243.36
Kern,154.24
Stanislaus,140.68
Other,47.7
Tulare,126.5
San Joaquin,125.33
Other,232.85
Colusa,124.08
Kern,129.68
Fresno,174.64
Kern,188.58
Fresno,208.47
Colusa,94.59
Butte,98.87
Fresno,151.01
Butte,162.87
Stanislaus,125.6
Tulare,187.08
Fresno,131.83
Madera,112.45
Kern,173.36
Fresno,26.27
Stanislaus,99.31
Fresno,138.73
Stanislaus,136.89
Kern,123.48
Madera,170.48
Merced,128.59
Butte,117.63
San Joaquin,129.86
Kern,150.46
Kern,191.94
Fresno,26.93
Kern,164.74
Other,179.72
Glenn,97.05
Kern,103.95
Merced,142.31
Glenn,27.82
Stanislaus,135.03
Other,214.48
San Joaquin,157.58
Tulare,177.21
Stanislaus,166.08
Butte,118.34
Merced,77.75
Stanislaus,123.04
Other,190.58
San Joaquin,123.9
Kern,31.71
Fresno,130.88
Kern,166.01
Other,196.93
Fresno,191.83
Madera,182.03
Butte,109.25
Butte,93.61
Stanislaus,133.53
Fresno,128.33
Kern,25.62
San Joaquin,169.6
San Joaquin,124.4
Tulare,166.12
Merced,143.76
Kern,187.74
San Joaquin,78.29
Madera,163.18
Glenn,137.76
San Joaquin,147.08
Merced,102.58
Stanislaus,123.3
Merced,163.89
Madera,192.01
San Joaquin,46.62
Fresno,121.34
Colusa,154.14
Fresno,138.44
Stanislaus,100.46
Merced,31.51
Kern,142.49
Merced,25.01
Other,218.3
Madera,119.01
Fresno,22.3
Stanislaus,149.41
Kern,126.42
Kern,192.78
Merced,128.77
Stanislaus,154.7
Tulare,153.72
Merced,169.13
Kern,170.31
Other,137.44
Kern,185.12
Merced,151.07
San Joaquin,111.22
Other,145.88
Stanislaus,178.08
Fresno,151.48
Other,151.77
Tulare,107.25
Tulare,27.32
San Joaquin,137.42
Fresno,127.95
Glenn,87.33
Fresno,144.87
Fresno,142.88
Fresno,179.83
Other,181.91
Other,55.56
Kern,141.44
Fresno,146.76
Other,189.88
Merced,90.12
Glenn,130.92
Fresno,138.63
San Joaquin,159.6
Merced,148.72
Glenn,37.22
Other,123.93
Stanislaus,157.79
Other,208.02
Merced,123.98
Merced,132.02
Other,224.99
Fresno,125.31
Stanislaus,122.42
Tulare,150.29
Butte,110.6
Madera,126.87
Butte,150.9
Fresno,174.35
Kern,136.19
Kern,169.68
Colusa,155.36
Fresno,138.73
Madera,177.78
Fresno,116.9
Madera,166.04
Stanislaus,45.69
Fresno,152.33
Kern,220.6
Stanislaus,144.47
Merced,100.68
Colusa,24.24
Merced,161.0
Fresno,140.05
Other,200.28
San Joaquin,127.51
Kern,171.78
Fresno,157.82
San Joaquin,40.32
Butte,93.92
Madera,118.83
San Joaquin,147.92
Kern,214.52
Fresno,140.52
Tulare,136.99
Glenn,23.85
Madera,130.47
Kern,191.1
Stanislaus,164.23
Other,190.46
Stanislaus,122.25
Other,197.5
Kern,172.83
Madera,146.27
Other,188.96
Butte,136.22
San Joaquin,42.25
San Joaquin,115.58
Kern,144.58
Merced,121.18
Stanislaus,143.5
Tulare,164.51
Other,189.88
Stanislaus,129.57
San Joaquin,146.33
Fresno,177.57
San Joaquin,130.96
Butte,128.96
Other,119.89
Other,182.84
Merced,52.1
Fresno,165.47
Stanislaus,156.56
San Joaquin,113.82
Madera,138.97
Butte,119.46
Merced,130.39
Fresno,161.12
Merced,119.2
Stanislaus,152.85
Madera,107.0
Kern,122.74
Merced,134.46
Madera,137.86
Fresno,181.25
Madera,46.38
Tulare,114.0
Colusa,101.56
Fresno,144.58
Kern,179.66
Fresno,137.4
Glenn,122.46
Stanislaus,102.84
Other,191.27
Kern,163.38
Other,195.54
Colusa,156.59
Other,103.95
Merced,172.56
Merced,24.83
Merced,117.66
Madera,144.42
Madera,122.34
Fresno,92.42
Butte,115.71
Merced,123.26
Stanislaus,150.38
Kern,47.15
Kern,143.43
Fresno,158.19
Colusa,140.7
Madera,52.21
Madera,120.21
Fresno,188.34
San Joaquin,138.35
Other,56.6
Glenn,163.95
Merced,133.01
Other,193.69
Madera,28.92
Fresno,148.46
Merced,154.05
Colusa,136.45
Glenn,116.86
Merced,144.93
Fresno,162.73
Merced,132.56
Fresno,117.65
Kern,55.44
Fresno,163.39
Fresno,143.92
Kern,177.76
Colusa,141.77
Fresno,142.03
San Joaquin,130.12
Kern,116.76
Kern,133.88
San Joaquin,149.27
San Joaquin,162.71
Kern,202.44
Stanislaus,120.48
Kern,199.19
Tulare,123.38
Merced,144.93
Butte,124.97
Butte,37.11
Kern,162.54
Merced,132.74
Stanislaus,130.62
Kern,172.2
Tulare,166.02
Madera,160.04
Butte,121.06
Colusa,97.87
Kern,148.26
Merced,134.73
Madera,182.03
Stanislaus,156.56
Madera,108.02
Glenn,38.85
Merced,99.15
San Joaquin,115.75
Butte,101.27
Stanislaus,167.14
Colusa,24.16
Madera,129.91
Madera,140.36
Fresno,177.19
Other,42.27
Stanislaus,145.35
Stanislaus,148.09
Merced,169.31
Stanislaus,136.27
Colusa,144.88
Madera,113.1
Stanislaus,123.66
Kern,160.97
Stanislaus,145.97
Madera,148.58
Stanislaus,147.29
Madera,174.17
Madera,154.95
Butte,139.49
Butte,140.53
Fresno,165.09
Madera,159.57
Merced,192.79
Kern,177.87
Stanislaus,35.19
Stanislaus,130.62
Merced,134.46
Other,165.4
Merced,136.99
Other,225.8
Fresno,147.89
Stanislaus,145.44
Fresno,164.05
Other,63.64
Butte,121.93
San Joaquin,126.0
San Joaquin,146.58
Colusa,117.36
Stanislaus,141.12
Merced,111.7
Butte,24.18
Stanislaus,128.86
Madera,146.55
Tulare,34.17
San Joaquin,135.74
Other,179.37
Kern,160.65
Merced,155.5
Madera,28.74
San Joaquin,107.77
Other,178.45
Stanislaus,95.26
Stanislaus,134.24
Madera,146.27
Kern,164.22
Stanislaus,99.14
Fresno,166.32
Kern,170.52
Fresno,162.63
Merced,139.78
San Joaquin,127.18
Stanislaus,115.45
Fresno,160.74
Stanislaus,130.8
Tulare,177.41
Kern,151.52
Colusa,117.61
Madera,147.93
Merced,142.85
Butte,141.72
Kern,153.09
Merced,141.95
Other,182.95
Madera,121.51
Merced,184.21
San Joaquin,131.71
Madera,38.16
Colusa,115.81
Kern,189.84
Tulare,29.74
Colusa,103.6
Merced,188.55
San Joaquin,147.25
Stanislaus,132.48
Other,189.65
Kern,122.64
Stanislaus,143.5
Merced,153.78
Fresno,148.36
Stanislaus,111.22
Butte,83.23
Merced,180.24
Kern,187.95
Tulare,119.25
Fresno,55.76
Madera,120.21
Other,173.13
Fresno,91.76
Other,155.81
Stanislaus,128.42
Kern,140.49
Stanislaus,121.54
San Joaquin,124.32
Other,183.3
Colusa,144.8
Other,215.75
Butte,121.38
Kern,168.74
Other,168.86
Madera,139.62
Colusa,153.56
Other,213.44
Butte,72.7
Tulare,150.19
Madera,168.63
Merced,127.23
San Joaquin,100.72
Butte,135.18
Kern,124.11
Madera,180.36
Merced,125.88
Fresno,126.16
Butte,94.48
Merced,105.02
Fresno,122.28
Stanislaus,126.92
Other,207.21
Fresno,170.57
Fresno,147.04
Kern,181.23
Kern,189.0
Kern,146.16
Glenn,122.38
Kern,45.89
Madera,125.48
Merced,86.24
Fresno,144.11
Colusa,36.69
Merced,159.56
Tulare,166.62
Fresno,161.41
Madera,139.8
Other,191.04
Stanislaus,25.4
Merced,135.27
Glenn,117.72
Other,206.74
Merced,144.03
Kern,153.09
Fresno,126.82
Kern,148.58
Butte,94.96
San Joaquin,152.04
Kern,180.08
Stanislaus,179.05
Fresno,149.22
Stanislaus,168.02
Madera,157.91
Fresno,97.52
Madera,130.19
Madera,122.43
Tulare,166.82
Madera,117.26
San Joaquin,132.38
Stanislaus,131.33
Fresno,137.97
Stanislaus,32.28
Madera,162.25
San Joaquin,84.25
Other,31.3
Madera,160.59
Madera,127.88
Kern,150.46
Other,146.34
Kern,31.29
Other,157.31
Merced,156.22
Colusa,126.62
Butte,66.63
Fresno,149.03
Butte,130.87
Other,191.5
San Joaquin,27.8
Tulare,151.7
Kern,127.47
Butte,73.02
Fresno,158.29
Kern,34.86
Colusa,126.86
Stanislaus,137.42
Stanislaus,104.34
Kern,152.04
Stanislaus,130.54
Madera,150.7
Merced,160.01
Stanislaus,155.14
Fresno,187.49
Madera,167.24
Fresno,25.52
Madera,149.13
Kern,150.57
Kern,153.93
Butte,20.11
Kern,95.13
Fresno,39.31
Other,172.33
San Joaquin,134.23
Stanislaus,140.41
Madera,117.26
Other,214.6
Stanislaus,83.17
Fresno,153.56
Other,158.24
Stanislaus,159.2
Other,145.41
Fresno,159.42
Kern,33.18
Stanislaus,165.29
Fresno,160.93
Fresno,102.44
Fresno,136.65
Colusa,118.92
Stanislaus,133.27
Other,69.3
Butte,138.29
Stanislaus,192.28
Kern,128.62
San Joaquin,127.34
San Joaquin,135.24
Stanislaus,131.42
Other,217.83
Stanislaus,127.8
Colusa,105.24
Colusa,25.39
Kern,167.26
Butte,143.4
Butte,147.55
Kern,170.0
Other,34.42
Merced,130.03
Merced,133.1
San Joaquin,158.42
Other,152.69
Other,29.91
Madera,134.26
Madera,118.46
Other,29.8
Other,147.38
Fresno,165.47
Other,156.04
Other,237.12
Merced,122.18
Other,212.64
Other,128.67
Stanislaus,141.03
Fresno,100.74
Butte,143.48
Stanislaus,137.68
San Joaquin,89.46
Stanislaus,137.24
Other,113.54
Kern,152.88
Merced,125.07
Madera,179.44
Kern,118.76
Madera,127.42
Fresno,127.76
Kern,137.24
Other,201.43
Merced,117.48
Fresno,27.78
Stanislaus,122.77
Tulare,155.23
Butte,115.55
Fresno,138.44
Colusa,151.19
Kern,162.75
Kern,161.81
Fresno,182.86
Kern,171.47
Other,217.72
Madera,168.26
Merced,105.02
Merced,114.77
Stanislaus,119.69
Fresno,138.63
Merced,32.42
Madera,159.11
Fresno,157.44
Kern,165.8
Tulare,159.97
Madera,124.83
San Joaquin,133.39
Fresno,131.64
Colusa,131.37
Kern,170.62
Butte,163.99
San Joaquin,133.73
Fresno,125.02
Tulare,144.35
Madera,139.71
Madera,152.64
Kern,132.62
Kern,199.92
Fresno,149.22
Kern,200.45
Stanislaus,156.38
Fresno,126.82
Kern,138.08
Tulare,164.2
Stanislaus,147.21
Madera,148.39
Fresno,156.59
Merced,158.39
Other,196.81
Kern,162.44
Tulare,177.81
Fresno,182.76
Butte,128.16
Kern,196.56
Fresno,156.96
San Joaquin,132.97
Other,30.03
Butte,113.64
Kern,192.04
Butte,105.97
Fresno,162.54
Merced,118.38
Stanislaus,129.04
Other,162.39
Other,136.41
Colusa,109.09
Madera,148.02
Stanislaus,169.08
Kern,214.31
Fresno,186.92
Madera,174.08
San Joaquin,133.31
Fresno,142.6
Other,165.63
Other,160.78
Tulare,117.63
Fresno,171.61
Tulare,43.65
Fresno,182.01
Stanislaus,142.35
Colusa,38.17
Kern,190.26
Merced,131.03
Fresno,174.26
Merced,106.37
Kern,178.6
San Joaquin,144.73
Madera,165.49
Other,35.57
Other,54.86
Stanislaus,129.21
Butte,97.36
Fresno,153.09
Other,235.27
Merced,138.52
Madera,125.39
Stanislaus,85.11
Madera,24.76
Stanislaus,158.14
Glenn,100.08
Tulare,179.93
Merced,141.86
Fresno,139.77
Tulare,192.83
Other,159.16
Other,194.96
Madera,136.66
Merced,143.4
Merced,156.22
Stanislaus,111.04
Merced,151.61
Butte,107.25
Colusa,123.34
San Joaquin,86.02
Stanislaus,122.33
Glenn,99.15
Other,157.54
Madera,116.05
Kern,164.22
Merced,145.47
Other,156.27
Kern,125.27
San Joaquin,119.62
Tulare,159.47
Madera,149.23
Kern,198.35
Other,234.58
Fresno,215.18
Other,208.48
Fresno,177.57
Kern,129.36
Madera,123.45
Fresno,155.92
Fresno,121.15
Merced,119.65
Fresno,169.91
Madera,148.49
Fresno,120.3
Kern,173.78
Merced,136.53
Butte,113.56
Merced,166.33
Stanislaus,103.19
Colusa,137.35
Stanislaus,164.93
Butte,93.53
Fresno,167.45
Tulare,181.34
Kern,146.69
Kern,159.92
Butte,136.3
Fresno,142.03
Stanislaus,144.91
Tulare,171.36
Colusa,105.98
Stanislaus,137.77
Fresno,109.62
Butte,148.59
Butte,145.08
Fresno,143.17
Madera,157.17
Kern,56.39
Madera,143.4
Merced,144.57
Other,213.91
Madera,125.94
Stanislaus,107.69
Madera,138.42
Fresno,173.22
Stanislaus,25.67
Fresno,167.55
Other,250.98
Kern,184.48
Merced,148.99
Kern,115.08
San Joaquin,171.95
Butte,96.72
Merced,107.37
Kern,149.62
Fresno,131.64
Other,148.88
Stanislaus,29.46
Kern,150.99
Merced,155.14
Madera,119.47
Madera,141.37
San Joaquin,119.7
Stanislaus,27.87
Merced,151.25
Fresno,109.9
Stanislaus,142.88
Madera,114.02
Stanislaus,143.15
Fresno,53.39
Colusa,157.66
Kern,184.38
Merced,178.79
San Joaquin,112.9
Butte,157.13
Tulare,152.91
Glenn,126.57
Other,227.19
Colusa,143.9
Other,211.25
Kern,164.74
Madera,140.08
Kern,143.96
Fresno,142.22
Merced,126.78
Kern,121.7
Tulare,148.98
Fresno,159.42
Tulare,153.62
Tulare,182.15
Merced,142.4
Stanislaus,130.71
Fresno,36.48
Merced,127.23
Merced,144.57
Kern,178.5
Stanislaus,115.28
Stanislaus,120.66
Fresno,139.58
Kern,150.46
Butte,128.0
Kern,123.9
Fresno,28.73
Other,164.82
Colusa,122.19
Fresno,163.2
Tulare,156.64
Fresno,170.29
Fresno,189.0
Madera,162.35
Butte,96.64
Madera,134.44
Stanislaus,134.24
Kern,170.21
Kern,153.09
Merced,177.53
Merced,128.32
Fresno,22.96
Glenn,99.69
Other,37.31
Fresno,162.92
Madera,172.97
Merced,141.95
Merced,137.53
Colusa,152.33
Merced,158.39
Other,168.86
Stanislaus,156.91
Madera,122.89
Merced,133.82
Other,99.79
Colusa,157.41
Fresno,144.4
Stanislaus,42.25
Stanislaus,142.09
Colusa,120.72
Kern,145.95
Stanislaus,102.84
Kern,131.25
Kern,162.65
Stanislaus,174.99
Fresno,136.36
Fresno,144.21
Stanislaus,141.74
Kern,118.34
Kern,164.96
Kern,186.38
Tulare,173.98
Merced,136.8
Fresno,166.6
Butte,117.7
San Joaquin,118.44
Other,33.73
Fresno,177.19
Madera,142.76
Colusa,29.73
Other,149.11
Kern,115.5
Kern,158.86
Stanislaus,183.19
Butte,169.73
Fresno,99.41
Merced,168.5
Kern,209.06
Fresno,169.34
Kern,25.31
Kern,112.24
Stanislaus,159.29
Kern,170.0
Tulare,23.99
Other,160.78
Kern,169.16
Tulare,94.05
Fresno,153.47
Stanislaus,127.71
Glenn,170.86
Butte,144.2
Butte,144.92
Stanislaus,151.79
Fresno,175.49
Kern,216.09
Tulare,116.12
Kern,170.42
Kern,149.0
Butte,68.79
Fresno,142.98
Kern,111.72
Tulare,100.8
Stanislaus,127.98
Merced,34.31
Other,197.5
Fresno,156.4
Fresno,43.28
Merced,121.0
Fresno,162.35
Stanislaus,141.38
Stanislaus,96.76
Glenn,128.13
Madera,144.7
Kern,177.76
Fresno,174.26
Kern,219.14
San Joaquin,144.14
Madera,129.36
Other,184.11
Madera,35.76
Other,156.04
Madera,138.88
Colusa,118.51
Madera,134.81
Colusa,142.67
Merced,157.84
Tulare,195.25
Merced,155.68
Glenn,126.5
Merced,141.59
Tulare,164.3
Merced,163.44
Stanislaus,29.72
Other,188.03
Stanislaus,139.53
Merced,129.13
Kern,190.68
Kern,166.32
Madera,141.93
Butte,133.35
Other,150.38
Other,201.2
Fresno,170.29
Madera,166.41
Other,154.31
Colusa,87.39
Butte,21.23
Kern,200.24
Fresno,150.07
Madera,144.98
Kern,205.91
Madera,172.51
Madera,52.67
Other,83.16
Stanislaus,140.06
Tulare,46.37
Other,179.49
Stanislaus,162.99
Madera,107.18
Kern,127.68
Other,31.07
Madera,76.78
Fresno,165.47
Fresno,120.77
Merced,174.64
Fresno,190.89
Fresno,178.6
San Joaquin,138.01
Stanislaus,136.27
Madera,129.36
Stanislaus,125.42
Glenn,32.48
Fresno,28.35
Kern,191.52
Fresno,167.55
Butte,122.25
Merced,162.18
Madera,137.49
San Joaquin,121.3
Stanislaus,197.57
Fresno,119.45
Kern,151.1
Merced,159.92
Stanislaus,156.91
Stanislaus,97.99
Merced,131.57
San Joaquin,121.13
Other,182.61
Butte,116.59
Fresno,144.87
Kern,124.43
Kern,149.31
Stanislaus,129.74
Colusa,133.82
Madera,160.04
Kern,175.14
Madera,33.91
Madera,132.41
Merced,134.28
Fresno,147.61
Madera,30.12
Other,194.5
Madera,93.69
Butte,34.79
Colusa,137.59
Butte,22.34
Stanislaus,29.64
Stanislaus,30.16
Merced,117.39
Madera,148.49
Merced,120.64
Merced,153.78
Fresno,142.13
Stanislaus,116.42
Other,224.99
Stanislaus,152.15
Kern,137.76
Merced,149.54
Stanislaus,22.84
Kern,151.1
San Joaquin,138.26
San Joaquin,124.57
Merced,130.94
Other,187.34
Madera,22.92
Other,169.44
Fresno,158.0
Butte,120.74
Kern,189.0
Fresno,179.27
San Joaquin,123.4
Fresno,121.53
Butte,120.1
Other,190.23
Other,177.52
Other,218.76
Tulare,49.8
San Joaquin,140.45
Fresno,91.38
Fresno,125.12
Stanislaus,141.65
Madera,129.91
Merced,164.53
Merced,117.48
Butte,118.58
San Joaquin,136.84
Merced,113.51
Butte,94.0
Kern,181.86
Stanislaus,75.23
Fresno,25.42
Merced,141.77
Kern,160.86
San Joaquin,108.95
San Joaquin,146.33
Stanislaus,132.04
Madera,49.43
Merced,103.3
Other,198.54
Madera,179.44
San Joaquin,124.49
Stanislaus,159.55
Colusa,143.49
Butte,120.02
Glenn,35.04
Butte,147.55
Fresno,128.9
Stanislaus,29.19
Kern,165.38
Merced,147.64
Fresno,152.62
Madera,185.08
Kern,179.02
Stanislaus,111.84
Kern,176.82
Stanislaus,150.65
Stanislaus,69.85
Kern,164.54
Madera,143.87
Fresno,151.86
Butte,116.35
Butte,102.94
Fresno,122.47
San Joaquin,147.0
Fresno,53.01
Fresno,142.79
Kern,192.99
Fresno,161.31
San Joaquin,146.66
Kern,201.29
Madera,136.57
Stanislaus,120.57
Kern,111.09
Colusa,121.46
Kern,176.72
Kern,219.35
Stanislaus,155.41
Glenn,25.02
Merced,130.48
Kern,156.66
Other,183.07
Glenn,135.51
Merced,140.87
Merced,116.4
Kern,151.41
Butte,129.04
Other,132.94
Butte,153.54
Stanislaus,28.67
Madera,179.53
Fresno,135.42
Stanislaus,118.19
Kern,191.31
Fresno,137.02
Stanislaus,124.36
Glenn,89.82
Tulare,45.46
Kern,159.29
Kern,164.12
Other,147.15
Tulare,55.14
Colusa,118.43
Merced,135.27
Kern,173.98
Stanislaus,26.99
Stanislaus,95.08
Stanislaus,142.88
Stanislaus,141.12
Kern,155.61
Kern,197.4
Other,180.76
Madera,29.48
Merced,30.34
Stanislaus,113.69
Fresno,118.12
Madera,177.32
Other,177.52
Merced,163.62
Stanislaus,180.81
San Joaquin,194.54
Kern,35.8
Colusa,108.85
Fresno,164.43
Stanislaus,86.88
Butte,138.69
Stanislaus,146.68
Merced,118.56
Stanislaus,157.0
Fresno,146.1
Other,196.58
Other,221.99
Kern,80.74
Glenn,125.02
Fresno,128.52
Kern,145.43
Merced,109.71
Other,218.18
Kern,166.32
Stanislaus,194.39
Other,70.34
Fresno,142.6
Stanislaus,156.11
Tulare,159.16
Stanislaus,124.98
Stanislaus,118.81
Merced,105.47
San Joaquin,23.69
Madera,156.16
Colusa,103.19
San Joaquin,151.03
Tulare,134.27
San Joaquin,154.73
Kern,89.88
Butte,104.3
Merced,151.52
Merced,154.5
Stanislaus,156.47
Other,200.51
Other,197.39
Colusa,147.83
Tulare,184.26
Kern,29.51
Kern,143.33
Kern,172.62
Glenn,111.58
Glenn,102.1
Kern,168.1
Glenn,125.49
Stanislaus,131.77
Fresno,42.71
Kern,122.74
Other,48.63
Butte,142.44
Tulare,178.82
Tulare,153.82
Merced,184.84
Glenn,90.99
Merced,153.78
Colusa,100.25
Merced,135.63
San Joaquin,104.83
Tulare,158.56
Fresno,181.44
Madera,127.14
Stanislaus,132.39
Butte,115.87
San Joaquin,120.2
Merced,25.92
Stanislaus,143.59
Merced,104.3
Madera,50.45
Fresno,108.11
Kern,176.72
Fresno,116.99
Merced,146.02
San Joaquin,120.04
Kern,29.4
Other,241.51
Stanislaus,157.35
Fresno,181.82
Kern,134.3
Fresno,152.24
Kern,171.68
Kern,176.51
Butte,146.11
San Joaquin,116.0
Kern,152.78
Tulare,155.43
Colusa,147.99
Fresno,160.93
Stanislaus,141.03
Colusa,128.01
Madera,156.71
San Joaquin,118.94
Fresno,146.95
Fresno,124.83
Merced,136.99
Merced,173.56
Kern,152.57
Kern,181.65
San Joaquin,43.09
Merced,143.58
Fresno,193.16
Tulare,171.76
Madera,164.01
San Joaquin,141.88
Tulare,184.56
Merced,112.6
Fresno,121.62
Fresno,149.78
Madera,23.47
Fresno,149.31
Glenn,163.79
Stanislaus,115.45
Fresno,125.5
Stanislaus,131.24
Stanislaus,151.53
Other,30.15
Other,183.3
Fresno,74.56
Kern,203.81
Madera,156.53
San Joaquin,122.14
Fresno,134.1
Butte,153.38
Madera,49.43
Merced,141.59
Madera,33.26
Merced,138.79
Fresno,160.27
Kern,192.68
Glenn,111.58
Other,171.86
Colusa,128.09
Stanislaus,120.13
Fresno,150.35
Stanislaus,146.85
Fresno,152.43
Merced,22.39
Kern,176.92
Merced,134.55
San Joaquin,70.98
Other,194.62
Fresno,50.08
Madera,143.87
Kern,140.18
Kern,124.32
Madera,136.01
Fresno,88.83
Merced,142.13
Merced,141.77
Merced,130.12
Other,146.57
Fresno,121.72
Kern,130.94
Merced,44.79
Stanislaus,167.76
Kern,143.74
Butte,131.11
Stanislaus,135.83
Merced,25.55
Kern,139.44
Stanislaus,175.25
Butte,162.71
Stanislaus,115.37
Other,126.13
Other,227.3
Madera,165.58
San Joaquin,112.06
Merced,151.16
Merced,133.55
Stanislaus,116.16
Tulare,181.84
Fresno,149.31
Butte,152.5
Madera,133.8
Butte,143.32
Colusa,140.21
Kern,225.86
Fresno,161.41
Fresno,150.92
Kern,153.09
Kern,170.42
Kern,141.85
Butte,127.6
Glenn,102.56
Other,210.21
Madera,111.9
Madera,141.65
Kern,195.72
Glenn,128.75
Kern,135.45
Fresno,125.12
Stanislaus,174.02
San Joaquin,143.81
Merced,174.73
Tulare,169.44
Kern,145.0
Butte,106.77
Colusa,136.61
Colusa,154.71
Tulare,172.37
Butte,122.57
Kern,175.56
Merced,158.39
Other,210.09
Madera,131.67
Other,182.26
Other,189.42
San Joaquin,126.76
Fresno,188.24
Stanislaus,137.68
Tulare,120.86
Colusa,144.14
Merced,169.31
Merced,128.59
Other,176.72
Stanislaus,144.56
Madera,155.69
Fresno,157.63
Other,202.7
Kern,202.12
Other,190.58
Tulare,143.74
Stanislaus,159.91
Kern,112.35
Kern,172.62
Glenn,116.86
Merced,157.66
Madera,139.15
Fresno,26.55
Other,69.3
San Joaquin,134.32
Madera,139.89
Butte,34.47
Butte,132.87
Colusa,140.79
San Joaquin,69.97
Other,164.82
Kern,184.7
Stanislaus,187.78
Fresno,169.06
Fresno,146.57
Kern,189.84
Merced,27.36
Tulare,143.24
Other,223.61
Kern,42.84
Other,59.14
Kern,171.57
Other,188.5
Colusa,94.76
Fresno,119.83
Stanislaus,168.73
Madera,121.97
Fresno,157.34
Tulare,148.98
Kern,44.84
Other,235.5
Other,158.12
Fresno,133.06
Fresno,56.61
Fresno,195.9
Merced,149.63
Stanislaus,46.92
Stanislaus,131.42
Madera,152.46
Butte,157.21
Colusa,138.17
Butte,131.51
Madera,135.74
Tulare,49.19
Glenn,150.04
Stanislaus,126.39
Madera,127.42
Madera,124.74
Kern,178.6
Glenn,120.12
Fresno,119.83
Fresno,158.0
Madera,139.15
San Joaquin,118.61
Madera,140.26
Fresno,146.19
Madera,100.9
Kern,144.9
Colusa,128.5
Stanislaus,141.83
Kern,191.94
Madera,168.08
San Joaquin,134.15
Kern,174.72
Fresno,139.2
Madera,138.78
Kern,185.22
Madera,135.46
Butte,114.27
Other,191.61
Stanislaus,122.51
Merced,161.55
Kern,139.23
Kern,50.09
Fresno,128.05
Merced,113.42
Other,202.59
Stanislaus,156.47
Kern,150.15
Merced,153.78
Kern,183.23
Tulare,130.84
Other,228.81
Merced,139.33
Kern,155.61
Merced,27.72
Other,113.65
Other,158.81
Fresno,134.19
Tulare,54.63
Kern,54.71
Merced,157.93
Stanislaus,110.25
Fresno,158.19
Stanislaus,151.79
Other,138.95
Other,190.69
Fresno,152.24
Kern,187.53
Butte,25.78
Stanislaus,169.34
Butte,109.65
Tulare,169.14
Fresno,168.87
Colusa,139.48
Stanislaus,105.75
Tulare,138.4
Fresno,141.28
Merced,128.14
Madera,129.18
Tulare,183.25
Butte,95.04
San Joaquin,24.36
Other,195.89
Stanislaus,72.68
Fresno,90.06
Kern,141.22
Stanislaus,98.61
Stanislaus,156.29
Stanislaus,133.8
Madera,169.65
Stanislaus,162.02
Merced,135.09
Tulare,137.39
Other,192.65
Other,170.59
Other,179.95
Stanislaus,146.68
Fresno,190.98
San Joaquin,42.5
Madera,168.26
Kern,172.31
Kern,103.95
Other,199.58
Fresno,166.51
Merced,95.81
Merced,136.44
Madera,118.83
Fresno,144.58
Butte,40.7
Kern,172.94
Fresno,27.59
Stanislaus,139.97
Kern,183.33
Butte,127.6
Kern,130.41
Butte,129.52
Madera,161.88
Madera,144.88
San Joaquin,141.62
Fresno,161.31
Tulare,133.66
Butte,156.25
Fresno,118.98
Butte,116.75
Stanislaus,45.25
Tulare,134.16
Kern,173.14
Other,115.73
Merced,143.58
Stanislaus,157.61
Tulare,101.4
Madera,136.75
Stanislaus,146.59
Kern,29.61
Glenn,102.95
Madera,126.03
Stanislaus,123.04
Other,125.32
Butte,124.89
Other,210.09
San Joaquin,155.32
Merced,151.52
Stanislaus,129.57
Fresno,158.57
Fresno,177.09
Kern,128.0
Madera,196.35
Stanislaus,24.17
Merced,121.0
San Joaquin,146.41
Stanislaus,126.13
Fresno,155.64
Kern,92.93
Fresno,137.12
Fresno,149.97
Merced,156.4
Stanislaus,112.1
Other,178.33
Fresno,104.04
Madera,140.36
Fresno,169.53
Madera,175.19
Kern,174.93
Stanislaus,141.12
Kern,190.47
Stanislaus,162.38
Butte,104.06
Merced,161.73
Stanislaus,105.66
Stanislaus,153.38
Fresno,143.73
Madera,145.62
Kern,183.12
Other,27.26
Butte,137.89
Merced,126.51
Butte,129.75
Kern,183.02
San Joaquin,137.09
Other,31.65
Kern,174.72
Other,202.7
Stanislaus,126.66
Glenn,132.87
Madera,162.81
Kern,174.41
Fresno,135.8
Tulare,149.79
Other,172.56
Stanislaus,129.12
Butte,140.29
Merced,135.63
Fresno,58.21
Fresno,137.5
Colusa,128.83
Other,117.0
Kern,131.04
Madera,158.65
Madera,153.11
Butte,120.42
Colusa,122.85
Other,179.95
Merced,112.15
San Joaquin,152.8
Stanislaus,159.55
Other,159.04
Glenn,140.02
Madera,125.39
San Joaquin,93.74
Butte,124.89
Merced,119.38
Fresno,157.72
Fresno,143.83
Fresno,154.6
Fresno,150.07
Glenn,135.43
San Joaquin,144.82
San Joaquin,128.02
Kern,175.14
Fresno,151.77
Stanislaus,187.78
Colusa,107.04
Butte,136.54
Stanislaus,138.21
Colusa,151.43
Madera,144.98
Fresno,190.89
Stanislaus,115.98
Fresno,151.96
Kern,30.14
Stanislaus,142.8
Kern,130.52
Kern,112.56
Merced,150.62
Merced,110.17
Stanislaus,134.42
Other,207.78
Madera,141.56
Glenn,119.19
Merced,108.99
Kern,149.94
Stanislaus,140.15
Other,163.55
Madera,94.62
Other,129.36
Merced,111.7
Fresno,57.74
Butte,22.02
Madera,114.39
Madera,163.73
Stanislaus,125.24
Other,211.36
Stanislaus,148.79
Fresno,160.18
Tulare,149.69
San Joaquin,102.9
Butte,122.65
Fresno,45.36
Other,218.06
Kern,176.82
Merced,106.73
Butte,103.66
Stanislaus,160.96
Fresno,134.0
Other,186.88
Kern,221.24
Kern,181.44
Kern,197.92
Butte,120.1
Butte,159.04
Fresno,149.22
Butte,129.28
Madera,161.7
Stanislaus,123.83
Kern,139.44
Madera,166.04
Fresno,114.72
Fresno,121.15
Fresno,150.44
Fresno,163.3
Butte,129.67
Butte,167.02
Tulare,159.16
Fresno,131.73
Merced,138.97
Butte,148.91
Stanislaus,151.88
Colusa,116.13
Fresno,163.58
Stanislaus,31.13
Other,226.38
Fresno,168.21
Stanislaus,99.05
Fresno,49.61
Colusa,90.91
Kern,129.36
Merced,140.51
Kern,167.06
Kern,162.44
Merced,121.72
Stanislaus,168.81
San Joaquin,106.6
Other,180.06
Madera,100.25
Madera,154.12
Butte,147.31
Merced,125.52
Tulare,125.7
Fresno,135.61
Stanislaus,149.5
Kern,167.37
Glenn,136.6
Other,159.16
Kern,161.49
San Joaquin,118.86
Madera,141.28
Madera,27.81
Fresno,183.8
Colusa,135.22
Stanislaus,173.14
Kern,168.32
Glenn,119.04
Tulare,178.01
Stanislaus,120.83
Fresno,164.81
Other,178.91
Other,176.02
Madera,147.56
Merced,77.12
Other,125.66
Merced,98.34
San Joaquin,146.66
Stanislaus,142.18
Other,166.44
Other,171.86
Kern,29.4
Kern,170.42
Stanislaus,168.46
San Joaquin,120.96
Kern,186.8
Madera,46.2
Kern,32.24
Kern,166.42
San Joaquin,116.34
Madera,152.09
Merced,190.62
Fresno,134.47
Tulare,152.01
Merced,124.61
Butte,136.7
Fresno,176.34
Stanislaus,131.33
Other,166.09
Butte,93.53
Kern,202.65
Fresno,140.9
Madera,129.27
Fresno,173.03
Tulare,181.14
Other,140.33
San Joaquin,188.5
Merced,166.78
Colusa,132.6
Madera,115.87
Stanislaus,110.96
Fresno,176.24
Madera,145.62
Stanislaus,107.69
Colusa,107.7
Butte,104.3
Fresno,128.33
Stanislaus,148.97
Butte,131.19
Kern,152.15
Stanislaus,145.97
Fresno,162.82
Merced,125.97
Other,158.24
Glenn,122.3
Kern,177.45
Kern,121.8
Stanislaus,154.53
Kern,116.97
Madera,172.79
Other,104.18
San Joaquin,125.08
Other,150.5
Stanislaus,149.59
Butte,115.47
Kern,210.52
Butte,111.64
Other,158.35
Stanislaus,134.86
Colusa,117.28
Fresno,169.25
Fresno,154.7
Stanislaus,32.28
Fresno,182.67
Other,215.98
Madera,118.36
Other,196.81
Kern,168.21
Stanislaus,50.19
Other,39.04
Stanislaus,42.78
Other,200.28
Other,165.63
Fresno,176.72
Stanislaus,136.89
Other,187.92
Merced,25.01
Merced,46.5
Fresno,30.9
Stanislaus,145.53
Colusa,151.6
Stanislaus,108.84
Other,246.25
Madera,142.85
Kern,227.64
Stanislaus,102.75
Other,173.6
Butte,104.38
Fresno,154.32
Other,202.36
Glenn,140.48
Fresno,161.03
Butte,113.56
Glenn,115.15
Stanislaus,157.08
Colusa,71.33
Merced,168.41
Other,177.52
Fresno,134.19
Merced,160.55
Stanislaus,140.33
San Joaquin,141.88
Fresno,135.23
Fresno,132.87
Other,202.12
Madera,158.1
Butte,136.54
Glenn,141.49
Kern,147.42
Butte,111.88
Colusa,110.16
Stanislaus,154.7
Merced,46.69
Stanislaus,166.08
Fresno,165.38
Other,211.25
Madera,204.2
Madera,147.47
Madera,131.76
Stanislaus,165.82
Merced,119.29
Fresno,181.53
Fresno,131.35
Butte,130.39
Kern,151.83
Fresno,144.49
Merced,132.38
Kern,127.26
Merced,161.28
Madera,139.25
Glenn,115.15
Other,137.44
Fresno,189.0
Fresno,124.27
Colusa,152.83
Merced,104.3
Glenn,122.92
Glenn,122.07
Glenn,107.07
Merced,151.34
San Joaquin,144.06
Other,116.31
Butte,130.87
Tulare,143.84
Fresno,118.79
Merced,177.98
Tulare,24.49
Other,157.31
Fresno,120.39
Glenn,109.32
Kern,186.27
Glenn,97.98
Butte,131.51
Kern,155.93
Glenn,96.19
Stanislaus,151.0
Other,161.47
Fresno,164.43
Fresno,178.51
Merced,147.28
Fresno,152.05
Fresno,161.78
Stanislaus,167.32
Stanislaus,135.56
Kern,192.78
Merced,133.73
Stanislaus,140.86
Madera,103.49
San Joaquin,133.9
Butte,115.39
Stanislaus,173.93
Butte,128.32
Kern,187.74
Fresno,158.67
Stanislaus,146.5
Fresno,135.32
Colusa,66.01
Merced,136.62
Kern,216.62
Stanislaus,120.48
Fresno,162.92
Tulare,112.8
Stanislaus,130.8
Fresno,169.06
Merced,187.37
Stanislaus,171.11
San Joaquin,155.48
Stanislaus,113.07
Merced,22.76
Stanislaus,123.04
Butte,115.31
Merced,105.02
Other,213.44
Merced,145.74
Fresno,204.78
Fresno,158.38
Fresno,120.58
Fresno,180.97
Other,164.93
Stanislaus,131.33
Other,179.72
Fresno,139.67
Madera,113.84
Kern,161.28
Fresno,93.84
Kern,86.21
Other,162.05
Madera,159.21
Fresno,162.73
Fresno,127.95
Fresno,145.62
Fresno,132.87
San Joaquin,156.91
Other,221.07
Stanislaus,43.57
Merced,149.09
Glenn,130.85
Butte,140.21
Fresno,48.2
Colusa,152.5
Kern,159.92
Kern,142.9
Other,142.18
Kern,147.84
Kern,192.99
Kern,185.54
Other,200.28
Stanislaus,24.52
Other,162.97
Stanislaus,114.48
Other,107.88
Kern,163.7
Colusa,113.68
Stanislaus,173.58
Stanislaus,139.53
Merced,146.11
Merced,117.39
Madera,138.69
Kern,202.12
Stanislaus,151.09
Colusa,141.2
Merced,119.92
Kern,169.26
Merced,79.37
Stanislaus,149.32
Tulare,192.43
Tulare,119.75
Kern,187.74
Butte,120.5
Stanislaus,146.41
Kern,157.29
Merced,144.21
Madera,164.75
Butte,66.07
Kern,195.2
Stanislaus,151.17
Kern,178.92
Fresno,131.07
Madera,149.23
Colusa,123.91
Stanislaus,97.2
San Joaquin,42.59
Other,171.17
Fresno,146.76
Merced,165.79
San Joaquin,158.0
Butte,144.28
Madera,104.04
San Joaquin,153.47
Stanislaus,157.0
Merced,133.46
Fresno,88.74
Other,183.18
Madera,158.74
Butte,85.55
Kern,152.46
Kern,51.87
Other,203.86
Kern,143.43
Glenn,115.62
Madera,30.21
Other,168.98
Tulare,147.67
Kern,137.97
Colusa,106.31
Tulare,200.19
Butte,30.72
Other,176.72
Stanislaus,172.78
Kern,204.64
Stanislaus,136.53
Other,196.58
Kern,43.47
San Joaquin,43.34
Merced,130.48
Colusa,125.23
Fresno,128.71
San Joaquin,107.27
Stanislaus,146.85
Kern,134.3
Madera,164.38
Merced,73.87
Kern,31.71
Glenn,115.93
Fresno,116.99
Kern,182.49
Madera,132.22
Merced,137.08
Fresno,125.97
Fresno,144.21
Stanislaus,132.92
Glenn,108.0
Glenn,150.19
Kern,205.17
Merced,138.34
Madera,104.04
Butte,108.69
Madera,169.09
Fresno,166.41
Other,154.54
Fresno,134.38
Kern,155.09
Stanislaus,134.86
Tulare,139.2
Stanislaus,125.68
Other,180.76
Tulare,148.38
Madera,132.59
Other,164.36
Other,126.24
Merced,108.18
Other,162.97
Stanislaus,96.84
Stanislaus,94.02
Fresno,129.84
Fresno,146.0
Madera,29.2
Fresno,159.23
Kern,182.18
Kern,120.96
Tulare,29.84
Kern,182.7
Kern,183.64
Stanislaus,42.69
Fresno,88.17
San Joaquin,96.77
Tulare,181.84
Fresno,171.9
Stanislaus,158.23
Butte,113.16
Colusa,115.81
Stanislaus,172.96
Other,162.05
Kern,179.45
Butte,104.22
Glenn,150.58
Madera,173.62
Stanislaus,153.73
Fresno,166.41
Glenn,37.3
Other,157.66
Kern,201.18
Stanislaus,26.99
Merced,120.19
Other,163.78
San Joaquin,96.85
Other,54.75
Tulare,106.75
Madera,130.19
Colusa,132.1
Kern,144.8
San Joaquin,149.44
Other,187.57
San Joaquin,114.07
Madera,136.38
Merced,165.07
Colusa,116.13
Merced,149.54
Butte,139.25
Fresno,84.29
Madera,25.5
Stanislaus,122.51
Fresno,209.22
Stanislaus,170.14
Tulare,144.85
Merced,36.21
Fresno,131.26
Tulare,40.52
Kern,228.69
Other,123.35
Kern,171.47
Butte,153.22
Other,167.36
Kern,159.08
Stanislaus,145.97
Kern,189.95
Madera,165.03
Kern,53.55
Merced,115.49
Glenn,119.11
Kern,109.52
Madera,166.41
Tulare,179.22
Butte,141.49
Fresno,187.3
Madera,111.34
Colusa,114.91
Butte,130.71
Other,168.86
Madera,93.97
Stanislaus,25.93
Merced,201.91
Merced,123.35
Kern,160.76
San Joaquin,166.15
Other,165.28
Butte,103.58
Kern,139.23
Other,173.25
Fresno,147.51
Fresno,165.66
Madera,111.16
San Joaquin,105.42
Colusa,138.0
Fresno,103.38
Butte,62.8
Other,229.84
Fresno,139.2
Tulare,178.52
Madera,148.49
Fresno,98.19
Fresno,84.86
Stanislaus,155.14
Stanislaus,169.34
Other,241.05
Fresno,132.39
San Joaquin,131.38
Fresno,144.4
Other,163.66
Stanislaus,150.65
Madera,173.16
Fresno,153.18
Fresno,137.97
Merced,153.51
Stanislaus,167.4
San Joaquin,143.39
Tulare,130.84
Stanislaus,149.32
Fresno,170.57
Madera,133.8
Other,154.31
Madera,150.7
Fresno,158.76
Kern,82.74
Colusa,154.87
Other,33.38
Madera,155.32
Butte,81.72
Madera,172.88
Colusa,70.76
Butte,99.59
Merced,133.64
Kern,194.98
Kern,120.02
Fresno,159.99
Stanislaus,134.5
Butte,128.56
Stanislaus,160.7
Other,176.72
Glenn,128.05
Stanislaus,120.22
Other,211.48
Colusa,158.23
Kern,180.29
Kern,203.7
Merced,142.67
Kern,156.24
Stanislaus,123.92
Other,31.88
Madera,135.74
Kern,227.96
San Joaquin,120.71
Butte,112.2
Merced,107.73
Fresno,129.18
Fresno,77.77
Kern,167.9
Kern,166.11
Kern,135.56
Stanislaus,137.06
Kern,191.52
Kern,173.67
San Joaquin,112.64
Kern,166.64
Merced,151.07
Butte,107.17
Other,191.27
Other,155.35
Fresno,176.24
Glenn,117.72
Glenn,134.73
Colusa,28.26
Madera,162.62
Butte,40.46
Kern,151.3
Other,190.58
Butte,147.95
Other,220.37
Other,187.46
Fresno,163.11
Madera,132.78
Butte,137.34
Stanislaus,137.68
Glenn,119.27
Fresno,133.62
Stanislaus,165.02
Kern,42.63
Other,182.37
Other,176.6
Other,28.76
Stanislaus,169.52
San Joaquin,109.62
Kern,212.62
Merced,148.18
Merced,163.35
Kern,194.88
Stanislaus,159.47
Tulare,171.46
Other,184.57
Other,223.72
Fresno,127.29
Butte,139.89
Tulare,133.66
Other,164.93
Fresno,142.13
Madera,130.1
Tulare,201.0
Kern,138.5
Kern,27.83
Stanislaus,39.87
Madera,136.2
Stanislaus,89.61
Merced,165.61
Kern,156.03
Colusa,119.74
Fresno,138.63
Madera,160.31
Glenn,115.23
Other,192.31
San Joaquin,83.33
Madera,148.58
Merced,169.94
Glenn,153.61
Colusa,174.12
Madera,161.98
Stanislaus,87.58
Merced,175.54
Stanislaus,45.42
San Joaquin,130.2
Tulare,98.18
Fresno,165.66
Stanislaus,169.43
Stanislaus,182.04
Merced,130.84
Tulare,166.22
Butte,107.25
Stanislaus,87.94
Butte,104.94
Kern,59.43
Madera,163.55
San Joaquin,114.49
Stanislaus,162.91
Madera,136.84
Merced,147.82
Kern,123.17
Kern,146.69
Madera,154.68
Butte,127.04
Other,179.95
Kern,160.55
Colusa,103.85
Tulare,186.68
Fresno,179.93
Stanislaus,130.18
Fresno,140.9
Madera,46.48
Madera,152.83
Kern,194.78
Fresno,152.24
Kern,130.52
Kern,157.92
Fresno,153.28
Other,229.04
Other,205.94
Merced,140.06
Other,82.35
San Joaquin,103.99
Stanislaus,116.95
Glenn,109.01
Butte,109.88
Kern,146.9
Stanislaus,176.4
Kern,190.16
Other,176.14
Madera,122.15
San Joaquin,149.69
Glenn,140.4
Fresno,168.78
Merced,151.43
Stanislaus,151.7
Fresno,148.27
Kern,181.65
Kern,139.02
Fresno,106.12
Kern,113.93
Merced,43.52
Fresno,171.14
Tulare,157.05
Merced,153.06
Glenn,142.04
Butte,131.67
Madera,202.82
Merced,88.67
Madera,88.43
Other,166.55
Madera,164.01
Merced,121.81
Other,182.26
San Joaquin,18.14
Other,51.74
Fresno,55.19
Other,182.84
Butte,94.72
Fresno,158.57
Fresno,84.1
Glenn,121.37
Merced,125.25
Kern,116.24
Madera,148.3
Other,196.47
Stanislaus,183.81
Tulare,205.13
Madera,148.58
Other,172.9
Other,202.01
Merced,136.8
Kern,168.42
Butte,128.72
Tulare,117.43
Stanislaus,124.1
Butte,118.18
Stanislaus,151.62
San Joaquin,138.01
Kern,137.34
Tulare,178.82
Other,193.23
Fresno,179.46
Kern,138.5
Butte,117.47
Tulare,203.82
Kern,180.6
Glenn,158.35
Butte,103.74
Butte,117.7
Merced,131.48
Stanislaus,146.15
Kern,155.61
Tulare,151.4
Butte,121.14
Stanislaus,119.78
Stanislaus,141.12
Fresno,153.56
Colusa,107.86
Merced,135.99
Madera,129.91
Tulare,140.92
Other,212.64
Fresno,119.16
San Joaquin,19.82
Merced,157.48
Butte,148.91
Stanislaus,130.27
Butte,127.6
Kern,131.99
Stanislaus,25.75
Merced,40.36
Fresno,156.87
Other,118.96
Colusa,156.1
Kern,126.74
Stanislaus,79.2
Stanislaus,23.73
Butte,94.4
Merced,152.16
Other,165.86
Merced,144.48
Other,179.26
Kern,107.42
San Joaquin,93.74
Fresno,81.08
San Joaquin,37.55
Merced,83.8
Madera,172.79
Merced,112.15
Merced,152.61
Fresno,173.69
Colusa,108.27
Other,178.45
Kern,160.65
Kern,116.13
Stanislaus,152.32
Madera,25.32
Fresno,162.73
Kern,100.17
Stanislaus,132.3
Fresno,132.58
Kern,129.68
Madera,162.16
Stanislaus,118.36
Fresno,128.9
Merced,161.28
Merced,146.38
Kern,164.96
Madera,162.99
Madera,159.48
San Joaquin,193.03
Kern,105.94
Fresno,161.69
Fresno,114.53
Stanislaus,124.36
Butte,144.52
Madera,110.23
Fresno,152.71
Other,142.87
San Joaquin,102.73
Other,211.02
Stanislaus,42.51
Other,89.28
Fresno,167.17
Fresno,148.55
Stanislaus,121.8
Other,201.43
San Joaquin,139.27
Butte,79.4
Fresno,159.52
Madera,136.57
Glenn,134.27
Madera,127.7
Tulare,148.78
Fresno,139.48
Fresno,151.58
Madera,161.61
Butte,136.38
Merced,145.74
Colusa,122.19
Stanislaus,147.29
Glenn,130.15
Kern,154.88
Stanislaus,181.69
Butte,147.79
San Joaquin,122.14
Madera,153.29
Butte,166.3
Madera,147.38
Madera,122.15
San Joaquin,130.37
Kern,155.72
Fresno,169.91
Other,178.45
Kern,142.8
Tulare,185.07
Madera,163.36
Merced,102.13
Fresno,182.29
Other,209.4
San Joaquin,132.3
Other,223.61
Butte,101.67
Kern,183.12
Stanislaus,133.45
Merced,140.6
Other,167.13
San Joaquin,108.36
Stanislaus,142.35
Fresno,130.6
Kern,141.22
Fresno,164.62
Merced,143.4
Kern,164.43
San Joaquin,113.32
Butte,150.82
Butte,139.97
Other,133.29
Merced,130.84
Madera,26.15
Madera,166.41
Kern,189.42
Fresno,136.08
Stanislaus,146.32
Madera,146.18
Tulare,175.19
Butte,146.03
Other,192.08
San Joaquin,34.36
Merced,157.39
San Joaquin,118.44
Madera,181.75
Kern,179.97
Glenn,101.79
Madera,113.47
Butte,140.53
Madera,110.88
Merced,140.6
Other,117.46
Other,199.24
Butte,161.52
Other,191.5
Other,149.8
Fresno,147.33
Other,129.24
Merced,154.68
Kern,159.6
Kern,196.04
Madera,158.84
Stanislaus,149.5
Stanislaus,108.84
Glenn,123.85
Other,199.82
Madera,37.33
Madera,88.43
Fresno,139.48
Butte,126.56
Stanislaus,114.4
Tulare,155.84
Madera,167.06
Kern,143.43
San Joaquin,147.84
Other,201.78
San Joaquin,135.74
Colusa,40.7
Other,183.18
Kern,152.04
Madera,42.69
Stanislaus,144.03
Kern,32.66
Fresno,157.53
Colusa,34.4
Kern,170.84
Merced,133.01
Tulare,143.84
Butte,126.96
Other,182.49
Other,126.47
Stanislaus,140.94
Other,149.69
Stanislaus,96.14
Stanislaus,179.22
Kern,151.41
Madera,149.13
Kern,167.69
Madera,159.94
Kern,147.63
Madera,121.88
Colusa,124.73
Kern,183.23
Merced,147.73
Tulare,129.63
Fresno,174.64
Stanislaus,104.52
Butte,103.58
Stanislaus,106.19
Merced,118.2
Stanislaus,146.06
Colusa,24.0
Fresno,151.01
Merced,155.68
Merced,147.46
Butte,39.02
Stanislaus,84.14
Butte,82.35
Fresno,54.53
Stanislaus,87.67
Butte,146.75
Madera,171.03
Madera,150.7
Butte,39.02
Other,216.1
Fresno,116.71
Other,159.39
Other,174.52
Colusa,120.31
Kern,199.92
Colusa,124.9
Butte,137.73
Butte,37.75
Kern,179.24
Tulare,115.82
Fresno,187.3
Madera,150.43
San Joaquin,85.93
Glenn,79.41
Other,37.77
Kern,181.12
Stanislaus,137.33
Fresno,182.29
Madera,133.7
San Joaquin,156.83
Fresno,179.55
San Joaquin,158.17
Stanislaus,114.4
Kern,125.27
Merced,142.4
Kern,164.22
Stanislaus,68.44
Fresno,126.82
Stanislaus,138.03
Stanislaus,186.54
Kern,201.6
Kern,193.94
Kern,178.19
Butte,161.83
Glenn,120.12
San Joaquin,124.49
Tulare,166.22
Merced,45.51
Madera,159.11
Kern,205.48
Stanislaus,134.33
Glenn,117.48
San Joaquin,41.92
Other,175.68
Merced,121.45
Merced,140.87
Fresno,111.13
Madera,112.17
Other,85.47
Stanislaus,161.76
Merced,178.97
San Joaquin,122.22
Fresno,157.72
Madera,141.19
Other,177.41
Stanislaus,143.94
Fresno,121.43
Merced,142.94
Kern,144.58
Stanislaus,46.75
Stanislaus,133.62
Stanislaus,107.16
Fresno,125.4
Other,176.95
Other,200.05
Fresno,125.21
Stanislaus,35.63
Fresno,121.34
Glenn,164.34
Fresno,110.09
Kern,158.86
Fresno,154.32
Stanislaus,150.65
Other,213.56
Other,56.94
Fresno,170.48
Madera,191.55
Stanislaus,126.74
Fresno,171.33
Fresno,175.68
Fresno,111.42
Fresno,79.95
Fresno,135.89
Fresno,173.12
Kern,169.58
Butte,133.98
San Joaquin,153.47
Butte,152.74
Other,130.52
Kern,138.6
Other,229.5
Madera,136.11
Butte,98.87
Merced,129.76
Fresno,74.09
Other,170.02
Kern,111.72
Kern,175.04
Fresno,183.71
Madera,141.93
Glenn,112.28
Tulare,186.78
Butte,136.46
Fresno,146.0
Glenn,100.39
Other,198.08
Kern,134.72
Kern,199.5
Madera,116.33
Fresno,111.98
Kern,175.35
Tulare,186.88
San Joaquin,158.93
Butte,150.98
San Joaquin,145.91
Butte,127.2
Merced,133.73
San Joaquin,139.36
Other,60.52
Fresno,24.19
Fresno,154.51
Stanislaus,124.19
Madera,168.72
Fresno,131.35
Kern,56.6
Stanislaus,134.59
Stanislaus,123.3
Stanislaus,124.98
Other,164.36
Stanislaus,133.89
Merced,115.04
Merced,26.1
Merced,178.07
Merced,118.83
Fresno,126.16
Stanislaus,109.81
Kern,188.06
Fresno,158.19
Kern,171.78
San Joaquin,148.85
Butte,148.19
Merced,148.09
Stanislaus,142.71
Butte,137.18
Kern,165.9
Colusa,110.24
Merced,159.38
Colusa,100.57
San Joaquin,64.18
Madera,168.08
Stanislaus,105.31
Stanislaus,162.46
Glenn,72.03
Madera,114.3
Stanislaus,130.27
Stanislaus,36.87
Other,229.96
Merced,124.7
Kern,119.7
Kern,175.14
Kern,172.2
Butte,100.95
Stanislaus,141.47
Fresno,154.89
Madera,145.81
Butte,73.34
Stanislaus,181.78
Madera,137.77
Colusa,158.23
Tulare,39.11
Kern,131.78
Colusa,130.38
Colusa,110.81
Colusa,79.52
Other,191.96
Glenn,118.49
Merced,143.31
Kern,199.6
Butte,92.25
Tulare,137.79
Merced,26.55
Fresno,120.58
Colusa,142.51
Fresno,40.92
Fresno,196.47
Kern,154.14
Other,174.87
Fresno,150.73
Kern,178.19
Merced,148.09
Madera,120.95
Madera,140.17
Stanislaus,46.83
Fresno,151.77
Kern,109.62
Butte,120.9
Tulare,128.62
Glenn,159.75
Other,181.45
Merced,133.55
Stanislaus,141.56
Other,205.71
Other,210.79
Tulare,153.42
Other,187.8
Madera,137.68
Merced,128.32
Stanislaus,80.53
Glenn,140.71
San Joaquin,87.44
Kern,27.51
San Joaquin,139.61
Fresno,139.1
Madera,115.5
San Joaquin,107.02
Fresno,146.76
Fresno,116.42
Merced,141.5
Merced,113.87
Stanislaus,175.61
Other,174.17
Kern,187.95
Madera,181.66
Kern,145.64
Kern,201.81
Kern,137.97
Fresno,105.27
Kern,139.12
Merced,161.64
Merced,147.37
Merced,129.31
San Joaquin,131.96
San Joaquin,120.46
Fresno,171.33
Merced,107.01
Kern,56.6
Butte,152.5
Madera,147.66
Madera,165.58
Stanislaus,120.3
Stanislaus,132.21
Stanislaus,96.05
Butte,124.09
Other,141.37
Kern,32.55
Madera,145.9
Kern,50.4
Fresno,132.96
Butte,149.23
Merced,126.96
Butte,132.47
Fresno,27.22
Other,163.78
Merced,190.17
Colusa,155.45
Butte,107.01
Stanislaus,160.7
Glenn,105.75
Kern,149.1
Glenn,110.96
Stanislaus,44.89
San Joaquin,102.56
San Joaquin,105.92
Kern,173.14
Fresno,156.96
Kern,160.55
Glenn,124.63
Butte,126.56
Stanislaus,138.47
Merced,48.13
Merced,136.53
Merced,145.65
San Joaquin,148.85
Merced,167.05
Glenn,23.78
Kern,129.78
Kern,149.62
Stanislaus,182.57
San Joaquin,79.63
Fresno,180.21
Butte,127.6
Colusa,93.78
Fresno,95.07
Kern,171.57
San Joaquin,101.56
Kern,45.15
San Joaquin,160.69
San Joaquin,135.58
Fresno,169.44
Merced,162.99
Merced,122.36
Stanislaus,113.87
Stanislaus,120.92
Stanislaus,93.84
Kern,149.21
Kern,183.12
Fresno,128.05
Colusa,126.29
Colusa,112.86
Madera,163.46
Merced,187.28
Stanislaus,124.27
Tulare,155.33
San Joaquin,89.96
Madera,170.02
Stanislaus,114.48
Fresno,122.76
Tulare,108.76
Fresno,136.08
Kern,203.81
Merced,44.16
Merced,144.84
Butte,141.09
Stanislaus,143.59
Kern,126.42
Butte,122.17
Kern,169.05
Stanislaus,140.33
Merced,143.58
Butte,131.03
Fresno,111.98
Merced,152.34
Fresno,178.98
Stanislaus,174.28
Kern,169.58
San Joaquin,145.82
Merced,162.18
San Joaquin,34.61
Stanislaus,142.8
Madera,202.82
Fresno,25.99
San Joaquin,111.8
Butte,154.81
Butte,147.07
Kern,164.74
Other,246.82
Stanislaus,33.69
Fresno,105.18
Butte,133.82
Fresno,125.31
Butte,110.52
San Joaquin,102.06
Stanislaus,155.14
Kern,183.12
Kern,192.47
Fresno,150.92
Butte,136.54
Other,242.67
Fresno,146.29
Kern,211.78
Butte,19.39
Kern,29.3
Stanislaus,123.39
Merced,113.6
Kern,162.02
Kern,170.52
Other,137.33
Other,110.07
Butte,136.38
Glenn,116.32
Colusa,40.7
Madera,127.88
Tulare,48.28
Butte,95.76
Madera,121.04
Madera,130.84
Kern,189.52
Fresno,167.74
Kern,186.06
Fresno,129.09
Colusa,140.13
Madera,125.94
Merced,43.16
Butte,104.7
Merced,160.46
Merced,125.88
Merced,162.09
Fresno,164.62
Other,131.32
Kern,174.3
Fresno,133.81
San Joaquin,137.68
Butte,134.7
Madera,28.64
Glenn,102.25
Other,158.35
Kern,213.88
Other,219.33
Fresno,144.11
San Joaquin,160.44
Merced,124.07
Kern,24.04
Fresno,169.06
Other,170.13
Tulare,169.95
Kern,158.76
Merced,174.64
Stanislaus,118.28
Stanislaus,102.49
Other,174.64
Madera,138.97
Stanislaus,163.08
Stanislaus,120.83
Tulare,133.86
Merced,118.65
Fresno,28.54
Stanislaus,114.75
San Joaquin,153.3
Merced,196.4
Other,158.12
San Joaquin,163.3
San Joaquin,189.92
Kern,159.5
Tulare,159.26
Stanislaus,175.08
Merced,149.54
Colusa,132.6
Merced,34.49
Kern,87.88
Kern,26.67
Fresno,152.52
Merced,98.16
Fresno,93.18
Tulare,152.21
Fresno,146.29
Merced,122.99
San Joaquin,102.48
Merced,148.18
Other,139.76
Madera,139.8
Kern,146.16
Butte,157.21
Butte,140.13
Glenn,133.95
Tulare,194.34
Colusa,141.03
Kern,207.38
Fresno,166.79
Fresno,80.8
Fresno,120.2
San Joaquin,74.42
Fresno,116.24
Other,193.92
Merced,120.55
Kern,184.48
Stanislaus,24.61
Merced,136.35
Tulare,173.58
Colusa,153.32
Kern,160.12
Stanislaus,165.11
Kern,211.26
Other,215.98
Stanislaus,145.18
Colusa,134.15
Stanislaus,121.28
Tulare,137.29
San Joaquin,117.77
Other,187.34
Fresno,165.85
Other,208.36
Butte,113.48
Other,150.84
Merced,143.58
Butte,135.18
San Joaquin,97.27
Merced,153.15
Butte,115.79
Kern,140.49
Kern,152.88
Kern,149.0
Madera,158.19
Tulare,156.74
Butte,130.47
Other,173.25
Other,182.61
Other,30.95
Merced,171.21
Tulare,161.38
Fresno,139.77
Madera,166.14
Colusa,125.14
Kern,171.68
Merced,165.34
Stanislaus,152.15
Colusa,124.49
Butte,87.94
Merced,160.55
Colusa,107.86
Other,219.22
Butte,25.14
Fresno,111.42
Fresno,168.21
Merced,137.26
Other,107.65
Stanislaus,131.95
Fresno,156.96
Madera,165.95
Butte,146.03
Kern,154.04
Other,174.06
Madera,163.55
Merced,171.12
Merced,138.97
Other,26.8
Other,195.08
Glenn,65.19
Colusa,134.32
Tulare,172.27
Merced,154.41
Fresno,143.36
Butte,148.75
Merced,171.84
Stanislaus,134.06
Madera,164.93
Merced,115.13
Madera,126.31
Butte,140.85
Other,151.07
Colusa,140.38
Stanislaus,104.08
Stanislaus,160.52
Fresno,151.01
Stanislaus,138.83
Tulare,176.9
Kern,181.23
Butte,131.43
Butte,137.58
Madera,22.36
Butte,116.43
Madera,137.68
Colusa,146.6
Tulare,150.7
San Joaquin,115.33
Merced,157.03
Kern,135.66
Other,142.64
Colusa,175.92
Merced,180.69
Other,37.42
Madera,26.43
Fresno,111.23
Madera,47.77
Glenn,101.86
Kern,167.16
Fresno,140.43
Stanislaus,145.09
Stanislaus,19.85
Kern,47.78
Fresno,183.05
Other,172.44
Kern,186.38
Other,248.09
Other,132.82
Other,160.66
Other,52.21
Other,202.47
Stanislaus,149.85
Fresno,132.87
Madera,204.02
Kern,152.25
San Joaquin,154.39
Stanislaus,118.45
Madera,146.55
Madera,152.83
Kern,145.64
Butte,117.31
Stanislaus,132.12
Merced,157.75
Butte,113.4
Merced,173.56
Butte,138.69
Tulare,29.53
Other,173.71
Kern,178.6
Madera,145.16
Kern,196.14
Other,170.71
Stanislaus,96.4
Butte,33.68
Fresno,123.61
Stanislaus,156.11
Merced,167.87
Butte,74.93
Kern,155.61
Glenn,107.3
Tulare,118.84
Kern,157.5
San Joaquin,145.82
Colusa,115.72
Other,213.91
Butte,110.68
Butte,143.88
Stanislaus,114.75
San Joaquin,93.16
Fresno,168.02
Madera,120.4
Madera,135.83
Fresno,144.21
Fresno,162.07
Merced,155.86
San Joaquin,119.78
Other,186.65
Tulare,131.44
Merced,164.08
Madera,150.43
Fresno,176.9
Kern,206.32
San Joaquin,89.12
Fresno,173.12
Stanislaus,158.67
Kern,186.06
Kern,205.17
Fresno,146.19
San Joaquin,124.24
Madera,134.53
San Joaquin,172.87
Kern,44.42
Butte,53.31
Other,32.92
Other,248.9
Colusa,143.49
Butte,103.9
Fresno,50.84
Tulare,205.53
Fresno,192.97
Kern,109.94
Kern,155.4
Stanislaus,105.05
San Joaquin,155.15
San Joaquin,126.34
Kern,174.41
Fresno,134.85
Fresno,138.54
Glenn,118.8
Fresno,131.07
Other,167.01
Stanislaus,173.14
Fresno,162.35
Kern,139.23
Stanislaus,158.67
Stanislaus,139.0
Kern,95.24
Fresno,137.5
Stanislaus,125.33
Butte,135.26
Other,214.83
Butte,118.1
Glenn,130.23
Other,212.87
Fresno,181.06
Fresno,127.29
Madera,131.95
Merced,115.04
Fresno,156.02
Other,217.14
Madera,126.5
Merced,149.45
Stanislaus,117.39
Stanislaus,118.01
Other,227.42
Fresno,130.98
San Joaquin,154.98
Other,161.7
Madera,135.37
Merced,114.68
Kern,138.92
Stanislaus,120.48
Tulare,137.29
Madera,119.2
Tulare,176.5
Merced,79.46
Fresno,169.82
Merced,96.98
Tulare,157.85
Other,180.87
Stanislaus,159.38
San Joaquin,45.11
Fresno,26.37
Kern,180.29
Fresno,133.91
Tulare,159.06
Kern,172.94
San Joaquin,128.02
Tulare,179.22
Madera,147.47
Fresno,26.55
Fresno,118.5
Butte,85.47
Other,175.56
Tulare,165.61
Tulare,199.08
Fresno,186.35
Fresno,163.3
Stanislaus,159.64
San Joaquin,152.63
Other,117.58
Merced,162.27
Fresno,26.65
Fresno,154.89
Fresno,126.06
Fresno,126.06
Kern,137.76
Madera,142.76
San Joaquin,144.14
San Joaquin,127.93
Other,161.93
Butte,91.85
Merced,138.61
Other,214.71
Kern,193.73
Merced,161.1
San Joaquin,141.96
Other,129.59
Glenn,121.83
Merced,179.25
Other,187.92
Glenn,127.89
Kern,112.67
Other,224.07
Colusa,162.74
San Joaquin,140.78
Stanislaus,115.81
Other,200.05
Fresno,166.6
Madera,43.24
Fresno,191.74
Stanislaus,121.45
Madera,126.22
Stanislaus,168.64
Stanislaus,177.28
Fresno,128.52
Stanislaus,147.38
Other,168.63
Butte,73.74
Merced,128.77
Stanislaus,115.89
Merced,120.28
Fresno,133.72
Fresno,167.64
Madera,43.06
Kern,137.02
Merced,137.71
Madera,151.91
Tulare,169.14
Madera,153.75
San Joaquin,127.18
Butte,93.37
Kern,160.86
Madera,178.24
Glenn,138.69
Kern,159.39
Madera,140.08
Stanislaus,105.13
Fresno,139.48
Merced,143.58
Stanislaus,24.43
Fresno,152.43
Madera,151.26
San Joaquin,150.28
Kern,150.78
Merced,136.99
Fresno,147.42
Other,33.49
Glenn,124.16
Fresno,136.93
Fresno,163.67
Madera,130.38
Madera,47.49
Butte,153.54
Other,126.47
Fresno,174.64
Other,159.74
Fresno,151.39
Fresno,151.29
Merced,129.76
Kern,111.3
Merced,128.23
Glenn,110.02
Madera,165.12
Madera,110.51
Merced,46.69
Stanislaus,42.95
Merced,128.23
Kern,188.69
Other,175.68
Fresno,143.92
Madera,176.21
Stanislaus,112.81
Fresno,148.93
Merced,130.94
Kern,137.55
Madera,135.64
Colusa,36.69
Merced,130.94
Colusa,27.19
Tulare,208.05
Other,63.52
Fresno,28.82
Colusa,117.77
San Joaquin,118.36
Glenn,103.19
Fresno,152.14
Butte,131.43
Butte,96.48
Colusa,123.34
Kern,179.55
Kern,179.76
Glenn,134.73
Glenn,155.94
Fresno,196.65
Kern,121.9
Fresno,137.02
Madera,148.39
Butte,125.68
Butte,120.26
Other,167.36
Kern,150.26
Fresno,176.9
Butte,126.0
Butte,126.4
Kern,29.4
San Joaquin,124.49
Other,52.67
Other,148.53
Fresno,160.84
Tulare,151.1
Madera,97.39
Merced,177.8
Fresno,183.9
Merced,155.23
Tulare,153.82
Butte,49.88
Merced,167.05
Tulare,142.73
Fresno,26.08
Fresno,177.85
Tulare,149.18
Fresno,129.65
Tulare,115.52
Glenn,120.75
Colusa,166.83
Madera,158.47
Other,187.8
Kern,121.49
Merced,157.57
Fresno,155.92
Kern,151.3
San Joaquin,111.22
Other,55.67
Kern,102.27
Other,220.03
Kern,62.9
Tulare,149.69
Fresno,129.65
Madera,153.48
Kern,137.76
Stanislaus,114.75
Kern,208.42
Tulare,152.41
Tulare,152.11
Kern,154.35
Madera,189.05
Butte,95.2
Kern,151.3
Merced,101.05
Madera,183.97
Merced,134.01
Kern,167.26
Kern,52.61
Kern,158.24
Merced,117.75
Stanislaus,132.3
Kern,209.26
Butte,118.74
San Joaquin,164.47
Merced,40.09
Colusa,157.82
San Joaquin,74.34
Other,133.98
Fresno,155.64
San Joaquin,116.93
Butte,135.9
San Joaquin,20.92
Merced,138.88
Merced,160.64
Fresno,142.7
Fresno,182.86
Stanislaus,143.06
Stanislaus,128.68
Stanislaus,177.28
Kern,137.86
Tulare,187.69
Kern,197.19
Merced,28.17
Butte,152.1
Tulare,142.23
Kern,169.05
San Joaquin,147.67
Madera,149.32
Stanislaus,145.97
Kern,174.72
Other,199.12
Glenn,75.84
Other,168.98
Madera,148.86
Fresno,142.7
Kern,123.8
Kern,104.69
Merced,145.56
Merced,110.53
San Joaquin,128.44
Fresno,140.71
Fresno,156.59
Stanislaus,101.69
Fresno,118.22
Tulare,116.02
Other,185.03
Butte,98.47
Fresno,169.06
Other,112.96
Stanislaus,137.77
Madera,149.13
Fresno,135.89
Stanislaus,161.94
Merced,50.3
Tulare,137.89
Kern,160.23
Stanislaus,114.92
Butte,109.65
Fresno,170.29
Other,65.26
Glenn,152.68
Tulare,130.74
Madera,119.66
Kern,168.42
Other,152.0
Stanislaus,42.16
Kern,201.5
Stanislaus,174.55
Kern,178.4
Madera,157.91
Merced,137.53
Stanislaus,150.47
Fresno,175.01
Stanislaus,110.16
Stanislaus,129.12
Other,34.07
Other,208.13
Stanislaus,136.71
Fresno,97.34
Kern,139.23
Stanislaus,132.04
Merced,110.89
Stanislaus,114.92
Other,159.85
Glenn,101.32
Glenn,102.25
Kern,165.8
Tulare,125.5
Madera,125.94
Kern,28.98
Other,190.92
Fresno,143.17
Fresno,28.35
Kern,137.66
Merced,139.06
Kern,158.97
Kern,155.19
Madera,141.93
Other,205.94
San Joaquin,106.68
Tulare,90.01
Butte,109.72
Kern,141.12
Glenn,39.32
Merced,129.49
Other,174.87
Fresno,190.61
Colusa,121.13
Tulare,94.85
Merced,129.13
Fresno,154.41
Tulare,30.95
Merced,104.66
Madera,129.45
Butte,151.54
Madera,162.9
Kern,149.1
Tulare,149.59
Merced,120.73
Colusa,128.75
Kern,48.62
Fresno,125.97
Kern,111.09
Merced,144.3
Kern,150.68
Fresno,145.91
Kern,162.02
Stanislaus,135.48
Fresno,178.32
Fresno,186.92
Fresno,124.46
Butte,129.04
Fresno,187.49
Fresno,165.28
Fresno,37.89
Glenn,120.43
Butte,120.5
Madera,144.24
Butte,36.55
Kern,25.62
Glenn,134.58
Stanislaus,122.07
Fresno,165.94
Kern,177.98
Madera,178.05
Stanislaus,163.35
Fresno,155.74
Merced,164.26
Other,119.89
Madera,143.4
Glenn,141.49
Madera,121.23
Stanislaus,41.72
Colusa,134.23
Butte,133.51
Kern,179.97
San Joaquin,152.96
Fresno,130.22
Merced,140.96
Other,208.25
Merced,116.58
Other,137.68
Fresno,125.78
Other,174.4
Glenn,117.02
Other,153.15
Madera,151.81
Stanislaus,167.23
Other,214.6
Kern,151.62
Fresno,87.32
Fresno,136.27
San Joaquin,133.48
Stanislaus,159.29
San Joaquin,178.16
Other,188.96
Other,204.44
Kern,50.72
Glenn,144.6
Madera,95.45
Fresno,165.94
Kern,27.4
Other,155.81
Other,155.93
Kern,162.44
Other,132.13
Colusa,102.78
Stanislaus,170.67
Tulare,176.1
Stanislaus,130.18
Kern,164.96
Stanislaus,85.64
Fresno,150.63
Fresno,139.48
Stanislaus,161.67
Madera,161.05
Colusa,103.52
Fresno,96.67
Kern,101.01
Tulare,104.93
Butte,104.78
Stanislaus,166.08
Butte,74.29
Butte,35.19
San Joaquin,109.12
Fresno,117.65
Stanislaus,195.1
Kern,132.62
Fresno,131.45
Kern,148.89
Merced,167.87
Madera,95.63
Kern,103.74
Other,139.41
Fresno,128.33
Fresno,116.14
Butte,145.4
Fresno,107.73
Kern,141.02
Colusa,33.82
Merced,137.53
Fresno,159.7
Other,162.39
Kern,170.42
Tulare,157.55
Other,240.36
Tulare,223.57
Kern,60.16
Stanislaus,154.17
Stanislaus,102.22
Kern,143.96
Kern,151.62
Kern,182.18
Fresno,159.61
Colusa,136.45
Madera,146.73
Kern,163.17
Fresno,154.7
Kern,179.66
Merced,170.03
Madera,143.5
Merced,137.98
Butte,150.58
Kern,166.74
Tulare,119.04
Other,170.48
San Joaquin,134.65
Tulare,169.85
Fresno,77.02
Kern,159.39
San Joaquin,110.96
San Joaquin,107.44
Fresno,159.23
Merced,159.56
Merced,169.31
Glenn,23.47
Fresno,130.88
Colusa,145.7
Madera,101.27
Madera,162.9
Merced,188.09
Other,213.68
Colusa,157.66
Butte,20.99
Madera,159.94
Madera,119.01
Butte,130.55
Fresno,160.27
Other,152.0
San Joaquin,164.81
Stanislaus,179.4
Stanislaus,129.74
Colusa,60.69
Tulare,152.71
Glenn,39.7
Stanislaus,125.24
Tulare,45.16
Glenn,68.3
Other,189.65
Stanislaus,173.67
Other,205.59
Fresno,153.18
Glenn,104.04
Other,59.48
Madera,167.24
Glenn,81.04
Fresno,182.67
Fresno,155.83
Merced,149.36
Fresno,149.88
Other,174.98
Stanislaus,126.83
Other,174.06
Glenn,124.24
Other,153.96
Fresno,40.54
Madera,74.75
Glenn,110.49
Other,181.68
Butte,130.07
Kern,140.7
Madera,146.82
Madera,173.62
San Joaquin,22.93
Stanislaus,36.6
Madera,110.42
San Joaquin,27.55
Kern,138.5
Other,150.61
Kern,172.2
Other,134.33
Madera,161.7
Other,224.07
Madera,27.72
Madera,124.65
Kern,171.15
Kern,192.68
Merced,165.97
Butte,139.89
Kern,164.85
Kern,179.34
San Joaquin,122.81
Glenn,130.54
Fresno,151.58
Kern,55.96
Merced,38.38
Kern,35.07
Fresno,148.84
Kern,161.07
Other,181.57
Glenn,128.98
Kern,164.22
Stanislaus,110.25
Stanislaus,92.43
Kern,192.47
Kern,125.37
Stanislaus,136.62
Tulare,185.88
Merced,72.78
Tulare,24.7
Butte,84.91
Madera,194.13
Kern,181.44
Merced,26.55
Madera,142.85
Fresno,105.08
Fresno,113.78
Stanislaus,153.64
Tulare,172.27
Merced,39.64
Merced,113.15
Merced,126.06
San Joaquin,147.59
San Joaquin,130.87
Kern,147.74
San Joaquin,112.39
Madera,142.85
Other,51.63
Madera,133.61
Kern,173.36
San Joaquin,106.09
Madera,124.65
Fresno,104.99
Colusa,147.17
Madera,136.29
Kern,161.07
Kern,31.92
Kern,194.57
Stanislaus,120.75
Colusa,136.61
Fresno,41.01
San Joaquin,136.84
Kern,176.3
Merced,124.43
Other,134.56
Colusa,110.4
Other,195.54
Other,230.19
Butte,124.17
Butte,120.5
Colusa,108.93
Other,219.1
Merced,105.47
Stanislaus,129.12
San Joaquin,83.41
Butte,143.16
Butte,144.36
Fresno,179.83
San Joaquin,42.5
Butte,101.03
Merced,141.05
Stanislaus,178.87
Stanislaus,128.07
Kern,126.74
Madera,22.73
Stanislaus,82.38
Stanislaus,157.26
Stanislaus,26.81
Kern,178.08
Tulare,185.27
Madera,161.79
Stanislaus,123.13
Kern,143.33
Other,181.91
Madera,114.85
San Joaquin,109.79
San Joaquin,40.82
Fresno,122.09
Stanislaus,156.03
Glenn,157.19
Fresno,148.74
Madera,126.4
Stanislaus,150.73
Fresno,157.82
Fresno,132.02
Other,215.75
San Joaquin,123.14
Kern,171.99
Kern,181.86
Fresno,158.67
Glenn,117.87
Fresno,126.91
Other,171.4
Madera,171.31
San Joaquin,39.9
Kern,178.5
Madera,110.05
Butte,85.63
Fresno,22.87
Merced,146.56
San Joaquin,109.7
San Joaquin,116.84
Colusa,123.18
Stanislaus,147.82
Kern,128.84
Tulare,144.24
Stanislaus,131.77
Fresno,115.76
Madera,28.09
San Joaquin,127.43
Merced,122.36
Other,134.1
Glenn,131.86
Fresno,118.03
Fresno,147.7
Merced,50.75
Fresno,112.27
Kern,148.89
Butte,111.8
Merced,129.4
Other,197.04
Madera,113.47
Stanislaus,170.05
Stanislaus,148.97
Merced,167.69
Other,174.06
Madera,147.38
Glenn,23.39
Fresno,145.91
San Joaquin,135.07
Kern,96.6
Stanislaus,91.38
Stanislaus,153.2
Stanislaus,147.21
San Joaquin,152.12
Other,206.05
Fresno,94.59
Fresno,76.73
Stanislaus,102.66
Fresno,182.29
Fresno,181.16
Butte,97.28
Fresno,134.47
Kern,168.84
Fresno,167.55
Other,213.79
Kern,162.75
Stanislaus,140.33
Fresno,24.66
Kern,122.32
Stanislaus,122.25
Other,102.68
Kern,158.97
Merced,158.57
Kern,194.25
Merced,160.55
Colusa,116.87
Colusa,105.49
San Joaquin,138.1
San Joaquin,133.06
Kern,157.08
Merced,75.49
Stanislaus,132.83
Fresno,168.68
Madera,94.16
Colusa,127.44
Glenn,153.38
Merced,151.43
Stanislaus,166.26
Madera,126.5
Fresno,166.51
Fresno,132.49
Stanislaus,145.35
Kern,175.04
Merced,167.24
Fresno,130.22
Stanislaus,196.77
Stanislaus,152.32
Madera,91.66
Other,186.99
Fresno,147.8
Fresno,28.16
Kern,172.2
Madera,190.81
Stanislaus,139.27
Merced,142.31
Kern,175.77
Colusa,134.23
Tulare,182.15
San Joaquin,108.44
Butte,29.85
Madera,46.57
Madera,90.55
Fresno,185.98
Glenn,147.55
Stanislaus,145.62
Fresno,80.8
Kern,142.9
Kern,161.07
Madera,119.38
San Joaquin,155.57
Stanislaus,135.83
Colusa,124.32
Fresno,127.67
Stanislaus,121.19
Other,157.2
Madera,160.41
Fresno,132.77
Tulare,150.09
Other,206.63
Other,155.12
Fresno,160.74
Other,198.43
Stanislaus,87.14
Stanislaus,153.82
San Joaquin,144.06
Madera,90.83
San Joaquin,182.28
Glenn,81.82
Other,39.62
Kern,222.39
Stanislaus,130.18
Other,49.09
Fresno,185.13
Madera,148.3
San Joaquin,128.27
Kern,189.0
Fresno,124.65
Stanislaus,134.77
Tulare,131.14
Other,142.41
Fresno,28.73
Stanislaus,154.35
Kern,144.17
Stanislaus,161.85
Merced,184.21
Other,130.75
San Joaquin,143.47
Colusa,153.97
Fresno,193.25
Tulare,170.05
Stanislaus,16.85
Other,189.77
Fresno,145.25
Fresno,155.92
Merced,177.35
Fresno,79.38
Butte,117.63
Other,135.25
Stanislaus,123.22
Kern,176.09
Kern,180.71
Other,196.12
Fresno,159.89
Glenn,103.11
Butte,144.12
Madera,168.26
Stanislaus,119.95
San Joaquin,72.83
Merced,161.82
Other,223.72
Colusa,130.47
Fresno,105.75
Kern,162.65
Tulare,155.64
Merced,156.49
Kern,159.5
Kern,174.82
Glenn,112.35
San Joaquin,41.58
Merced,123.53
Tulare,30.14
Butte,133.51
Fresno,161.12
Kern,195.3
Stanislaus,173.31
Colusa,125.31
Stanislaus,100.72
Tulare,176.5
Other,228.46
Madera,150.24
Madera,180.09
Fresno,188.81
Kern,93.66
Other,165.63
Madera,177.13
Merced,202.72
Stanislaus,164.05
Kern,119.18
Stanislaus,109.02
Glenn,151.67
Madera,158.65
Madera,141.0
Merced,139.42
Tulare,171.66
Other,174.87
Merced,126.33
Glenn,142.27
Kern,215.88
Fresno,147.42
Fresno,23.06
Kern,91.04
Glenn,98.91
Kern,181.76
Other,136.52
Merced,121.9
Other,143.8
San Joaquin,140.28
Kern,167.79
Madera,105.15
Stanislaus,198.71
Colusa,140.05
Madera,26.89
Butte,124.49
Merced,43.25
Kern,159.71
Butte,126.56
Stanislaus,125.77
Tulare,160.88
San Joaquin,110.04
Merced,119.65
Madera,162.81
Stanislaus,109.1
Butte,122.97
Merced,155.95
Other,141.6
Madera,94.99
San Joaquin,131.96
Stanislaus,98.52
Fresno,151.96
Other,210.9
Tulare,26.71
Other,197.16
Butte,142.04
Butte,134.06
Tulare,155.33
Stanislaus,161.23
San Joaquin,150.36
Madera,131.76
Merced,185.93
Butte,149.94
Stanislaus,145.88
Other,178.79
Kern,180.6
Butte,140.45
Madera,103.4
Madera,140.26
Fresno,160.93
Kern,148.58
Fresno,158.48
Butte,116.67
Merced,117.84
Fresno,118.98
Fresno,128.52
Merced,130.3
Butte,118.66
Tulare,193.23
Fresno,141.28
Other,134.44
Fresno,146.48
Fresno,148.18
Other,32.46
Stanislaus,160.44
Stanislaus,115.81
Kern,123.69
Other,190.81
Fresno,180.4
Fresno,29.58
Kern,147.52
Stanislaus,125.95
Kern,213.05
Butte,170.53
Butte,115.07
Kern,107.94
Merced,145.38
Fresno,119.26
Madera,115.5
Butte,128.16
Merced,82.99
Tulare,143.94
San Joaquin,88.87
San Joaquin,110.8
Fresno,153.75
Madera,143.59
San Joaquin,111.22
Colusa,38.82
Stanislaus,148.18
Stanislaus,118.36
Stanislaus,139.71
Other,185.03
Stanislaus,116.69
Fresno,125.97
Butte,149.86
Tulare,201.8
Other,169.9
Madera,45.83
Kern,219.35
Merced,162.09
Kern,205.7
Fresno,131.26
Madera,119.66
Stanislaus,170.49
Fresno,135.51
Stanislaus,111.93
Kern,185.43
Tulare,164.61
Glenn,134.65
Merced,130.3
Madera,141.28
Fresno,144.02
Other,143.34
Other,55.44
Stanislaus,151.26
Butte,139.49
Madera,144.33
Stanislaus,95.52
Stanislaus,165.55
Stanislaus,102.84
Fresno,158.76
Stanislaus,23.64
Colusa,140.21
Stanislaus,148.97
Kern,182.81
Madera,183.88
Other,37.54
Stanislaus,144.65
Stanislaus,143.59
Butte,92.49
Stanislaus,122.69
Other,180.06
Kern,154.56
Merced,139.51
San Joaquin,117.77
Madera,172.05
Kern,150.78
Kern,162.02
Colusa,145.95
Other,153.15
Fresno,196.84
Madera,81.22
Fresno,135.99
Tulare,143.04
Kern,178.82
Tulare,158.46
Madera,189.24
Other,216.56
Kern,197.61
Colusa,117.44
Other,196.35
Other,246.94
Fresno,180.4
Merced,120.64
Butte,41.26
Merced,93.46
Other,185.38
Other,235.85
Glenn,111.19
Merced,123.08
Merced,83.98
Kern,131.25
San Joaquin,127.34
Madera,147.75
Kern,196.77
Other,167.36
Stanislaus,127.18
Kern,175.04
Kern,132.72
Kern,168.1
Kern,181.65
Stanislaus,98.43
Butte,130.95
Fresno,46.49
Madera,127.42
Kern,97.86
Other,200.05
Tulare,172.07
Kern,40.85
Fresno,127.01
Fresno,132.77
Madera,130.75
Stanislaus,168.73
Madera,146.08
Fresno,164.15
Merced,159.56
Kern,173.98
Stanislaus,135.48
Kern,172.73
Tulare,170.45
Stanislaus,26.28
Tulare,162.89
Merced,148.72
Kern,182.49
Merced,154.68
Madera,155.69
Madera,163.55
Madera,146.64
Other,185.38
Kern,188.16
Fresno,98.37
Butte,149.07
Merced,93.01
Merced,136.35
Madera,141.09
Fresno,46.59
Butte,142.6
Stanislaus,31.13
Kern,161.81
Stanislaus,139.8
Tulare,164.0
Other,209.75
Merced,145.02
Tulare,158.16
Other,155.35
Fresno,163.86
Fresno,43.19
Merced,142.4
Fresno,146.66
San Joaquin,124.32
Merced,149.63
Merced,55.08
Fresno,152.9
Fresno,162.35
Merced,148.09
Merced,138.52
Madera,104.04
Other,33.96
Other,215.29
Merced,131.84
Stanislaus,115.37
Kern,108.26
Tulare,210.67
Fresno,152.9
Merced,27.27
Kern,151.52
Butte,103.9
Colusa,117.12
Stanislaus,163.96
Stanislaus,124.8
Kern,188.69
Stanislaus,121.1
Kern,171.57
San Joaquin,92.4
Tulare,156.64
Tulare,159.36
Butte,135.98
Madera,148.39
Glenn,59.44
Merced,140.33
Madera,90.46
Other,201.2
Fresno,153.94
Other,51.4
Tulare,203.41
Stanislaus,101.17
Merced,35.31
Fresno,97.71
Glenn,87.65
San Joaquin,155.4
Stanislaus,148.62
Other,182.49
Tulare,159.47
Merced,160.19
Butte,148.35
Kern,141.02
Kern,148.89
Kern,203.49
Merced,142.4
Colusa,42.59
Fresno,129.75
Madera,118.09
Merced,134.1
Glenn,115.7
Other,150.84
Butte,123.21
Kern,179.24
Fresno,158.1
San Joaquin,43.26
San Joaquin,168.25
San Joaquin,193.54
Kern,170.94
Other,189.19
Kern,153.93
Madera,133.24
Merced,120.19
Other,193.58
Other,139.76
Other,170.94
Stanislaus,186.28
Merced,90.3
San Joaquin,140.45
Merced,125.7
Kern,139.76
Kern,204.23
Fresno,140.14
Kern,191.1
Fresno,23.62
Merced,135.63
Kern,187.64
Fresno,48.57
Other,253.75
Merced,119.92
Madera,96.74
Kern,181.12
Glenn,24.09
Fresno,139.95
Tulare,136.18
Madera,134.53
Stanislaus,140.68
Stanislaus,154.53
Tulare,185.17
Madera,181.75
Kern,157.08
Madera,156.34
Madera,136.57
Stanislaus,116.86
Madera,143.4
Fresno,156.02
Merced,49.3
Other,225.34
San Joaquin,83.75
Colusa,21.79
Stanislaus,43.22
Merced,164.44
Fresno,177.57
Kern,198.35
Fresno,158.19
Other,206.63
Madera,143.68
Kern,91.46
San Joaquin,105.17
Kern,164.74
Madera,86.76
Tulare,104.73
Merced,157.3
Kern,208.85
Butte,132.79
Merced,179.25
Kern,175.98
Other,168.28
Merced,110.35
Madera,155.32
Kern,197.51
Madera,128.44
Fresno,23.15
Fresno,179.46
Other,203.86
Stanislaus,154.35
Tulare,166.62
Madera,142.85
Merced,122.72
Tulare,154.73
Merced,100.23
Other,181.57
Tulare,187.99
Merced,32.69
Madera,174.17
Glenn,123.47
Glenn,144.13
Butte,126.0
Madera,101.09
Merced,128.5
Fresno,170.1
Kern,149.1
Fresno,149.78
Madera,141.09
Fresno,161.22
Fresno,22.4
Butte,108.13
Stanislaus,142.44
Fresno,36.95
San Joaquin,161.62
Merced,139.69
Stanislaus,19.58
Stanislaus,156.11
Butte,99.35
Merced,98.43
Other,142.76
Fresno,142.03
Stanislaus,135.56
Colusa,70.68
Stanislaus,140.41
Colusa,129.73
Butte,155.93
Tulare,167.03
Stanislaus,162.64
Madera,137.68
Kern,130.83
Stanislaus,149.76
Kern,136.19
Fresno,163.39
Butte,133.98
Kern,162.65
Fresno,141.47
Fresno,154.41
Other,205.01
Merced,132.65
Colusa,125.88
Other,146.45
Other,172.67
Kern,196.98
Madera,142.94
Butte,138.53
Butte,81.56
Other,63.64
Fresno,103.48
Tulare,156.04
Fresno,99.04
San Joaquin,172.2
Butte,112.2
Kern,197.51
Other,166.2
San Joaquin,151.28
Colusa,152.5
Fresno,147.04
Stanislaus,23.02
Stanislaus,76.03
Madera,150.43
San Joaquin,143.47
Fresno,198.26
San Joaquin,171.36
Stanislaus,154.0
Stanislaus,136.0
Fresno,143.64
Butte,90.57
Madera,151.91
Other,201.32
Kern,156.56
Kern,209.06
Madera,177.69
Fresno,163.77
Butte,136.14
Merced,152.52
Fresno,152.43
Kern,208.01
Kern,194.98
Tulare,191.92
Butte,145.64
San Joaquin,71.65
Fresno,151.29
Stanislaus,159.64
San Joaquin,119.7
Kern,180.18
Kern,183.23
Kern,190.05
Stanislaus,81.23
Madera,151.81
Tulare,35.48
Fresno,166.13
Kern,108.57
Kern,174.51
Other,33.49
Madera,128.34
Merced,147.19
Kern,141.44
San Joaquin,106.76
Kern,126.42
Stanislaus,141.38
Merced,141.23
Merced,133.37
Stanislaus,117.31
Kern,137.45
Fresno,158.38
Butte,134.94
Madera,132.22
Colusa,130.71
Fresno,134.66
Stanislaus,145.0
Stanislaus,141.38
Other,179.72
Madera,164.47
Kern,30.45
Kern,171.78
Fresno,152.43
Glenn,144.91
Butte,122.41
Butte,79.96
Merced,130.48
Madera,108.39
San Joaquin,24.53
Kern,129.78
Stanislaus,106.02
Other,57.98
Stanislaus,19.58
Other,192.77
Kern,217.88
Other,203.51
Fresno,173.22
Butte,154.01
Butte,37.51
Butte,87.3
Kern,148.89
Colusa,153.23
Fresno,131.73
Kern,24.57
Stanislaus,134.33
Butte,156.65
Colusa,96.07
Merced,135.0
Madera,145.07
Kern,179.66
Fresno,42.34
Merced,154.86
Other,219.91
Stanislaus,145.97
Madera,154.12
Merced,86.33
Fresno,187.49
Other,210.56
San Joaquin,124.24
Fresno,154.98
Fresno,168.21
Kern,186.17
Tulare,157.35
Other,176.14
Kern,179.02
Stanislaus,122.07
Madera,156.25
Fresno,124.27
Stanislaus,96.84
Stanislaus,162.2
Kern,107.73
San Joaquin,169.34
Madera,111.71
Kern,135.45
San Joaquin,164.56
Kern,132.72
Merced,144.39
Kern,153.51
Madera,145.99
Other,215.64
Kern,92.72
Merced,82.44
Other,213.33
Fresno,108.01
Kern,98.8
Fresno,135.7
Kern,183.64
Merced,93.28
Stanislaus,140.24
Tulare,191.02
Kern,160.34
San Joaquin,162.2
Colusa,122.93
Madera,155.97
Fresno,126.72
Stanislaus,165.82
Fresno,151.77
San Joaquin,156.24
Other,209.86
Kern,169.47
Other,188.5
Butte,119.06
Kern,50.61
Fresno,134.19
Merced,121.36
Madera,155.69
Fresno,119.92
Fresno,125.4
Colusa,148.08
Colusa,133.91
Other,223.26
Fresno,173.22
Butte,109.17
Butte,118.9
Madera,163.09
Butte,150.5
Merced,169.76
Kern,180.5
Fresno,173.41
Stanislaus,153.91
Stanislaus,27.17
Tulare,178.11
Other,238.62
Stanislaus,114.31
Madera,168.54
San Joaquin,92.9
Fresno,124.46
Stanislaus,153.73
Tulare,164.51
Tulare,152.71
Other,154.19
Butte,107.25
San Joaquin,111.8
Kern,151.1
Fresno,117.75
Other,159.27
Merced,158.93
Other,197.39
Fresno,144.4
Butte,25.86
Colusa,22.6
Other,98.29
Other,164.7
Stanislaus,87.41
Kern,194.88
Kern,154.88
Madera,140.82
Madera,138.69
Stanislaus,178.87
Madera,152.64
Other,158.0
Kern,176.3
Kern,203.81
Merced,29.08
Butte,106.85
Kern,190.79
Stanislaus,116.78
Fresno,132.21
Butte,26.09
Kern,139.44
Tulare,124.08
San Joaquin,145.07
San Joaquin,116.17
Stanislaus,142.35
Stanislaus,134.33
Stanislaus,23.02
Kern,193.52
Tulare,179.73
Colusa,155.86
Colusa,131.86
Stanislaus,161.94
Other,177.75
Kern,119.07
Kern,158.13
Madera,126.77
Colusa,82.15
Kern,170.62
Stanislaus,106.63
San Joaquin,125.5
Kern,186.59
Butte,62.48
San Joaquin,106.6
Tulare,142.13
Kern,34.97
Kern,150.36
Madera,173.62
Merced,44.25
Stanislaus,172.61
Stanislaus,161.67
Merced,75.85
Merced,137.8
Kern,177.03
Fresno,136.55
Merced,175.54
Merced,122.18
San Joaquin,115.33
Kern,150.36
Kern,189.52
San Joaquin,172.37
Kern,188.79
Stanislaus,136.89
Merced,133.46
Tulare,143.94
San Joaquin,139.27
Butte,121.85
Fresno,140.8
Butte,106.29
Other,60.75
Kern,78.02
Madera,129.64
Madera,137.12
Madera,153.11
Fresno,168.87
Kern,180.92
Fresno,103.1
Fresno,51.88
Fresno,128.05
Kern,51.24
Kern,154.88
Fresno,207.14
Merced,173.29
Stanislaus,182.93
Kern,125.16
Merced,108.09
Other,128.55
Fresno,129.37
Kern,224.7
Madera,135.74
Butte,44.85
San Joaquin,22.26
Merced,144.48
Madera,152.64
Merced,131.39
Kern,100.07
Madera,146.82
Tulare,107.76
Stanislaus,76.47
Fresno,115.1
Kern,139.55
Madera,141.65
Kern,179.66
Merced,146.2
Merced,156.49
Other,203.97
Fresno,163.39
Glenn,144.52
Glenn,140.17
Merced,132.74
Fresno,90.53
Stanislaus,156.03
Kern,152.67
Other,202.24
Kern,186.48
San Joaquin,133.06
Butte,122.97
Butte,167.42
Merced,159.83
Glenn,93.08
Kern,178.19
Stanislaus,117.22
Kern,159.08
Kern,164.32
Tulare,91.22
Stanislaus,155.85
Glenn,129.37
Fresno,101.12
Butte,119.22
Other,161.12
Glenn,109.63
Stanislaus,150.65
Stanislaus,99.67
Stanislaus,175.17
Madera,135.09
Stanislaus,130.1
Kern,197.92
Fresno,147.61
San Joaquin,109.37
Madera,167.43
Madera,176.02
Stanislaus,183.9
Fresno,158.57
San Joaquin,126.42
Kern,156.77
Tulare,150.6
Kern,152.57
Fresno,166.04
Merced,169.31
Fresno,180.78
Colusa,140.7
Merced,140.51
Kern,187.32
Stanislaus,166.96
Glenn,148.33
Merced,139.24
Fresno,140.62
Merced,145.65
Stanislaus,130.54
Madera,138.69
Kern,178.29
Fresno,142.88
Kern,121.7
Stanislaus,140.41
Madera,154.77
Other,34.42
Tulare,84.47
Stanislaus,170.67
Stanislaus,124.89
Colusa,136.2
Fresno,158.67
Madera,46.48
Madera,145.16
Kern,157.92
Fresno,169.63
Fresno,181.35
Madera,197.09
Madera,113.1
Tulare,116.93
Other,120.58
Butte,102.86
Other,158.47
Kern,142.28
Kern,138.81
Tulare,152.91
Kern,115.4
Other,30.49
Stanislaus,148.0
Madera,22.82
Kern,135.03
Stanislaus,130.98
Stanislaus,23.55
Madera,153.75
Other,157.54
Madera,135.83
Stanislaus,185.04
Other,189.3
Butte,114.11
Fresno,148.46
Fresno,141.47
Other,178.91
Other,153.38
Colusa,98.53
Other,191.38
Fresno,173.41
Kern,152.99
Madera,21.71
Other,166.2
Kern,157.5
Kern,153.3
Fresno,144.49
Kern,172.94
Merced,184.66
Madera,180.09
Other,49.9
Fresno,204.78
Tulare,176.7
Kern,206.85
Stanislaus,48.25
San Joaquin,75.94
Other,209.86
Stanislaus,75.59
Fresno,175.58
Kern,183.23
Glenn,130.15
Fresno,131.07
Madera,110.14
San Joaquin,108.7
Stanislaus,155.14
Tulare,116.32
Fresno,150.92
Fresno,46.68
Madera,169.46
Madera,108.39
Other,134.67
Other,92.63
Butte,149.23
Fresno,133.43
San Joaquin,148.26
Butte,121.85
Kern,186.17
Madera,155.88
Madera,181.1
Tulare,185.27
Other,224.76
Fresno,142.79
Madera,136.75
Kern,144.38
Glenn,134.27
Butte,124.73
Other,174.29
Stanislaus,126.48
Tulare,166.22
Butte,126.72
Tulare,172.97
Kern,41.48
Other,155.81
Fresno,189.76
Fresno,94.69
Merced,151.16
Fresno,167.64
Other,184.34
Madera,121.23
Merced,146.74
Madera,34.65
Fresno,176.72
San Joaquin,154.98
Madera,153.01
Merced,134.19
Stanislaus,105.66
Madera,154.95
Fresno,130.13
Butte,150.82
Kern,160.02
Fresno,136.08
Merced,166.6
Tulare,160.98
Fresno,155.45
Other,159.85
Kern,116.44
Stanislaus,126.92
Kern,22.89
Tulare,171.16
Merced,21.13
Merced,107.64
Madera,153.75
Fresno,129.56
Madera,163.73
Colusa,126.37
Colusa,150.12
Stanislaus,43.04
Fresno,149.88
Madera,101.46
Merced,142.94
Madera,120.95
Stanislaus,130.01
Other,197.74
Butte,119.7
Stanislaus,150.29
Kern,165.59
Madera,135.27
Fresno,148.74
Fresno,48.76
Kern,173.98
Tulare,145.96
Kern,204.33
Colusa,141.85
Colusa,146.11
Other,118.27
Other,248.79
Kern,189.95
Other,31.3
Fresno,124.46
Butte,116.43
Stanislaus,157.79
Colusa,151.92
Fresno,128.05
Other,194.04
Colusa,150.78
Madera,40.75
Other,161.35
Kern,59.12
Stanislaus,149.15
Other,170.71
Other,209.52
Madera,168.54
Stanislaus,158.58
Fresno,149.5
Merced,146.47
Stanislaus,173.93
Fresno,83.63
Madera,186.37
Merced,103.48
Stanislaus,166.61
Other,57.63
Other,64.56
Butte,138.69
Other,189.77
Glenn,97.98
Kern,205.28
Fresno,83.07
Kern,158.66
Other,188.5
Merced,142.85
Merced,175.09
Butte,138.61
Other,191.85
Kern,148.68
Colusa,150.29
Kern,166.85
Fresno,101.59
Butte,140.37
Other,147.61
Fresno,193.35
Colusa,25.47
Tulare,37.2
Merced,117.39
Fresno,156.49
Glenn,149.03
Fresno,129.56
Merced,152.16
Fresno,192.59
Stanislaus,22.14
Butte,145.08
Madera,101.92
Madera,145.35
Butte,102.06
San Joaquin,122.22
Stanislaus,155.67
Tulare,178.32
Fresno,185.5
Butte,88.1
Butte,82.67
Madera,126.31
Fresno,141.84
Merced,159.29
Other,197.04
Kern,176.19
Butte,165.9
Stanislaus,166.08
Stanislaus,122.51
Stanislaus,122.16
San Joaquin,135.16
Kern,177.24
Fresno,131.35
Kern,156.45
Merced,148.27
Madera,143.22
Madera,63.02
Other,195.77
Other,188.38
Kern,178.19
Fresno,129.28
Stanislaus,150.56
Other,155.12
Fresno,162.73
Merced,149.18
Madera,116.89
Madera,131.02
Kern,160.44
Fresno,106.22
Kern,175.56
Madera,135.92
Merced,84.43
Butte,112.68
Other,201.2
Fresno,170.1
Stanislaus,130.71
Other,230.65
Madera,132.41
Other,201.2
Madera,186.46
Madera,129.45
Fresno,105.56
Butte,120.9
Colusa,136.61
Colusa,25.55
Stanislaus,149.85
Other,147.26
San Joaquin,77.62
Other,186.3
Madera,150.98
Madera,160.04
Glenn,103.65
Other,181.91
Merced,184.03
Other,203.51
Colusa,111.38
Butte,44.53
Kern,200.66
Other,130.86
Madera,152.55
Kern,90.93
Kern,185.96
Fresno,122.94
Stanislaus,128.95
Other,167.48
Kern,161.7
Stanislaus,148.18
Stanislaus,23.64
Colusa,122.77
Fresno,113.59
Kern,50.3
Other,169.09
Other,157.31
Kern,160.65
Kern,161.39
Colusa,115.81
Kern,169.36
Kern,162.96
Merced,111.43
Glenn,152.84
Madera,164.66
Merced,25.01
Madera,166.23
Other,143.68
Other,61.45
Stanislaus,169.52
Kern,83.58
Kern,94.71
Kern,143.33
Other,193.58
Kern,33.18
Stanislaus,153.82
Butte,96.64
San Joaquin,90.05
Fresno,137.5
Fresno,175.3
Fresno,161.78
Other,178.56
Madera,160.96
Fresno,99.32
Merced,40.45
Merced,184.84
Kern,105.21
Kern,118.55
Butte,115.95
Other,174.98
Other,195.66
Kern,165.27
Fresno,158.1
Madera,154.95
Fresno,141.37
Colusa,121.87
Kern,153.4
Other,50.01
Fresno,170.48
Kern,151.3
Other,194.96
Colusa,139.64
Other,182.26
Kern,198.76
San Joaquin,140.2
Other,157.08
Stanislaus,104.34
Glenn,129.91
Merced,151.79
Merced,133.73
Madera,148.39
Other,208.82
Fresno,120.96
Kern,198.98
Butte,36.47
Fresno,156.21
Merced,104.39
Other,217.95
Stanislaus,118.54
Glenn,104.74
Fresno,150.44
Butte,131.83
Kern,156.87
Other,30.84
Madera,130.01
Glenn,134.11
Madera,153.11
Stanislaus,128.24
Merced,112.06
Kern,176.61
Other,208.13
Kern,150.46
Merced,157.39
Merced,174.28
Butte,120.02
Fresno,115.38
Stanislaus,152.85
Colusa,141.36
Fresno,176.24
Tulare,150.8
Stanislaus,173.75
Kern,189.84
Merced,130.94
Merced,128.23
Madera,135.0
Madera,152.37
Fresno,165.0
Other,180.06
Fresno,178.6
Other,145.3
Merced,159.11
Merced,91.02
Butte,117.47
Merced,162.36
Fresno,148.74
Butte,128.08
Butte,115.79
Merced,145.65
Butte,165.03
Kern,54.39
Other,173.37
Fresno,161.41
Stanislaus,122.33
Kern,191.31
Merced,128.41
Butte,150.18
Kern,204.96
Butte,94.16
Kern,58.17
Other,177.41
Fresno,129.65
Kern,158.66
San Joaquin,24.28
Merced,128.59
Merced,147.55
Madera,114.67
Fresno,198.83
Kern,97.97
Colusa,109.25
Kern,183.44
Colusa,34.15
Madera,23.01
Merced,131.48
Butte,104.62
Tulare,178.72
Kern,205.91
Fresno,132.39
Glenn,135.66
Fresno,187.02
Fresno,157.63
Glenn,72.18
Other,204.2
Madera,114.67
Fresno,199.87
Stanislaus,136.97
Kern,106.89
Other,184.22
Kern,49.24
Colusa,108.44
Stanislaus,153.82
Merced,37.93
Merced,135.0
Kern,55.76
San Joaquin,117.35
Butte,134.7
Merced,167.87
Fresno,127.2
Kern,163.38
Stanislaus,139.36
Madera,135.0
Merced,49.76
Fresno,158.19
Stanislaus,120.3
Colusa,122.11
Fresno,137.5
Kern,146.9
Madera,138.69
San Joaquin,128.02
Colusa,23.59
Tulare,164.2
Stanislaus,152.23
Merced,25.74
Stanislaus,28.14
Madera,138.78
Tulare,168.54
Fresno,178.04
Fresno,57.83
Merced,69.17
Kern,177.35
Fresno,179.46
Fresno,162.82
San Joaquin,46.7
Fresno,179.36
Butte,104.06
Kern,25.94
Kern,153.09
Other,186.07
Butte,135.18
Other,182.84
Madera,140.63
Glenn,135.2
Kern,147.21
Merced,26.1
Madera,114.76
Kern,192.89
Madera,110.42
Other,143.57
Madera,117.99
Kern,168.42
San Joaquin,146.75
Stanislaus,126.57
Colusa,114.82
Madera,145.62
Tulare,158.36
Butte,121.3
Fresno,106.69
Other,193.23
Madera,88.98
Glenn,141.1
San Joaquin,155.82
San Joaquin,99.71
Fresno,145.53
Fresno,166.7
Stanislaus,173.58
Fresno,150.63
Butte,158.88
Madera,155.23
Colusa,138.25
Kern,182.18
Tulare,144.04
Tulare,137.09
Merced,135.27
Merced,111.34
Fresno,157.44
Glenn,131.16
Butte,131.59
Tulare,131.85
Madera,133.43
Stanislaus,159.82
Madera,147.29
Other,52.78
Stanislaus,166.26
Stanislaus,114.48
Madera,49.53
Other,226.26
Fresno,114.25
Fresno,153.18
Other,167.36
Fresno,175.01
Madera,144.05
Other,167.01
Madera,184.25
Fresno,139.39
Butte,134.86
Other,224.07
Kern,154.77
Stanislaus,154.79
Fresno,165.19
Kern,167.26
San Joaquin,34.1
Madera,105.89
Fresno,117.27
Madera,166.69
Kern,25.31
Stanislaus,140.06
Fresno,114.63
Butte,122.33
Merced,137.8
Butte,134.94
Butte,110.2
Butte,103.26
Fresno,137.5
Kern,168.42
Merced,138.34
Glenn,47.4
Glenn,97.05
Butte,117.47
Stanislaus,27.87
Merced,160.55
Merced,145.56
Colusa,144.64
Stanislaus,164.49
Merced,163.08
Other,197.04
Glenn,132.56
Fresno,136.17
Merced,155.14
Other,128.21
Glenn,121.99
Kern,177.76
San Joaquin,151.03
Colusa,137.02
Butte,112.92
Butte,149.86
Merced,145.65
Stanislaus,172.52
Kern,21.42
Fresno,166.79
Fresno,56.61
Madera,123.17
Kern,164.74
Other,146.45
Fresno,116.52
Fresno,156.78
San Joaquin,26.8
Merced,146.2
Glenn,71.1
Other,160.54
San Joaquin,103.32
Glenn,133.88
Stanislaus,107.69
Fresno,189.09
Fresno,137.5
Madera,163.18
Other,123.12
Fresno,153.47
Fresno,127.76
Fresno,144.11
Madera,124.74
San Joaquin,38.81
Fresno,136.36
Fresno,158.67
Colusa,139.97
Fresno,166.41
Glenn,126.18
Stanislaus,167.05
Fresno,180.21
Merced,178.97
Kern,187.95
Colusa,24.41
Madera,176.21
Stanislaus,27.25
Kern,163.17
Kern,55.34
Merced,141.95
Merced,142.85
Stanislaus,140.5
Madera,119.01
Other,172.67
Fresno,44.7
Stanislaus,25.4
Stanislaus,143.77
Other,44.12
Other,154.54
San Joaquin,162.29
Stanislaus,103.11
Tulare,52.32
Fresno,192.12
Colusa,116.54
San Joaquin,164.39
Kern,114.66
Merced,130.57
Other,137.68
Madera,156.99
San Joaquin,123.48
Kern,135.34
Kern,181.02
Merced,160.82
Merced,137.62
San Joaquin,130.37
Colusa,129.24
Stanislaus,145.62
Stanislaus,161.32
Glenn,127.19
Tulare,169.65
San Joaquin,139.02
San Joaquin,159.26
Other,193.58
Other,235.04
Kern,186.17
Fresno,47.16
Kern,162.96
Merced,161.46
Kern,138.18
Stanislaus,26.11
Butte,127.36
Stanislaus,144.65
Kern,158.66
Madera,117.44
Kern,149.21
Other,145.76
Colusa,22.85
Kern,146.58
Fresno,143.07
Stanislaus,140.94
Fresno,165.0
Madera,136.29
Fresno,157.25
Fresno,49.33
Merced,147.82
Madera,114.02
Merced,102.58
Merced,101.86
Colusa,142.34
Kern,171.26
Tulare,163.09
Merced,121.0
Butte,114.11
Stanislaus,152.15
Other,134.1
Kern,177.76
Fresno,24.1
Madera,160.59
Madera,145.44
Tulare,127.61
Madera,137.03
Fresno,211.96
Merced,147.19
Kern,150.89
Fresno,132.87
Fresno,166.79
Madera,27.17
Merced,167.24
Fresno,165.28
San Joaquin,20.5
Glenn,23.47
Merced,122.18
Kern,142.17
Other,178.45
Madera,129.45
Merced,154.95
Madera,171.31
Other,204.32
San Joaquin,125.92
Merced,111.61
Stanislaus,25.05
Other,171.06
Stanislaus,136.62
Madera,41.12
Fresno,135.99
Glenn,105.52
Tulare,193.74
San Joaquin,138.26
Butte,122.41
Stanislaus,176.49
Glenn,106.76
Merced,168.14
Kern,159.71
Other,186.88
Fresno,145.81
Stanislaus,96.14
Stanislaus,121.8
Fresno,125.12
Kern,138.08
Merced,114.5
Stanislaus,141.38
Tulare,187.89
Glenn,118.65
Kern,156.24
Stanislaus,128.15
San Joaquin,45.02
Other,180.06
Fresno,178.23
Madera,132.69
Merced,131.75
Madera,143.96
Madera,173.53
Merced,135.63
Butte,140.29
Butte,135.82
Other,207.32
Merced,25.46
Fresno,179.74
Madera,185.26
Madera,106.63
Madera,171.22
Glenn,118.41
Fresno,188.72
Kern,180.71
Other,26.1
Glenn,133.88
Fresno,130.98
Fresno,80.89
Kern,204.96
Butte,94.64
Fresno,178.13
Kern,169.68
Kern,145.11
Glenn,119.11
Fresno,114.91
Merced,152.25
Madera,144.88
Merced,171.75
Tulare,147.97
Madera,169.83
Stanislaus,168.46
Butte,130.07
Butte,117.55
Fresno,139.58
Glenn,123.85
Tulare,107.45
Fresno,55.0
Fresno,179.93
Stanislaus,139.97
Butte,130.39
Kern,196.88
Stanislaus,46.04
Fresno,120.02
Butte,115.47
Tulare,26.71
Kern,183.33
Butte,135.98
Stanislaus,124.27
Kern,166.32
Colusa,111.79
Glenn,134.65
San Joaquin,121.38
Stanislaus,132.04
Madera,123.45
Merced,116.04
Kern,157.61
Fresno,137.02
Madera,120.77
Kern,144.58
Other,30.84
Fresno,122.76
Merced,25.01
Merced,105.11
Other,155.23
Other,175.44
Stanislaus,156.03
Merced,133.82
Tulare,57.15
Butte,129.83
Madera,129.82
Other,168.98
Tulare,141.62
Madera,153.85
Kern,199.08
Fresno,103.95
Colusa,154.87
Fresno,146.48
Stanislaus,153.56
Fresno,142.41
Butte,148.99
Kern,165.48
Butte,97.2
Madera,135.83
Fresno,85.24
Butte,150.98
Fresno,163.96
Kern,175.46
Kern,185.01
Colusa,116.54
Tulare,144.95
Colusa,167.57
Fresno,165.75
Tulare,174.59
Other,188.03
Fresno,157.34
San Joaquin,145.07
Butte,91.29
Butte,142.76
Butte,167.34
San Joaquin,137.68
Kern,154.67
Kern,174.72
Fresno,146.66
Fresno,125.4
Butte,122.97
Merced,140.69
Fresno,188.62
Madera,171.96
Fresno,157.63
Butte,118.98
Butte,145.0
Other,149.57
Kern,180.5
Kern,170.0
Madera,101.27
Fresno,158.95
Butte,119.54
Tulare,191.72
Butte,79.8
Kern,164.85
Kern,183.12
Other,130.86
Glenn,133.64
Madera,159.39
Other,174.06
Madera,149.6
Merced,123.8
San Joaquin,130.12
Kern,130.41
Madera,99.51
Tulare,164.71
Tulare,171.46
Fresno,142.13
Kern,168.95
Merced,119.47
Madera,111.25
Madera,133.24
Other,226.96
Fresno,129.65
Fresno,183.33
Fresno,185.22
Other,106.95
Stanislaus,126.3
Fresno,148.84
Kern,181.02
Stanislaus,135.48
Fresno,110.28
Fresno,134.19
Glenn,132.01
Stanislaus,171.55
Fresno,132.21
Other,194.5
Fresno,116.8
Merced,133.46
Kern,165.59
Colusa,144.23
Kern,50.92
Butte,123.61
Kern,127.89
Glenn,134.27
Stanislaus,115.98
Fresno,147.33
Fresno,134.76
Merced,151.52
San Joaquin,150.44
Stanislaus,124.01
Butte,38.14
Other,214.48
Other,171.86
Fresno,100.08
Stanislaus,110.6
Butte,127.76
Stanislaus,163.17
Fresno,142.13
Merced,133.73
Merced,127.32
Madera,126.13
Fresno,179.36
Madera,144.61
Stanislaus,108.22
Stanislaus,152.59
Fresno,124.17
Butte,133.51
Stanislaus,153.03
Other,146.57
Tulare,170.65
Madera,121.97
Kern,152.04
Other,199.93
Madera,25.04
Kern,209.79
Madera,113.93
San Joaquin,131.38
Madera,159.67
Madera,80.67
Madera,203.0
Butte,128.4
Other,194.27
Madera,143.59
Other,190.69
Glenn,126.34
San Joaquin,151.45
Merced,122.81
Other,136.41
Madera,121.32
Madera,150.43
Stanislaus,142.88
Other,189.88
Other,36.5
Kern,125.48
Madera,124.37
Kern,149.0
Fresno,145.06
Madera,136.29
San Joaquin,126.17
Fresno,140.71
Kern,129.36
Kern,184.17
Stanislaus,108.31
Madera,111.43
Tulare,51.11
Stanislaus,142.97
Tulare,25.8
Stanislaus,164.93
Stanislaus,142.88
Fresno,167.55
Kern,136.5
Fresno,94.78
Glenn,127.97
Kern,171.99
Other,209.06
Kern,25.2
Fresno,102.63
Glenn,70.86
Butte,100.71
Stanislaus,121.1
Glenn,125.56
Butte,143.8
Stanislaus,146.32
Stanislaus,113.25
Merced,105.38
Kern,162.33
Kern,156.87
Butte,125.76
San Joaquin,134.4
Merced,85.15
Fresno,189.09
Madera,110.88
Stanislaus,144.91
Other,177.41
Madera,164.1
Madera,147.84
Fresno,156.11
Fresno,181.35
Glenn,104.9
Merced,169.94
Fresno,165.09
Other,182.95
Merced,80.37
Fresno,120.3
Stanislaus,135.65
Fresno,139.48
Merced,165.16
Fresno,159.7
San Joaquin,126.17
Fresno,106.6
Madera,153.38
Fresno,119.64
Colusa,143.0
Merced,207.06
Merced,28.26
Other,187.92
Merced,147.37
Other,102.91
Other,184.8
Kern,193.73
Colusa,132.51
Kern,165.27
Glenn,116.94
Butte,144.44
Colusa,119.33
Stanislaus,115.54
Fresno,144.96
Madera,149.97
Kern,168.52
Stanislaus,115.63
Fresno,151.77
Fresno,136.08
Kern,207.9
Kern,166.74
Tulare,194.14
Tulare,31.75
Glenn,101.09
Kern,130.94
Butte,142.76
Stanislaus,142.44
Merced,106.1
Fresno,165.85
Fresno,139.77
Kern,142.8
Madera,152.46
Tulare,183.66
Fresno,137.4
Colusa,117.44
Kern,177.14
Kern,137.45
Kern,133.35
San Joaquin,118.27
Stanislaus,127.36
Tulare,158.66
Stanislaus,113.25
San Joaquin,150.44
Colusa,114.0
Kern,138.92
Kern,208.22
Stanislaus,88.82
Other,188.96
Merced,41.18
Kern,158.13
Merced,160.91
Glenn,109.4
Kern,181.44
Other,202.36
Tulare,176.7
Fresno,160.08
Fresno,150.44
Stanislaus,150.65
Fresno,129.18
Fresno,135.42
Kern,175.14
Madera,130.38
Fresno,184.09
Kern,172.41
Other,158.93
Fresno,151.01
Other,173.94
Fresno,181.63
Tulare,141.22
Madera,177.04
Kern,150.15
Kern,158.02
Fresno,181.91
Madera,46.85
Butte,144.84
Butte,146.51
Stanislaus,140.94
Madera,168.08
Stanislaus,147.82
Butte,131.51
San Joaquin,86.35
Stanislaus,35.54
Merced,91.2
Stanislaus,118.54
Stanislaus,99.14
Kern,136.5
Merced,97.79
Madera,114.11
Kern,193.52
Other,196.93
Other,130.86
Tulare,175.8
Other,185.49
Butte,128.8
Merced,141.41
Madera,128.62
Stanislaus,26.02
Kern,50.82
San Joaquin,40.74
Tulare,132.25
Tulare,99.19
Madera,165.95
Kern,36.44
Stanislaus,143.77
Merced,158.3
Other,157.31
Madera,134.72
Madera,143.96
Glenn,111.89
Kern,153.72
Butte,130.71
Butte,24.98
San Joaquin,151.2
Kern,158.76
San Joaquin,144.31
Fresno,158.57
Fresno,162.92
Stanislaus,137.94
Kern,183.33
Madera,141.37
Butte,62.16
Colusa,152.91
Tulare,215.61
Stanislaus,124.36
Kern,153.2
Kern,169.79
Madera,154.12
Madera,161.98
Glenn,171.64
Fresno,174.16
Kern,126.1
Merced,139.06
Merced,126.6
Stanislaus,122.33
Kern,216.2
Kern,170.0
Fresno,158.57
San Joaquin,130.12
San Joaquin,125.58
Fresno,135.99
San Joaquin,128.1
Madera,135.83
Fresno,30.33
Fresno,139.1
Kern,229.11
Tulare,144.85
Merced,143.22
Kern,152.78
Fresno,156.3
Kern,196.77
Madera,97.3
Fresno,146.57
Kern,105.1
Kern,126.63
Butte,141.09
Fresno,199.87
Butte,83.47
Other,154.08
Fresno,107.07
Colusa,81.24
Kern,155.72
Other,165.86
Fresno,123.04
Butte,100.39
Stanislaus,138.03
Tulare,159.57
Colusa,76.33
Tulare,122.77
Merced,104.75
San Joaquin,138.77
Kern,161.28
Fresno,50.37
Glenn,130.69
Other,192.88
Other,180.87
Madera,171.12
Kern,184.91
Stanislaus,143.41
Stanislaus,149.32
Madera,149.97
Merced,142.49
Stanislaus,121.63
Stanislaus,135.48
Other,166.09
Fresno,29.11
Stanislaus,168.02
Tulare,145.96
Other,220.26
Madera,82.05
Kern,179.13
Stanislaus,140.5
Fresno,172.18
Stanislaus,143.5
Merced,147.55
Stanislaus,176.49
Other,169.67
Merced,160.64
Madera,88.33
Kern,150.99
Merced,136.17
Kern,87.26
Merced,138.97
Kern,151.94
Madera,154.49
Butte,122.73
Kern,134.5
Madera,143.13
Fresno,147.42
Fresno,168.87
Butte,97.04
Other,208.25
Merced,136.99
Merced,119.74
Other,145.18
Butte,122.25
Fresno,179.17
Fresno,153.94
Fresno,197.32
Fresno,177.38
Merced,171.21
Merced,143.49
Stanislaus,125.86
Merced,91.47
Glenn,126.18
Kern,117.39
Merced,125.88
Merced,162.9
Fresno,139.95
Madera,148.21
Fresno,135.04
Madera,162.62
Fresno,163.96
Merced,135.99
Fresno,167.26
Stanislaus,136.62
Kern,171.26
Kern,138.71
Fresno,172.37
Stanislaus,130.54
Stanislaus,169.7
Madera,179.07
San Joaquin,154.81
Fresno,97.43
San Joaquin,111.05
Fresno,141.28
Colusa,133.82
Kern,159.71
Other,174.64
Kern,164.64
Butte,120.58
San Joaquin,125.92
Stanislaus,169.08
Butte,155.53
Tulare,145.96
San Joaquin,134.82
Colusa,140.38
San Joaquin,141.12
Kern,50.92
Butte,111.16
Stanislaus,152.85
San Joaquin,113.06
Butte,122.49
Madera,163.73
Stanislaus,74.26
Merced,135.27
Stanislaus,144.56
Stanislaus,109.81
Colusa,71.01
Glenn,117.72
San Joaquin,150.19
Fresno,44.04
Fresno,157.34
Merced,163.62
Tulare,187.89
Butte,130.07
Other,189.77
Kern,148.05
Colusa,126.04
Stanislaus,141.38
Kern,201.6
Madera,155.79
Merced,25.37
Merced,85.33
Kern,170.62
Merced,155.68
Madera,144.33
Stanislaus,146.68
Kern,49.35
Other,170.02
Fresno,178.13
Tulare,151.5
Other,163.09
San Joaquin,130.54
Madera,137.86
Madera,186.65
Colusa,126.86
Fresno,145.06
Fresno,155.07
Stanislaus,117.75
Colusa,98.85
Fresno,184.56
Stanislaus,136.62
Other,112.15
Kern,201.92
Merced,135.45
Merced,87.5
Fresno,41.3
Stanislaus,77.35
Merced,30.34
Madera,145.71
Madera,131.02
Fresno,145.44
Glenn,122.3
Fresno,45.93
Stanislaus,134.33
Merced,125.79
San Joaquin,138.85
Other,196.47
Tulare,161.48
San Joaquin,162.04
Butte,163.83
Stanislaus,118.72
Other,35.92
Tulare,143.84
Stanislaus,127.71
Kern,198.87
Other,223.38
Other,168.51
Glenn,34.42
Fresno,208.75
Merced,137.26
Merced,167.96
Madera,123.35
Fresno,173.5
Kern,145.84
Stanislaus,107.52
Merced,117.66
Merced,134.28
Merced,153.33
Other,127.51
Merced,114.5
Stanislaus,139.44
Stanislaus,153.82
Madera,147.19
Butte,123.21
Stanislaus,139.8
Merced,137.08
San Joaquin,181.94
Stanislaus,167.4
Kern,137.76
Merced,149.81
Fresno,79.66
Other,150.84
Madera,130.1
Stanislaus,124.19
Fresno,25.61
Stanislaus,121.98
Fresno,210.07
Madera,138.97
San Joaquin,99.96
Kern,154.67
Kern,146.27
Merced,125.7
Fresno,164.71
Stanislaus,166.35
Fresno,137.12
San Joaquin,102.56
Fresno,144.49
Merced,35.4
Fresno,158.76
Butte,99.67
Madera,44.17
Other,114.69
Fresno,164.05
Tulare,171.96
Other,188.73
Other,181.45
Other,188.26
Butte,132.07
Fresno,147.51
Merced,166.6
Stanislaus,129.74
Butte,156.09
Other,204.44
Tulare,131.54
Kern,151.2
Fresno,173.69
Merced,50.57
Fresno,145.15
Kern,184.59
Kern,33.71
Kern,109.1
Butte,126.8
Madera,142.57
Butte,158.16
Fresno,154.22
Merced,115.31
Fresno,136.55
San Joaquin,146.16
Glenn,98.6
Kern,152.88
Fresno,110.19
Madera,143.87
Kern,198.98
Madera,143.77
Merced,152.61
Fresno,44.04
Colusa,125.06
Merced,66.55
Fresno,188.24
Tulare,160.98
Madera,162.72
Madera,93.6
Merced,162.36
Tulare,165.01
Merced,105.02
Colusa,139.48
Stanislaus,136.97
San Joaquin,150.28
Madera,144.88
Other,193.58
Fresno,190.32
Other,174.64
Glenn,133.88
Merced,149.18
Stanislaus,136.71
Colusa,100.0
Colusa,76.49
Other,201.55
Fresno,121.72
Stanislaus,144.65
Fresno,144.68
Stanislaus,109.37
Kern,134.61
Kern,172.94
Merced,128.32
Fresno,140.24
Tulare,163.2
Glenn,144.68
Fresno,183.9
Other,205.47
Other,182.26
Glenn,136.75
Tulare,169.55
Tulare,21.97
San Joaquin,116.68
Fresno,178.42
Kern,154.77
Stanislaus,141.03
Other,139.87
Kern,173.98
Fresno,141.47
Fresno,134.47
San Joaquin,81.73
Other,228.69
Butte,22.98
Merced,99.96
Stanislaus,119.69
Madera,140.08
Kern,160.86
Other,178.45
Fresno,120.2
Colusa,137.35
Tulare,174.38
Fresno,28.26
Kern,131.04
Stanislaus,171.55
Kern,173.98
Kern,159.08
Madera,126.31
Other,229.15
Fresno,142.41
Other,173.71
Stanislaus,145.79
Kern,191.52
Kern,137.45
Fresno,172.46
Fresno,138.35
San Joaquin,161.53
Other,186.53
Stanislaus,117.57
Stanislaus,160.08
Merced,24.29
Madera,116.7
Merced,161.19
Other,185.72
Fresno,87.32
Glenn,120.82
Other,154.31
Other,158.24
Fresno,142.6
Stanislaus,122.69
Merced,168.59
Kern,219.24
Fresno,106.12
Kern,130.72
Stanislaus,162.82
Fresno,171.71
Kern,209.26
Butte,145.08
Stanislaus,142.88
Butte,147.79
Fresno,28.82
Other,155.35
Madera,104.69
Stanislaus,131.86
Merced,138.7
Merced,26.73
Kern,133.98
San Joaquin,125.58
Other,139.76
Fresno,160.74
Butte,168.14
Kern,149.73
Stanislaus,122.51
Madera,154.68
Colusa,124.41
Merced,177.35
Merced,160.1
Tulare,170.35
Fresno,135.8
Kern,177.56
Fresno,140.9
San Joaquin,133.56
Kern,207.06
Butte,119.06
Madera,163.46
Merced,125.88
San Joaquin,88.79
Madera,137.31
Fresno,135.8
Colusa,159.54
Stanislaus,139.71
Tulare,131.85
Merced,127.77
Stanislaus,137.33
Stanislaus,147.82
Fresno,77.11
Stanislaus,144.21
Stanislaus,24.26
Stanislaus,124.45
Colusa,105.16
Tulare,126.5
Kern,178.92
Tulare,139.51
Stanislaus,173.22
Colusa,165.11
Other,50.47
Kern,166.85
Kern,23.31
Kern,166.74
Fresno,164.34
Fresno,93.65
Merced,159.02
Butte,146.59
Other,186.19
Kern,165.9
Other,135.48
Other,168.4
Fresno,83.54
Stanislaus,162.2
Kern,176.82
Madera,162.25
Butte,128.72
Other,228.11
San Joaquin,104.24
Madera,151.81
Other,215.75
Madera,164.19
Glenn,121.91
Merced,126.78
Merced,128.23
Madera,154.86
Madera,141.28
Glenn,125.87
Merced,105.83
Stanislaus,162.2
Colusa,113.27
Other,196.93
Other,107.3
Butte,165.98
Stanislaus,123.74
San Joaquin,104.58
Fresno,171.04
Merced,97.61
Merced,102.22
San Joaquin,169.18
Kern,143.33
Fresno,179.46
Kern,160.65
Tulare,85.58
Glenn,96.81
Kern,56.81
Kern,149.73
Kern,149.84
Kern,167.06
Other,30.49
Other,154.31
Madera,135.74
Kern,179.45
San Joaquin,122.22
Glenn,115.31
Kern,145.43
Butte,94.0
San Joaquin,121.46
Madera,150.24
Stanislaus,149.15
Other,174.4
Kern,182.28
San Joaquin,180.26
San Joaquin,97.52
Kern,197.82
Stanislaus,159.11
Colusa,112.61
Other,156.5
Other,201.89
San Joaquin,134.9
Stanislaus,128.77
Merced,42.35
Glenn,118.8
Kern,188.26
San Joaquin,181.78
Other,150.38
Kern,164.85
Stanislaus,163.61
Fresno,161.5
Fresno,92.89
Kern,207.17
Glenn,111.11
Other,119.77
Fresno,156.78
Kern,31.5
San Joaquin,118.86
Merced,132.47
Fresno,44.98
Glenn,135.04
Merced,148.0
Stanislaus,41.28
Colusa,111.38
Butte,170.77
Madera,155.88
Fresno,168.12
Merced,131.12
Stanislaus,115.01
Madera,153.75
Fresno,132.02
Other,127.86
Stanislaus,147.56
Butte,124.49
Merced,154.14
Stanislaus,22.05
Merced,170.58
Stanislaus,120.22
Colusa,139.39
Stanislaus,136.53
Kern,202.23
Other,212.87
Merced,89.58
Madera,144.88
Fresno,166.6
Kern,192.99
Butte,89.22
Stanislaus,142.88
Merced,174.1
Tulare,190.92
Other,203.05
Merced,89.13
Fresno,132.49
Kern,213.36
Kern,205.48
Merced,102.04
Fresno,175.49
Kern,148.26
Stanislaus,153.38
Stanislaus,98.25
Kern,140.8
Colusa,138.33
San Joaquin,116.42
Colusa,119.82
Kern,179.55
San Joaquin,137.34
Butte,128.4
San Joaquin,99.96
Fresno,127.76
Kern,179.97
Other,122.55
Glenn,129.14
San Joaquin,128.1
Colusa,132.92
San Joaquin,134.57
Kern,118.23
Fresno,41.11
Fresno,128.61
Stanislaus,161.32
Butte,87.62
Glenn,125.41
Merced,168.5
Merced,155.14
Madera,168.72
Stanislaus,140.77
Other,179.49
Butte,99.35
Stanislaus,160.96
Stanislaus,144.74
Stanislaus,119.69
Stanislaus,115.81
Other,142.87
Other,179.26
Stanislaus,144.91
Stanislaus,112.28
Other,170.13
Fresno,144.3
Other,196.7
Colusa,152.33
Stanislaus,126.92
Kern,165.27
Butte,133.9
Tulare,182.45
Stanislaus,95.43
Stanislaus,153.38
San Joaquin,142.72
Stanislaus,127.18
Stanislaus,140.33
Fresno,128.33
Merced,150.8
Madera,138.14
Tulare,205.23
San Joaquin,127.93
Kern,151.62
Madera,141.83
San Joaquin,133.39
Other,189.42
Madera,142.67
Madera,195.8
Glenn,156.02
Fresno,149.69
Kern,149.62
Fresno,41.01
Colusa,137.02
San Joaquin,119.36
Fresno,156.49
Butte,104.7
Merced,139.33
Other,56.25
Madera,162.25
Tulare,142.73
Fresno,169.25
Butte,81.56
Merced,146.38
Kern,203.49
Other,215.18
San Joaquin,119.53
Merced,173.56
Butte,111.24
Tulare,181.44
Merced,134.82
Madera,156.53
Fresno,194.29
Tulare,143.64
Stanislaus,162.38
Stanislaus,121.54
Fresno,172.56
Kern,113.93
Butte,131.91
Other,99.91
Kern,158.13
Stanislaus,117.92
Other,33.96
Other,183.53
Stanislaus,174.2
Tulare,165.11
Fresno,122.38
Other,202.59
Tulare,133.36
Glenn,108.86
Kern,139.44
Stanislaus,126.92
Fresno,54.9
Glenn,37.61
Fresno,160.65
Merced,179.06
Other,155.35
Tulare,167.73
Merced,157.12
Fresno,163.58
San Joaquin,159.52
Madera,37.7
Stanislaus,116.69
Kern,179.66
Fresno,135.61
Madera,171.22
Madera,126.13
Fresno,167.26
Madera,121.88
Kern,148.26
Butte,104.46
Fresno,177.57
Kern,185.85
Kern,194.67
Fresno,160.46
Colusa,118.59
Other,169.67
Merced,143.58
Other,29.68
Tulare,182.55
Stanislaus,147.82
Stanislaus,136.62
Colusa,109.09
Kern,150.05
Madera,116.61
San Joaquin,113.4
Stanislaus,132.48
Fresno,77.49
Other,193.46
Merced,141.41
Fresno,121.43
Stanislaus,116.6
San Joaquin,166.4
Kern,57.22
Tulare,152.51
Other,156.39
Other,98.98
Fresno,102.82
Colusa,140.46
Merced,142.22
Stanislaus,123.66
Stanislaus,147.03
Kern,198.14
Glenn,109.71
Kern,164.85
Kern,149.62
Merced,22.39
Butte,136.7
Kern,146.16
Madera,162.9
Stanislaus,163.88
Other,102.22
Kern,179.45
Kern,142.28
Other,192.08
Butte,129.99
Stanislaus,136.0
Merced,127.86
Kern,137.13
Other,127.97
Stanislaus,122.16
Other,190.58
Kern,189.74
Madera,137.12
Fresno,128.05
Fresno,148.93
Fresno,192.12
Stanislaus,136.8
Other,161.58
Stanislaus,20.55
Colusa,166.26
Merced,127.23
Other,62.49
San Joaquin,174.64
Glenn,81.04
Madera,136.29
Stanislaus,130.8
Madera,194.5
Madera,116.33
Merced,131.39
Stanislaus,130.89
Kern,167.06
Merced,114.86
Butte,121.54
Merced,144.66
Colusa,65.44
Butte,113.95
Stanislaus,131.68
Glenn,124.86
Fresno,136.65
Fresno,106.69
Madera,184.71
Fresno,128.43
Stanislaus,169.17
Stanislaus,143.06
Fresno,103.38
Glenn,38.46
Fresno,119.92
Stanislaus,118.72
Colusa,99.34
Merced,124.07
Fresno,164.9
Stanislaus,135.56
Fresno,148.18
Colusa,145.54
Stanislaus,122.33
Merced,106.92
Other,156.96
Merced,124.7
Madera,149.23
Stanislaus,158.94
San Joaquin,129.19
Madera,141.0
Stanislaus,139.09
Tulare,142.43
Butte,145.24
Butte,106.29
Kern,206.43
Glenn,143.59
Merced,136.89
Other,144.84
Stanislaus,97.55
Merced,156.22
Butte,133.03
Madera,138.23
Stanislaus,111.13
Other,212.17
Fresno,140.24
Butte,107.33
Stanislaus,136.09
Merced,141.23
San Joaquin,19.99
Other,111.23
Merced,168.05
Fresno,124.93
Stanislaus,136.97
Stanislaus,166.79
Other,196.0
Stanislaus,156.2
Butte,136.38
Stanislaus,157.7
Stanislaus,99.49
Merced,153.24
Tulare,150.29
Merced,170.94
Other,163.78
Merced,120.64
Kern,166.85
Fresno,158.85
Merced,159.56
Kern,201.39
Madera,155.42
Fresno,123.04
Fresno,157.72
Madera,187.94
Butte,133.19
Other,209.75
Fresno,159.99
Colusa,87.63
Kern,232.16
San Joaquin,102.31
Colusa,118.02
Other,168.63
Kern,156.35
San Joaquin,122.81
Other,191.04
Merced,109.44
Stanislaus,156.29
San Joaquin,132.8
San Joaquin,139.86
San Joaquin,157.58
Kern,124.74
Fresno,152.14
Madera,105.15
Madera,128.16
San Joaquin,139.36
Kern,137.34
Madera,123.54
Tulare,147.77
Fresno,123.61
Fresno,198.45
Merced,29.17
San Joaquin,109.79
San Joaquin,150.36
Butte,123.29
Tulare,140.21
Merced,119.92
Fresno,200.62
Madera,147.75
San Joaquin,140.11
Merced,154.77
Stanislaus,172.08
Kern,163.49
Butte,110.6
Butte,141.17
Fresno,132.02
Madera,178.79
Stanislaus,143.5
Other,33.49
Other,177.41
Fresno,87.32
Kern,180.81
Fresno,139.2
San Joaquin,148.18
Other,60.52
Merced,133.73
Fresno,190.42
Madera,154.03
Madera,26.24
Fresno,145.06
Glenn,124.63
Kern,97.76
Colusa,156.02
Other,215.98
Stanislaus,47.28
Tulare,150.8
Fresno,154.51
Butte,117.7
Madera,130.1
Tulare,188.5
Fresno,169.16
Butte,108.69
Fresno,142.7
Merced,111.97
Stanislaus,138.3
Kern,156.24
Fresno,144.96
Fresno,108.39
Tulare,58.26
Stanislaus,130.8
Madera,158.93
Tulare,121.56
Stanislaus,121.54
Madera,210.76
Butte,137.58
Merced,160.73
Fresno,117.94
Merced,145.74
Stanislaus,113.95
San Joaquin,116.0
Merced,146.47
Madera,177.69
Fresno,132.96
Merced,143.49
Kern,35.28
Butte,123.69
Kern,172.83
Other,177.06
Merced,118.65
Madera,152.28
Glenn,120.51
Kern,120.12
Kern,161.6
Kern,153.93
Merced,143.94
Merced,127.05
Madera,43.61
Merced,152.34
Fresno,161.5
Fresno,139.01
Other,152.23
Stanislaus,174.28
Other,172.56
Stanislaus,129.57
Merced,134.37
Kern,157.4
Colusa,118.92
Glenn,99.61
Kern,153.83
Other,234.93
San Joaquin,115.75
Stanislaus,116.95
Merced,133.73
Merced,147.55
Stanislaus,186.81
Kern,207.58
Other,141.26
San Joaquin,145.91
Kern,165.38
Merced,164.44
Fresno,123.13
Butte,141.01
Other,173.37
Kern,50.92
Fresno,168.78
Kern,180.29
Butte,98.55
Merced,146.38
Other,210.09
Other,154.31
Kern,183.64
Stanislaus,180.1
Stanislaus,117.75
Stanislaus,171.2
Kern,143.12
Kern,33.71
Other,201.55
Fresno,122.47
Butte,26.81
Kern,134.5
Madera,39.64
Tulare,31.35
Stanislaus,130.36
Tulare,132.45
Other,157.66
Stanislaus,127.98
San Joaquin,39.4
Madera,146.08
Kern,136.71
Other,249.94
Tulare,133.86
Kern,143.64
Stanislaus,123.66
Glenn,38.07
Kern,157.61
Stanislaus,144.74
Fresno,108.96
Other,43.08
Stanislaus,106.99
Stanislaus,110.6
Merced,157.75
Glenn,39.47
Merced,98.88
Other,180.53
Butte,137.34
Other,220.26
Merced,157.03
Fresno,143.36
Kern,161.6
Stanislaus,142.18
Stanislaus,158.14
Kern,140.7
Other,152.81
Other,184.34
Tulare,25.91
Other,190.0
Colusa,119.25
Glenn,142.19
Stanislaus,144.91
Madera,159.3
Colusa,165.36
Merced,123.98
Fresno,175.11
San Joaquin,124.99
San Joaquin,41.24
Stanislaus,126.83
Tulare,173.58
Stanislaus,146.15
Kern,150.15
Kern,149.42
Tulare,180.43
Stanislaus,103.28
Fresno,125.87
Kern,208.74
Merced,100.77
Butte,159.92
Merced,172.83
San Joaquin,115.5
Kern,133.56
Butte,111.48
Tulare,121.97
Fresno,166.6
Fresno,134.38
Stanislaus,187.69
Glenn,121.52
Madera,156.43
Merced,116.58
Fresno,92.89
Madera,165.58
Merced,147.28
Other,175.79
Stanislaus,153.56
Merced,101.41
Fresno,155.26
Kern,180.81
Merced,167.87
San Joaquin,132.72
Kern,178.5
Glenn,115.31
Merced,131.39
Merced,109.53
Colusa,152.01
Kern,185.22
Fresno,152.14
Fresno,119.64
Colusa,22.11
Madera,144.7
Kern,201.92
Stanislaus,155.94
Tulare,159.87
San Joaquin,158.0
Kern,144.48
Kern,134.4
Merced,164.71
Other,223.49
Butte,138.37
Kern,230.26
Fresno,116.14
San Joaquin,123.56
Butte,106.37
Kern,140.6
Tulare,133.36
Colusa,135.63
Stanislaus,139.27
San Joaquin,139.44
Merced,131.03
Stanislaus,166.17
Tulare,170.65
Stanislaus,138.83
Tulare,184.87
Kern,158.02
Glenn,125.8
San Joaquin,92.32
Stanislaus,174.72
Stanislaus,123.3
Kern,150.15
Fresno,180.4
Merced,168.41
Merced,170.67
Merced,111.88
Other,205.24
Stanislaus,76.47
Merced,132.83
Stanislaus,159.73
Glenn,152.84
Madera,140.26
Merced,181.86
Butte,137.02
San Joaquin,90.47
San Joaquin,108.95
Colusa,114.74
Merced,167.33
Butte,127.52
Colusa,119.25
Fresno,162.26
Butte,63.84
Other,199.58
Kern,149.62
Madera,166.6
San Joaquin,148.09
Stanislaus,87.23
Fresno,135.8
Kern,181.23
Tulare,160.78
Tulare,104.43
Stanislaus,161.85
Merced,118.29
Other,173.71
Fresno,126.54
Butte,132.31
Kern,237.41
Merced,178.43
Butte,45.25
Butte,105.97
Butte,115.79
Kern,100.91
Merced,136.89
Merced,173.74
Stanislaus,127.8
Merced,132.29
Fresno,146.19
Fresno,151.29
Fresno,42.62
Kern,193.31
Other,34.42
San Joaquin,112.64
Other,190.11
Kern,169.79
Kern,231.74
Madera,141.56
Fresno,129.18
Kern,171.78
Other,176.14
Stanislaus,166.43
Butte,103.98
San Joaquin,152.63
Kern,212.42
Madera,147.01
Butte,126.16
Fresno,207.81
Kern,193.83
Other,162.28
Madera,131.85
Other,190.34
Other,210.44
Other,187.57
Merced,162.63
Kern,154.56
Madera,190.07
Stanislaus,96.23
Fresno,154.13
San Joaquin,37.72
Butte,75.73
Kern,199.82
Fresno,123.23
Colusa,102.95
Kern,151.94
Fresno,143.55
Tulare,148.18
Other,53.25
Other,206.17
Madera,116.05
Kern,215.04
Butte,149.39
Merced,123.71
Colusa,79.2
Stanislaus,85.91
Tulare,172.77
San Joaquin,21.5
Colusa,162.16
Madera,158.93
Fresno,164.43
Colusa,140.21
Stanislaus,147.65
Butte,121.54
Merced,140.06
Kern,146.27
Stanislaus,154.35
San Joaquin,121.46
Madera,129.18
San Joaquin,115.16
Butte,127.52
Fresno,170.01
Other,29.68
San Joaquin,140.53
Madera,52.39
Madera,31.05
Butte,129.99
Kern,188.9
Other,154.19
San Joaquin,106.76
Merced,28.81
Merced,132.92
Kern,173.67
Kern,164.32
Merced,100.14
Colusa,120.31
Other,142.18
Stanislaus,124.71
Other,222.22
Kern,137.55
Colusa,137.43
San Joaquin,132.64
Butte,20.35
Kern,209.79
Madera,103.3
Kern,139.23
Stanislaus,120.13
Merced,160.1
Stanislaus,118.98
San Joaquin,146.33
Madera,164.38
Other,234.81
Kern,145.95
Colusa,123.01
Tulare,142.33
Other,205.47
Tulare,113.3
Tulare,155.64
Merced,114.59
Fresno,149.5
Stanislaus,156.91
Stanislaus,150.03
Fresno,141.75
Madera,154.31
San Joaquin,144.65
Other,33.49
Colusa,23.42
Madera,182.86
Fresno,157.72
Merced,170.94
Stanislaus,167.4
Other,170.25
San Joaquin,129.11
Tulare,32.05
Merced,106.28
Other,152.69
Madera,108.02
Merced,154.86
Merced,178.88
Butte,83.31
Madera,116.05
Butte,39.18
Kern,149.94
Kern,28.88
Stanislaus,137.06
Stanislaus,129.74
Other,212.52
Madera,170.39
Madera,135.27
Butte,119.06
Fresno,98.47
Madera,134.35
Kern,180.71
Kern,191.94
Tulare,161.48
Kern,131.57
Kern,170.52
Kern,161.81
Fresno,185.5
Fresno,47.06
Stanislaus,104.96
Stanislaus,131.33
Merced,184.21
Fresno,146.95
San Joaquin,129.28
Other,176.83
Other,188.38
Butte,122.41
San Joaquin,141.2
Fresno,156.87
San Joaquin,164.47
Stanislaus,141.56
Kern,99.86
Fresno,122.85
Glenn,120.67
Stanislaus,39.16
San Joaquin,24.28
Other,52.32
Fresno,119.73
Fresno,82.22
Butte,35.19
Merced,154.05
Madera,120.12
Fresno,142.41
Stanislaus,101.08
Butte,163.27
Fresno,167.08
Madera,166.23
Madera,122.89
Kern,194.46
Merced,124.25
Colusa,112.53
Stanislaus,161.76
Tulare,168.74
Colusa,135.95
Fresno,158.95
Stanislaus,175.52
Madera,211.69
Butte,155.85
Kern,191.0
Stanislaus,126.13
San Joaquin,127.34
Fresno,113.59
San Joaquin,126.59
Fresno,138.82
Madera,170.39
Other,165.4
Stanislaus,42.25
Fresno,141.56
Other,113.31
Kern,42.21
Other,198.89
Kern,132.51
Fresno,170.38
Kern,204.23
Madera,151.26
Other,180.64
Other,141.83
Fresno,163.48
Fresno,172.18
Glenn,131.55
Stanislaus,131.42
Merced,132.92
Madera,148.58
Colusa,101.8
Kern,151.3
Madera,162.99
Kern,114.03
Other,206.74
Other,235.27
Tulare,47.88
Other,179.95
Tulare,150.9
Other,177.18
San Joaquin,113.4
Kern,190.47
Other,55.44
San Joaquin,108.78
Tulare,242.52
Kern,158.55
Fresno,173.79
Kern,156.87
Butte,156.09
Madera,146.82
Merced,24.38
San Joaquin,164.05
Madera,154.4
Fresno,163.39
Other,157.2
Other,170.71
Kern,176.72
Kern,212.73
Stanislaus,158.05
Stanislaus,48.95
Fresno,141.37
Fresno,147.42
Stanislaus,91.9
Other,169.67
Kern,29.82
Colusa,25.55
Colusa,87.55
Stanislaus,123.39
Glenn,25.95
Stanislaus,110.78
Fresno,163.77
Fresno,146.85
Fresno,166.23
San Joaquin,155.9
Other,159.39
Tulare,153.92
Fresno,126.16
Stanislaus,134.95
Glenn,128.9
Other,28.76
Merced,24.02
Butte,41.42
Madera,41.3
Tulare,92.53
Merced,153.33
Kern,188.37
Fresno,152.33
Glenn,106.45
Stanislaus,24.08
Other,147.61
Other,141.26
Merced,131.12
Stanislaus,93.49
Stanislaus,136.62
Other,184.57
Fresno,147.89
Fresno,153.75
Other,210.09
Madera,175.56
Butte,123.21
Stanislaus,170.49
Stanislaus,132.48
Butte,115.47
Kern,141.12
San Joaquin,126.92
Kern,170.31
Other,174.52
Stanislaus,135.48
Stanislaus,143.41
Madera,163.64
Stanislaus,134.5
Kern,156.45
Fresno,181.72
Stanislaus,110.51
Merced,164.26
Kern,141.22
Other,231.92
Fresno,161.03
Butte,148.11
San Joaquin,128.69
Madera,161.88
Butte,95.28
Madera,138.78
Fresno,134.1
Kern,145.43
Other,160.54
Merced,134.37
Stanislaus,122.33
Madera,130.38
Tulare,134.37
Kern,195.09
Fresno,202.14
Madera,138.23
Fresno,90.53
Butte,144.28
Glenn,97.05
Stanislaus,130.45
Colusa,141.93
Kern,150.78
Colusa,144.55
Stanislaus,65.09
Merced,148.9
Other,30.15
Merced,143.67
Fresno,157.34
Other,142.87
Stanislaus,155.06
Fresno,178.7
Madera,105.8
Kern,215.78
Kern,147.0
Other,183.18
Kern,200.24
Tulare,161.58
Stanislaus,153.82
Other,156.27
Fresno,108.39
Stanislaus,135.12
Tulare,197.97
Kern,210.21
Madera,173.43
Fresno,48.2
Tulare,199.79
Other,219.8
Fresno,53.01
Kern,62.37
Kern,189.74
Kern,173.78
Fresno,136.17
Fresno,108.3
Butte,114.03
Stanislaus,41.19
Kern,218.72
Butte,137.89
Merced,172.47
San Joaquin,154.81
Kern,162.86
Butte,123.13
Butte,131.19
Madera,154.95
Stanislaus,141.65
Tulare,144.55
Stanislaus,173.75
Merced,134.91
Colusa,167.08
Fresno,161.03
Other,96.21
Kern,187.42
Other,164.7
Madera,23.38
Kern,151.3
Fresno,175.96
Stanislaus,158.85
Kern,153.09
Madera,158.84
Madera,191.82
Tulare,140.41
Merced,139.6
San Joaquin,169.93
Kern,156.35
Other,162.16
Butte,147.31
Merced,121.54
Madera,129.91
Fresno,153.37
Fresno,156.11
Colusa,131.7
Madera,179.63
Stanislaus,147.74
Other,199.24
Kern,26.99
Kern,158.76
Madera,138.23
Madera,139.34
Madera,42.5
Merced,178.61
Fresno,163.48
San Joaquin,110.29
Madera,150.24
Kern,234.26
Stanislaus,164.32
Madera,23.56
Merced,146.92
Tulare,125.6
Fresno,88.07
Fresno,137.78
Fresno,125.78
Other,187.57
Stanislaus,154.0
Stanislaus,114.75
Stanislaus,143.5
Madera,154.03
Merced,25.92
Other,150.03
Fresno,168.59
Stanislaus,118.1
Fresno,166.41
Kern,28.14
Merced,165.07
Butte,119.38
Other,184.57
Butte,135.5
Merced,132.74
Fresno,157.15
Butte,86.18
Merced,148.72
Kern,131.04
San Joaquin,138.26
Other,143.67
Madera,122.76
Stanislaus,172.46
Merced,204.72
Stanislaus,162.82
Merced,139.51
Other,61.13
Stanislaus,132.21
Kern,240.08
Fresno,185.79
Colusa,144.44
Stanislaus,127.95
Colusa,128.12
Fresno,193.89
Other,205.8
Fresno,172.23
Madera,150.68
Stanislaus,151.48
Fresno,156.84
Madera,154.44
Butte,47.2
Kern,197.44
Kern,65.03
Merced,139.22
Tulare,208.12
Fresno,130.0
Fresno,153.39
Glenn,130.04
San Joaquin,51.03
Butte,127.74
Other,219.16
Kern,126.45
Tulare,214.6
Fresno,188.83
San Joaquin,146.34
Tulare,135.32
Merced,127.71
Tulare,113.83
Merced,114.75
Kern,201.15
Madera,142.46
Glenn,42.87
Colusa,65.11
Butte,43.01
Kern,135.45
Butte,152.1
Colusa,66.16
Stanislaus,159.42
Glenn,140.69
Other,185.75
Stanislaus,192.12
Kern,195.86
Fresno,73.51
Kern,124.54
Kern,212.06
Merced,74.4
Stanislaus,153.37
Tulare,158.87
San Joaquin,130.86
Madera,51.68
Madera,120.38
Kern,130.28
Other,174.98
Merced,160.22
Stanislaus,142.79
Stanislaus,161.78
Other,180.18
Other,237.35
Madera,187.9
Kern,66.15
Other,167.93
San Joaquin,157.23
Kern,204.41
Other,146.77
Kern,186.08
Madera,151.27
Tulare,142.34
Stanislaus,122.09
Butte,123.55
Madera,104.25
Butte,188.27
Kern,198.45
Other,223.49
Other,187.23
Madera,168.89
Other,155.93
Fresno,154.2
Butte,55.4
Kern,223.42
Fresno,182.55
Other,205.05
Other,179.56
Merced,171.73
Fresno,167.87
Other,182.78
Fresno,131.02
Fresno,150.96
Butte,146.89
Other,207.53
Stanislaus,121.62
Colusa,125.39
Madera,152.36
Stanislaus,156.3
Stanislaus,157.15
Other,176.84
Stanislaus,53.86
Other,207.9
Glenn,111.97
Merced,104.39
Other,149.74
Kern,118.24
Fresno,92.74
Stanislaus,192.87
Other,209.01
Merced,157.7
Butte,152.02
Fresno,101.76
Other,223.37
Kern,198.23
Stanislaus,136.74
Other,88.11
Tulare,145.37
San Joaquin,124.11
Other,224.98
Colusa,159.35
Kern,161.78
Fresno,191.46
Kern,188.66
Fresno,202.9
Colusa,96.61
Butte,119.02
Fresno,156.73
Butte,133.89
Stanislaus,136.17
Tulare,189.97
Fresno,118.66
Madera,151.67
Kern,202.39
Fresno,48.5
Stanislaus,120.77
Fresno,170.81
Stanislaus,158.19
Kern,151.88
Madera,159.79
Merced,164.38
Butte,108.67
San Joaquin,140.49
Kern,180.34
Kern,181.46
Fresno,57.0
Kern,184.95
Other,193.17
Glenn,118.05
Kern,146.93
Merced,177.44
Glenn,48.28
Stanislaus,156.21
Other,217.3
San Joaquin,158.04
Tulare,186.52
Stanislaus,154.22
Butte,117.99
Merced,96.27
Stanislaus,136.27
Other,204.44
San Joaquin,134.64
Kern,51.41
Fresno,171.01
Kern,185.74
Other,218.05
Fresno,192.78
Madera,184.34
Butte,140.22
Butte,105.59
Stanislaus,145.53
Fresno,152.28
Kern,64.91
San Joaquin,149.22
San Joaquin,143.82
Tulare,170.64
Merced,138.93
Kern,170.78
San Joaquin,99.99
Madera,187.9
Glenn,159.17
San Joaquin,156.6
Merced,108.75
Stanislaus,130.03
Merced,154.51
Madera,184.64
San Joaquin,68.31
Fresno,119.17
Colusa,154.09
Fresno,161.8
Stanislaus,101.97
Merced,53.79
Kern,165.82
Merced,42.47
Other,236.12
Madera,127.21
Fresno,48.2
Stanislaus,141.84
Kern,154.91
Kern,205.99
Merced,145.12
Stanislaus,154.13
Tulare,143.64
Merced,156.73
Kern,222.52
Other,161.74
Kern,174.6
Merced,154.32
San Joaquin,134.46
Other,168.42
Stanislaus,192.12
Fresno,157.44
Other,159.88
Tulare,138.56
Tulare,48.92
San Joaquin,146.43
Fresno,149.14
Glenn,111.47
Fresno,139.62
Fresno,146.91
Fresno,158.66
Other,217.18
Other,87.99
Kern,173.36
Fresno,173.95
Other,198.5
Merced,102.36
Glenn,134.53
Fresno,133.55
San Joaquin,168.93
Merced,170.47
Glenn,52.7
Other,161.25
Stanislaus,169.06
Other,262.6
Merced,127.81
Merced,131.58
Other,250.22
Fresno,134.26
Stanislaus,134.1
Tulare,129.38
Butte,132.78
Madera,145.93
Butte,173.74
Fresno,177.09
Kern,159.19
Kern,173.02
Colusa,154.79
Fresno,160.08
Madera,186.52
Fresno,134.46
Madera,190.77
Stanislaus,71.44
Fresno,175.77
Kern,203.29
Stanislaus,171.23
Merced,121.23
Colusa,52.04
Merced,169.51
Fresno,166.86
Other,180.68
San Joaquin,179.28
Kern,184.28
Fresno,155.52
San Joaquin,52.29
Butte,127.05
Madera,131.08
San Joaquin,182.07
Kern,203.18
Fresno,163.11
Tulare,182.09
Glenn,44.54
Madera,136.32
Kern,188.78
Stanislaus,150.44
Other,237.48
Stanislaus,118.31
Other,181.79
Kern,188.32
Madera,158.8
Other,198.37
Butte,124.32
San Joaquin,62.1
San Joaquin,128.52
Kern,168.08
Merced,162.83
Stanislaus,166.32
Tulare,168.37
Other,179.81
Stanislaus,150.44
San Joaquin,169.11
Fresno,167.16
San Joaquin,172.35
Butte,135.94
Other,152.96
Other,211.36
Merced,63.18
Fresno,165.34
Stanislaus,157.06
San Joaquin,146.16
Madera,176.91
Butte,128.93
Merced,147.16
Fresno,161.49
Merced,129.45
Stanislaus,154.79
Madera,127.71
Kern,145.35
Merced,155.77
Madera,162.06
Fresno,177.59
Madera,64.55
Tulare,125.71
Colusa,120.66
Fresno,155.32
Kern,197.44
Fresno,173.44
Glenn,137.95
Stanislaus,130.6
Other,181.91
Kern,159.3
Other,218.3
Colusa,196.3
Other,124.12
Merced,158.96
Merced,46.44
Merced,133.71
Madera,172.85
Madera,123.55
Fresno,117.25
Butte,125.68
Merced,167.96
Stanislaus,151.48
Kern,65.03
Kern,176.29
Fresno,180.22
Colusa,142.16
Madera,66.63
Madera,127.41
Fresno,176.98
San Joaquin,139.23
Other,94.79
Glenn,150.02
Merced,122.2
Other,208.27
Madera,51.78
Fresno,163.62
Merced,153.64
Colusa,130.75
Glenn,128.37
Merced,155.77
Fresno,178.6
Merced,149.96
Fresno,181.74
Kern,85.05
Fresno,183.16
Fresno,187.52
Kern,207.23
Colusa,161.02
Fresno,144.48
San Joaquin,165.78
Kern,133.54
Kern,156.94
San Joaquin,164.52
San Joaquin,200.25
Kern,208.8
Stanislaus,143.07
Kern,173.81
Tulare,145.15
Merced,172.21
Butte,123.21
Butte,58.05
Kern,160.76
Merced,152.57
Stanislaus,154.32
Kern,200.81
Tulare,189.97
Madera,187.7
Butte,134.23
Colusa,112.41
Kern,172.12
Merced,158.48
Madera,175.03
Stanislaus,182.48
Madera,124.05
Glenn,60.11
Merced,134.48
San Joaquin,129.24
Butte,116.37
Stanislaus,156.4
Colusa,43.26
Madera,143.75
Madera,141.87
Fresno,197.74
Other,58.78
Stanislaus,127.2
Stanislaus,169.44
Merced,186.73
Stanislaus,146.85
Colusa,138.38
Madera,138.4
Stanislaus,147.51
Kern,181.12
Stanislaus,174.45
Madera,139.99
Stanislaus,145.53
Madera,157.31
Madera,169.19
Butte,140.9
Butte,158.09
Fresno,170.1
Madera,175.82
Merced,182.66
Kern,195.98
Stanislaus,74.75
Stanislaus,138.73
Merced,116.0
Other,163.47
Merced,156.93
Other,196.14
Fresno,146.1
Stanislaus,150.82
Fresno,158.15
Other,108.9
Butte,154.16
San Joaquin,185.67
San Joaquin,179.01
Colusa,109.16
Stanislaus,147.42
Merced,113.58
Butte,39.42
Stanislaus,117.94
Madera,191.07
Tulare,67.18
San Joaquin,147.33
Other,174.61
Kern,186.86
Merced,162.25
Madera,47.92
San Joaquin,129.78
Other,179.68
Stanislaus,124.74
Stanislaus,142.79
Madera,146.02
Kern,174.38
Stanislaus,98.66
Fresno,168.78
Kern,202.5
Fresno,179.01
Merced,165.64
San Joaquin,123.75
Stanislaus,133.53
Fresno,185.79
Stanislaus,137.59
Tulare,201.1
Kern,188.21
Colusa,105.83
Madera,171.96
Merced,182.57
Butte,137.06
Kern,197.55
Merced,179.76
Other,217.92
Madera,160.18
Merced,189.92
San Joaquin,146.16
Madera,76.53
Colusa,148.91
Kern,214.2
Tulare,61.88
Colusa,123.46
Merced,196.6
San Joaquin,143.55
Stanislaus,115.48
Other,210.5
Kern,130.95
Stanislaus,138.82
Merced,169.22
Fresno,145.09
Stanislaus,144.02
Butte,92.51
Merced,176.96
Kern,176.62
Tulare,166.0
Fresno,87.99
Madera,130.98
Other,176.22
Fresno,115.83
Other,196.02
Stanislaus,135.14
Kern,199.69
Stanislaus,178.98
San Joaquin,114.21
Other,187.6
Colusa,168.66
Other,207.16
Butte,148.0
Kern,182.14
Other,206.42
Madera,147.91
Colusa,150.14
Other,231.41
Butte,109.27
Tulare,198.29
Madera,158.3
Merced,146.58
San Joaquin,139.5
Butte,146.8
Kern,142.31
Madera,146.62
Merced,149.19
Fresno,123.93
Butte,107.9
Merced,129.45
Fresno,159.37
Stanislaus,171.99
Other,215.57
Fresno,184.98
Fresno,132.64
Kern,224.32
Kern,190.12
Kern,187.99
Glenn,127.62
Kern,73.12
Madera,122.07
Merced,121.03
Fresno,166.76
Colusa,49.14
Merced,170.28
Tulare,193.97
Fresno,164.43
Madera,176.12
Other,230.3
Stanislaus,60.01
Merced,135.26
Glenn,114.3
Other,233.76
Merced,167.96
Kern,131.51
Fresno,162.3
Kern,197.78
Butte,102.69
San Joaquin,153.36
Kern,155.14
Stanislaus,158.0
Fresno,175.87
Stanislaus,180.5
Madera,195.92
Fresno,106.62
Madera,147.31
Madera,145.23
Tulare,183.92
Madera,124.74
San Joaquin,124.2
Stanislaus,128.71
Fresno,171.82
Stanislaus,50.37
Madera,150.58
San Joaquin,97.92
Other,52.84
Madera,161.57
Madera,116.32
Kern,178.2
Other,181.05
Kern,59.06
Other,187.11
Merced,198.82
Colusa,159.09
Butte,116.28
Fresno,172.33
Butte,120.38
Other,197.88
San Joaquin,52.83
Tulare,200.34
Kern,148.72
Butte,91.23
Fresno,178.5
Kern,64.46
Colusa,133.82
Stanislaus,156.96
Stanislaus,124.27
Kern,183.15
Stanislaus,152.52
Madera,148.9
Merced,145.42
Stanislaus,161.97
Fresno,167.67
Madera,168.5
Fresno,53.76
Madera,167.41
Kern,179.21
Kern,186.52
Butte,44.55
Kern,129.94
Fresno,73.1
Other,214.34
San Joaquin,147.87
Stanislaus,160.08
Madera,127.12
Other,217.18
Stanislaus,101.21
Fresno,178.71
Other,168.92
Stanislaus,161.12
Other,167.43
Fresno,198.65
Kern,51.19
Stanislaus,177.85
Fresno,191.87
Fresno,115.42
Fresno,121.6
Colusa,127.24
Stanislaus,130.5
Other,109.27
Butte,138.51
Stanislaus,180.5
Kern,141.98
San Joaquin,155.34
San Joaquin,140.13
Stanislaus,168.02
Other,244.04
Stanislaus,131.36
Colusa,97.93
Colusa,48.88
Kern,202.95
Butte,176.3
Butte,169.8
Kern,183.49
Other,56.68
Merced,165.44
Merced,133.61
San Joaquin,157.41
Other,180.8
Other,54.2
Madera,167.21
Madera,143.25
Other,64.23
Other,169.41
Fresno,192.48
Other,159.27
Other,221.88
Merced,140.38
Other,265.57
Other,125.24
Stanislaus,153.0
Fresno,143.78
Butte,154.16
Stanislaus,163.01
San Joaquin,114.03
Stanislaus,176.62
Other,157.16
Kern,172.01
Merced,142.71
Madera,192.26
Kern,159.19
Madera,130.48
Fresno,134.26
Kern,167.06
Other,214.34
Merced,151.9
Fresno,53.26
Stanislaus,144.49
Tulare,180.68
Butte,130.64
Fresno,177.9
Colusa,120.31
Kern,191.92
Kern,158.51
Fresno,200.07
Kern,204.75
Other,232.16
Madera,182.16
Merced,107.59
Merced,100.91
Stanislaus,136.36
Fresno,146.91
Merced,65.89
Madera,160.78
Fresno,184.78
Kern,205.31
Tulare,198.61
Madera,119.49
San Joaquin,166.41
Fresno,121.4
Colusa,151.46
Kern,183.82
Butte,164.59
San Joaquin,171.45
Fresno,124.84
Tulare,192.24
Madera,148.3
Madera,139.99
Kern,151.43
Kern,222.52
Fresno,149.85
Kern,219.82
Stanislaus,178.89
Fresno,139.93
Kern,162.11
Tulare,173.77
Stanislaus,159.33
Madera,188.3
Fresno,172.53
Merced,145.42
Other,181.29
Kern,136.01
Tulare,163.3
Fresno,216.78
Butte,149.54
Kern,183.71
Fresno,159.98
San Joaquin,153.63
Other,61.13
Butte,127.05
Kern,232.31
Butte,114.31
Fresno,189.54
Merced,136.51
Stanislaus,163.01
Other,207.9
Other,145.16
Colusa,139.52
Madera,156.22
Stanislaus,173.41
Kern,241.09
Fresno,178.3
Madera,171.07
San Joaquin,173.88
Fresno,132.44
Other,166.69
Other,179.93
Tulare,146.88
Fresno,182.35
Tulare,85.43
Fresno,197.94
Stanislaus,177.57
Colusa,64.76
Kern,186.19
Merced,150.74
Fresno,179.42
Merced,120.36
Kern,217.69
San Joaquin,163.08
Madera,173.94
Other,58.16
Other,86.13
Stanislaus,152.71
Butte,110.81
Fresno,168.48
Other,210.13
Merced,146.29
Madera,112.07
Stanislaus,122.0
Madera,47.72
Stanislaus,146.19
Glenn,111.8
Tulare,184.57
Merced,157.61
Fresno,129.5
Tulare,226.37
Other,176.59
Other,184.02
Madera,157.51
Merced,154.8
Merced,168.15
Stanislaus,124.08
Merced,171.05
Butte,107.64
Colusa,129.08
San Joaquin,93.33
Stanislaus,122.47
Glenn,123.21
Other,161.86
Madera,134.24
Kern,163.8
Merced,155.67
Other,196.27
Kern,167.74
San Joaquin,132.84
Tulare,156.6
Madera,169.29
Kern,201.38
Other,208.4
Fresno,203.61
Other,218.17
Fresno,170.5
Kern,147.04
Madera,130.09
Fresno,176.98
Fresno,121.2
Merced,153.25
Fresno,210.2
Madera,179.98
Fresno,120.59
Kern,176.51
Merced,160.02
Butte,125.77
Merced,169.12
Stanislaus,107.16
Colusa,135.75
Stanislaus,145.91
Butte,128.16
Fresno,181.24
Tulare,209.63
Kern,149.62
Kern,198.45
Butte,148.51
Fresno,141.65
Stanislaus,180.4
Tulare,184.25
Colusa,123.46
Stanislaus,163.86
Fresno,146.1
Butte,167.32
Butte,146.55
Fresno,175.36
Madera,184.44
Kern,90.45
Madera,151.27
Merced,145.32
Other,233.64
Madera,142.26
Stanislaus,116.8
Madera,180.38
Fresno,182.86
Stanislaus,48.76
Fresno,197.44
Other,240.69
Kern,160.2
Merced,173.76
Kern,145.8
San Joaquin,168.93
Butte,87.98
Merced,99.56
Kern,175.28
Fresno,164.53
Other,149.24
Stanislaus,51.31
Kern,207.0
Merced,160.22
Madera,144.54
Madera,161.67
San Joaquin,143.1
Stanislaus,54.24
Merced,177.44
Fresno,127.17
Stanislaus,169.25
Madera,129.49
Stanislaus,157.44
Fresno,76.65
Colusa,168.66
Kern,172.8
Merced,169.02
San Joaquin,120.6
Butte,147.83
Tulare,164.59
Glenn,148.77
Other,242.55
Colusa,172.17
Other,220.65
Kern,158.85
Madera,132.66
Kern,174.82
Fresno,179.82
Merced,137.68
Kern,145.35
Tulare,163.19
Fresno,142.56
Tulare,170.21
Tulare,190.62
Merced,151.61
Stanislaus,132.21
Fresno,61.56
Merced,154.12
Merced,177.63
Kern,239.4
Stanislaus,104.42
Stanislaus,162.07
Fresno,149.44
Kern,159.64
Butte,104.57
Kern,145.12
Fresno,72.6
Other,182.78
Colusa,138.73
Fresno,184.68
Tulare,194.51
Fresno,168.78
Fresno,198.25
Madera,173.84
Butte,120.56
Madera,154.54
Stanislaus,184.09
Kern,190.24
Kern,207.79
Merced,188.86
Merced,133.71
Fresno,60.04
Glenn,108.06
Other,71.4
Fresno,195.82
Madera,228.69
Merced,191.76
Merced,166.6
Colusa,178.66
Merced,173.38
Other,240.57
Stanislaus,158.48
Madera,138.6
Merced,162.06
Other,140.83
Colusa,180.41
Fresno,136.18
Stanislaus,72.2
Stanislaus,166.23
Colusa,138.91
Kern,183.26
Stanislaus,138.25
Kern,154.12
Kern,182.7
Stanislaus,188.24
Fresno,183.06
Fresno,135.47
Stanislaus,171.71
Kern,136.24
Kern,200.36
Kern,203.18
Tulare,204.55
Merced,157.32
Fresno,199.87
Butte,143.47
San Joaquin,133.47
Other,66.7
Fresno,208.58
Madera,163.15
Colusa,58.7
Other,178.32
Kern,121.61
Kern,197.55
Stanislaus,163.49
Butte,153.99
Fresno,122.61
Merced,163.12
Kern,208.8
Fresno,207.16
Kern,57.82
Kern,122.29
Stanislaus,176.43
Kern,167.29
Tulare,57.35
Other,174.61
Kern,166.05
Tulare,127.12
Fresno,155.32
Stanislaus,133.91
Glenn,157.76
Butte,146.8
Butte,135.86
Stanislaus,174.35
Fresno,163.62
Kern,184.61
Tulare,118.26
Kern,203.18
Kern,180.45
Butte,99.78
Fresno,167.97
Kern,132.98
Tulare,110.92
Stanislaus,158.38
Merced,57.08
Other,231.54
Fresno,148.33
Fresno,73.2
Merced,133.61
Fresno,158.15
Stanislaus,159.61
Stanislaus,118.69
Glenn,125.21
Madera,135.23
Kern,205.42
Fresno,177.39
Kern,260.1
San Joaquin,138.6
Madera,136.92
Other,153.2
Madera,52.27
Other,183.15
Madera,150.88
Colusa,138.47
Madera,156.32
Colusa,158.74
Merced,169.7
Tulare,199.69
Merced,201.53
Glenn,120.46
Merced,189.53
Tulare,154.22
Merced,163.02
Stanislaus,49.14
Other,194.41
Stanislaus,135.42
Merced,175.6
Kern,200.14
Kern,193.39
Madera,160.68
Butte,145.78
Other,170.78
Other,198.25
Fresno,181.64
Madera,142.56
Other,163.84
Colusa,107.41
Butte,44.55
Kern,179.55
Fresno,140.43
Madera,142.16
Kern,194.4
Madera,158.3
Madera,84.55
Other,132.91
Stanislaus,158.76
Tulare,74.63
Other,258.02
Stanislaus,164.24
Madera,154.24
Kern,133.43
Other,62.12
Madera,124.15
Fresno,183.26
Fresno,139.83
Merced,187.4
Fresno,179.92
Fresno,163.82
San Joaquin,139.32
Stanislaus,135.04
Madera,147.51
Stanislaus,115.1
Glenn,52.36
Fresno,53.56
Kern,225.34
Fresno,155.22
Butte,125.51
Merced,182.76
Madera,165.13
San Joaquin,169.11
Stanislaus,188.72
Fresno,156.73
Kern,155.48
Merced,137.68
Stanislaus,172.56
Stanislaus,124.46
Merced,128.58
San Joaquin,112.77
Other,213.84
Butte,140.56
Fresno,152.38
Kern,128.02
Kern,146.02
Stanislaus,137.21
Colusa,130.57
Madera,178.1
Kern,172.12
Madera,54.05
Madera,191.37
Merced,141.16
Fresno,185.79
Madera,63.36
Other,217.68
Madera,107.61
Butte,54.38
Colusa,147.24
Butte,40.01
Stanislaus,58.97
Stanislaus,46.21
Merced,131.58
Madera,174.64
Merced,136.22
Merced,166.12
Fresno,150.56
Stanislaus,107.16
Other,200.97
Stanislaus,158.57
Kern,165.71
Merced,178.12
Stanislaus,38.75
Kern,199.58
San Joaquin,137.97
San Joaquin,129.87
Merced,133.9
Other,237.48
Madera,44.65
Other,185.75
Fresno,177.49
Butte,139.62
Kern,185.74
Fresno,212.32
San Joaquin,142.74
Fresno,151.88
Butte,132.27
Other,164.09
Other,202.95
Other,192.8
Tulare,73.12
San Joaquin,186.21
Fresno,110.06
Fresno,153.7
Stanislaus,146.76
Madera,134.05
Merced,152.38
Merced,125.87
Butte,147.74
San Joaquin,151.02
Merced,137.97
Butte,108.76
Kern,228.82
Stanislaus,111.98
Fresno,45.06
Merced,155.86
Kern,220.84
San Joaquin,120.15
San Joaquin,132.39
Stanislaus,165.09
Madera,85.14
Merced,136.13
Other,211.98
Madera,171.27
San Joaquin,149.94
Stanislaus,183.52
Colusa,142.68
Butte,162.28
Glenn,50.12
Butte,149.11
Fresno,130.71
Stanislaus,47.63
Kern,162.68
Merced,162.64
Fresno,175.57
Madera,176.72
Kern,146.7
Stanislaus,123.89
Kern,176.85
Stanislaus,164.34
Stanislaus,93.84
Kern,189.79
Madera,176.81
Fresno,150.76
Butte,155.35
Butte,103.71
Fresno,129.09
San Joaquin,148.32
Fresno,75.53
Fresno,157.34
Kern,186.41
Fresno,176.68
San Joaquin,147.69
Kern,219.94
Madera,132.86
Stanislaus,135.04
Kern,130.05
Colusa,131.01
Kern,217.8
Kern,216.9
Stanislaus,190.51
Glenn,53.28
Merced,149.58
Kern,172.58
Other,180.3
Glenn,170.83
Merced,198.82
Merced,132.26
Kern,150.98
Butte,137.48
Other,183.64
Butte,163.73
Stanislaus,51.12
Madera,158.99
Fresno,135.57
Stanislaus,153.47
Kern,208.01
Fresno,143.78
Stanislaus,118.79
Glenn,111.89
Tulare,68.26
Kern,157.73
Kern,174.94
Other,155.93
Tulare,78.52
Colusa,109.51
Merced,144.16
Kern,159.86
Stanislaus,54.62
Stanislaus,110.94
Stanislaus,181.72
Stanislaus,143.64
Kern,195.41
Kern,178.2
Other,169.41
Madera,52.27
Merced,54.08
Stanislaus,161.88
Fresno,118.97
Madera,168.99
Other,236.49
Merced,152.67
Stanislaus,184.09
San Joaquin,200.07
Kern,70.65
Colusa,100.82
Fresno,174.45
Stanislaus,102.53
Butte,173.65
Stanislaus,177.0
Merced,121.32
Stanislaus,151.86
Fresno,181.54
Other,202.58
Other,241.56
Kern,106.31
Glenn,130.12
Fresno,138.81
Kern,151.09
Merced,114.36
Other,220.89
Kern,190.91
Stanislaus,210.64
Other,94.42
Fresno,210.4
Stanislaus,177.66
Tulare,179.82
Stanislaus,130.88
Stanislaus,126.63
Merced,111.07
San Joaquin,57.6
Madera,152.86
Colusa,132.59
San Joaquin,142.56
Tulare,142.88
San Joaquin,172.17
Kern,126.45
Butte,119.7
Merced,156.35
Merced,159.73
Stanislaus,153.94
Other,218.3
Other,210.38
Colusa,163.92
Tulare,199.58
Kern,61.42
Kern,149.62
Kern,175.61
Glenn,128.12
Glenn,131.45
Kern,178.88
Glenn,128.95
Stanislaus,124.74
Fresno,84.24
Kern,157.16
Other,89.47
Butte,162.62
Tulare,203.9
Tulare,166.43
Merced,165.93
Glenn,105.31
Merced,152.77
Colusa,112.14
Merced,162.64
San Joaquin,115.29
Tulare,185.33
Fresno,150.86
Madera,127.71
Stanislaus,164.62
Butte,112.18
San Joaquin,118.71
Merced,50.5
Stanislaus,149.5
Merced,109.52
Madera,90.88
Fresno,126.56
Kern,232.2
Fresno,141.95
Merced,161.38
San Joaquin,143.37
Kern,60.3
Other,215.7
Stanislaus,175.68
Fresno,203.31
Kern,152.89
Fresno,198.96
Kern,169.65
Kern,176.06
Butte,154.41
San Joaquin,161.19
Kern,141.75
Tulare,143.21
Colusa,180.94
Fresno,176.18
Stanislaus,204.4
Colusa,164.97
Madera,169.69
San Joaquin,128.61
Fresno,134.16
Fresno,119.48
Merced,169.8
Merced,161.38
Kern,192.15
Kern,200.02
San Joaquin,59.31
Merced,187.89
Fresno,206.35
Tulare,206.17
Madera,141.77
San Joaquin,148.32
Tulare,212.54
Merced,154.03
Fresno,168.68
Fresno,174.56
Madera,46.53
Fresno,182.96
Glenn,186.81
Stanislaus,156.68
Fresno,131.62
Stanislaus,123.89
Stanislaus,173.22
Other,56.8
Other,204.44
Fresno,110.26
Kern,189.56
Madera,165.43
San Joaquin,137.16
Fresno,129.4
Butte,156.98
Madera,81.38
Merced,146.0
Madera,58.71
Merced,127.61
Fresno,182.76
Kern,182.48
Glenn,127.12
Other,214.46
Colusa,126.01
Stanislaus,124.17
Fresno,159.57
Stanislaus,159.89
Fresno,204.42
Merced,44.21
Kern,231.08
Merced,140.58
San Joaquin,90.72
Other,181.79
Fresno,89.4
Madera,169.09
Kern,181.91
Kern,141.41
Madera,185.43
Fresno,109.05
Merced,168.44
Merced,161.77
Merced,156.83
Other,141.32
Fresno,125.96
Kern,156.38
Merced,72.37
Stanislaus,175.01
Kern,142.2
Butte,147.23
Stanislaus,119.92
Merced,51.86
Kern,141.75
Stanislaus,179.55
Butte,176.47
Stanislaus,129.65
Other,136.62
Other,234.01
Madera,164.74
San Joaquin,140.04
Merced,161.86
Merced,117.65
Stanislaus,161.12
Tulare,220.97
Fresno,132.84
Butte,174.85
Madera,154.84
Butte,163.13
Colusa,145.84
Kern,190.58
Fresno,148.33
Fresno,170.4
Kern,156.15
Kern,201.71
Kern,165.71
Butte,146.97
Glenn,138.69
Other,230.18
Madera,119.49
Madera,173.35
Kern,202.5
Glenn,116.72
Kern,181.8
Fresno,112.39
Stanislaus,187.68
San Joaquin,149.04
Merced,190.89
Tulare,159.19
Kern,153.11
Butte,107.13
Colusa,144.52
Colusa,149.7
Tulare,198.5
Butte,122.61
Kern,183.15
Merced,183.53
Other,223.49
Madera,129.79
Other,201.09
Other,219.9
San Joaquin,140.49
Fresno,173.04
Stanislaus,160.37
Tulare,139.54
Colusa,189.89
Merced,173.28
Merced,128.1
Other,187.23
Stanislaus,159.71
Madera,165.23
Fresno,173.64
Other,215.57
Kern,211.5
Other,177.09
Tulare,177.34
Stanislaus,161.31
Kern,165.94
Kern,188.78
Glenn,162.42
Merced,150.74
Madera,171.86
Fresno,55.38
Other,89.72
San Joaquin,119.79
Madera,170.58
Butte,51.3
Butte,120.81
Colusa,144.17
San Joaquin,89.01
Other,181.66
Kern,218.14
Stanislaus,165.75
Fresno,143.27
Fresno,152.48
Kern,158.62
Merced,47.5
Tulare,143.96
Other,214.71
Kern,68.4
Other,75.61
Kern,158.74
Other,229.68
Colusa,99.07
Fresno,134.76
Stanislaus,171.14
Madera,148.6
Fresno,141.24
Tulare,179.6
Kern,81.45
Other,205.42
Other,184.64
Fresno,164.73
Fresno,81.71
Fresno,166.96
Merced,123.65
Stanislaus,66.34
Stanislaus,166.04
Madera,162.66
Butte,175.36
Colusa,157.6
Butte,123.21
Madera,156.02
Tulare,88.78
Glenn,143.61
Stanislaus,151.48
Madera,155.53
Madera,151.77
Kern,224.44
Glenn,126.21
Fresno,120.89
Fresno,150.86
Madera,155.33
San Joaquin,150.57
Madera,141.57
Fresno,176.68
Madera,139.89
Kern,149.4
Colusa,161.2
Stanislaus,174.82
Kern,211.39
Madera,143.05
San Joaquin,121.59
Kern,189.68
Fresno,168.28
Madera,153.65
Kern,233.21
Madera,137.02
Butte,127.74
Other,207.4
Stanislaus,120.87
Merced,185.47
Kern,152.33
Kern,71.66
Fresno,123.22
Merced,131.19
Other,214.83
Stanislaus,174.54
Kern,158.18
Merced,148.99
Kern,212.62
Tulare,162.86
Other,217.92
Merced,165.73
Kern,177.52
Merced,58.82
Other,151.72
Other,189.34
Fresno,153.09
Tulare,73.66
Kern,79.31
Merced,169.6
Stanislaus,119.35
Fresno,157.75
Stanislaus,131.64
Other,157.9
Other,183.52
Fresno,172.63
Kern,192.82
Butte,39.84
Stanislaus,146.48
Butte,123.89
Tulare,144.18
Fresno,197.74
Colusa,145.4
Stanislaus,113.21
Tulare,180.14
Fresno,171.11
Merced,160.9
Madera,111.38
Tulare,164.92
Butte,91.31
San Joaquin,45.9
Other,179.68
Stanislaus,87.79
Fresno,93.25
Kern,159.86
Stanislaus,128.14
Stanislaus,146.29
Stanislaus,155.36
Madera,181.76
Stanislaus,145.62
Merced,171.44
Tulare,178.52
Other,239.95
Other,204.93
Other,195.03
Stanislaus,168.4
Fresno,201.69
San Joaquin,59.58
Madera,200.18
Kern,184.39
Kern,131.62
Other,231.54
Fresno,167.87
Merced,132.45
Merced,134.87
Madera,129.0
Fresno,152.79
Butte,65.58
Kern,176.51
Fresno,57.61
Stanislaus,131.64
Kern,190.58
Butte,122.35
Kern,144.56
Butte,135.6
Madera,126.32
Madera,174.93
San Joaquin,153.54
Fresno,174.56
Tulare,165.24
Butte,164.25
Fresno,146.91
Butte,145.09
Stanislaus,65.77
Tulare,151.2
Kern,174.94
Other,149.24
Merced,148.22
Stanislaus,150.26
Tulare,103.57
Madera,140.98
Stanislaus,151.86
Kern,57.04
Glenn,138.03
Madera,150.28
Stanislaus,132.96
Other,165.21
Butte,148.26
Other,223.74
San Joaquin,185.04
Merced,188.76
Stanislaus,139.67
Fresno,181.14
Fresno,206.35
Kern,137.48
Madera,217.9
Stanislaus,56.51
Merced,128.97
San Joaquin,148.14
Stanislaus,132.11
Fresno,150.56
Kern,155.02
Fresno,163.92
Fresno,153.9
Merced,156.64
Stanislaus,139.1
Other,181.54
Fresno,145.6
Madera,136.62
Fresno,201.99
Madera,175.72
Kern,177.52
Stanislaus,136.55
Kern,209.59
Stanislaus,186.64
Butte,105.59
Merced,189.92
Stanislaus,119.92
Stanislaus,157.25
Fresno,199.06
Madera,147.61
Kern,239.29
Other,53.34
Butte,149.88
Merced,130.71
Butte,124.74
Kern,201.04
San Joaquin,139.14
Other,59.03
Kern,223.65
Other,237.48
Stanislaus,114.82
Glenn,148.02
Madera,164.24
Kern,180.56
Fresno,133.75
Tulare,155.84
Other,199.98
Stanislaus,156.49
Butte,149.28
Merced,154.7
Fresno,77.15
Fresno,156.13
Colusa,146.02
Other,145.28
Kern,150.75
Madera,164.34
Madera,167.71
Butte,131.5
Colusa,135.57
Other,185.25
Merced,140.87
San Joaquin,168.75
Stanislaus,211.87
Other,202.95
Glenn,149.77
Madera,158.99
San Joaquin,104.31
Butte,123.55
Merced,137.58
Fresno,166.96
Fresno,154.0
Fresno,160.58
Fresno,137.09
Glenn,136.53
San Joaquin,156.96
San Joaquin,149.31
Kern,168.64
Fresno,160.48
Stanislaus,187.02
Colusa,120.39
Butte,110.98
Stanislaus,176.15
Colusa,162.07
Madera,135.33
Fresno,215.05
Stanislaus,130.03
Fresno,151.06
Kern,51.86
Stanislaus,178.89
Kern,181.58
Kern,141.52
Merced,168.93
Merced,125.78
Stanislaus,156.49
Other,179.19
Madera,161.67
Glenn,144.44
Merced,124.03
Kern,148.72
Stanislaus,168.59
Other,176.34
Madera,116.13
Other,130.06
Merced,121.03
Fresno,88.59
Butte,49.85
Madera,127.02
Madera,201.56
Stanislaus,126.91
Other,203.44
Stanislaus,181.91
Fresno,172.12
Tulare,182.09
San Joaquin,118.35
Butte,139.02
Fresno,80.9
Other,251.83
Kern,155.02
Merced,147.54
Butte,136.29
Stanislaus,172.94
Fresno,136.89
Other,162.98
Kern,208.91
Kern,190.69
Kern,198.68
Butte,136.46
Butte,161.94
Fresno,152.79
Butte,153.13
Madera,176.72
Stanislaus,145.06
Kern,179.89
Madera,205.72
Fresno,112.69
Fresno,150.96
Fresno,176.07
Fresno,151.57
Butte,125.09
Butte,140.99
Tulare,208.66
Fresno,183.87
Merced,142.42
Butte,153.64
Stanislaus,202.99
Colusa,107.67
Fresno,183.87
Stanislaus,48.48
Other,242.55
Fresno,173.74
Stanislaus,112.36
Fresno,86.16
Colusa,117.15
Kern,150.3
Merced,148.41
Kern,178.88
Kern,208.01
Merced,128.68
Stanislaus,169.06
San Joaquin,148.41
Other,182.66
Madera,118.9
Madera,139.99
Butte,134.92
Merced,142.32
Tulare,185.0
Fresno,170.71
Stanislaus,159.71
Kern,186.52
Glenn,154.1
Other,167.68
Kern,217.69
San Joaquin,133.47
Madera,178.0
Madera,64.65
Fresno,168.88
Colusa,161.2
Stanislaus,156.02
Kern,164.36
Glenn,124.79
Tulare,206.71
Stanislaus,110.66
Fresno,190.05
Other,193.79
Other,191.56
Madera,162.26
Merced,107.97
Other,130.06
Merced,105.65
San Joaquin,149.31
Stanislaus,135.23
Other,190.7
Other,183.77
Kern,66.6
Kern,183.26
Stanislaus,146.38
San Joaquin,140.4
Kern,182.14
Madera,69.6
Kern,53.78
Kern,214.76
San Joaquin,136.98
Madera,188.1
Merced,167.67
Fresno,157.44
Tulare,162.22
Merced,153.93
Butte,155.1
Fresno,193.49
Stanislaus,173.69
Other,194.91
Butte,108.41
Kern,174.49
Fresno,156.53
Madera,166.42
Fresno,201.28
Tulare,203.47
Other,154.19
San Joaquin,163.53
Merced,209.95
Colusa,132.94
Madera,123.85
Stanislaus,125.97
Fresno,190.96
Madera,216.22
Stanislaus,120.96
Colusa,132.15
Butte,119.02
Fresno,142.66
Stanislaus,169.63
Butte,116.02
Kern,153.0
Stanislaus,174.45
Fresno,187.52
Merced,129.16
Other,196.89
Glenn,103.48
Kern,158.4
Kern,159.64
Stanislaus,160.84
Kern,134.89
Madera,176.22
Other,121.52
San Joaquin,154.62
Other,175.72
Stanislaus,152.43
Butte,136.89
Kern,203.4
Butte,125.68
Other,202.33
Stanislaus,143.64
Colusa,126.62
Fresno,164.73
Fresno,193.79
Stanislaus,60.76
Fresno,189.94
Other,246.51
Madera,161.07
Other,185.62
Kern,166.84
Stanislaus,63.5
Other,60.76
Stanislaus,78.25
Other,202.08
Other,164.46
Fresno,198.04
Stanislaus,171.99
Other,182.9
Merced,40.34
Merced,72.85
Fresno,68.34
Stanislaus,142.51
Colusa,154.44
Stanislaus,108.96
Other,258.02
Madera,174.64
Kern,223.42
Stanislaus,121.53
Other,171.39
Butte,113.46
Fresno,169.49
Other,210.0
Glenn,145.52
Fresno,197.74
Butte,102.86
Glenn,145.35
Stanislaus,197.69
Colusa,103.28
Merced,151.12
Other,217.06
Fresno,143.67
Merced,142.32
Stanislaus,137.4
San Joaquin,167.49
Fresno,175.57
Fresno,145.39
Other,206.91
Madera,157.61
Butte,151.51
Glenn,164.42
Kern,150.52
Butte,162.11
Colusa,107.84
Stanislaus,160.84
Merced,82.91
Stanislaus,158.48
Fresno,160.68
Other,231.91
Madera,221.66
Madera,182.56
Madera,164.74
Stanislaus,162.92
Merced,135.93
Fresno,221.64
Fresno,136.59
Butte,156.12
Kern,174.94
Fresno,138.41
Merced,131.48
Kern,128.48
Merced,205.98
Madera,122.26
Glenn,149.68
Other,185.75
Fresno,183.46
Fresno,130.11
Colusa,201.82
Merced,115.52
Glenn,138.94
Glenn,135.86
Glenn,133.87
Merced,177.54
San Joaquin,157.86
Other,163.1
Butte,148.77
Tulare,177.34
Fresno,137.29
Merced,190.6
Tulare,55.51
Other,204.81
Fresno,154.51
Glenn,117.97
Kern,208.12
Glenn,118.8
Butte,143.38
Kern,135.22
Glenn,85.0
Stanislaus,201.0
Other,191.44
Fresno,187.72
Fresno,222.55
Merced,158.48
Fresno,143.07
Fresno,166.25
Stanislaus,148.93
Stanislaus,156.59
Kern,209.25
Merced,130.71
Stanislaus,148.27
Madera,107.02
San Joaquin,153.81
Butte,134.41
Stanislaus,190.32
Butte,173.82
Kern,199.69
Fresno,184.48
Stanislaus,159.42
Fresno,162.4
Colusa,107.23
Merced,125.87
Kern,211.95
Stanislaus,134.66
Fresno,166.76
Tulare,112.32
Stanislaus,143.83
Fresno,160.89
Merced,190.89
Stanislaus,173.22
San Joaquin,182.43
Stanislaus,145.53
Merced,49.92
Stanislaus,131.54
Butte,145.18
Merced,120.94
Other,259.26
Merced,154.22
Fresno,204.32
Fresno,212.22
Fresno,166.05
Fresno,185.39
Other,239.33
Stanislaus,134.47
Other,203.94
Fresno,137.4
Madera,152.06
Kern,179.32
Fresno,100.54
Kern,101.81
Other,176.72
Madera,153.25
Fresno,176.48
Fresno,118.26
Fresno,151.47
Fresno,123.73
San Joaquin,155.61
Other,201.09
Stanislaus,72.2
Merced,128.97
Glenn,117.13
Butte,138.08
Fresno,73.41
Colusa,138.21
Kern,148.39
Kern,165.94
Other,183.52
Kern,154.01
Kern,202.84
Kern,193.84
Other,220.15
Stanislaus,54.53
Other,174.61
Stanislaus,115.2
Other,130.8
Kern,151.65
Colusa,117.94
Stanislaus,161.31
Stanislaus,171.23
Merced,148.41
Merced,146.77
Madera,156.42
Kern,186.08
Stanislaus,155.07
Colusa,132.59
Merced,148.03
Kern,162.23
Merced,114.46
Stanislaus,177.85
Tulare,236.09
Tulare,147.1
Kern,176.62
Butte,112.86
Stanislaus,182.57
Kern,172.91
Merced,130.9
Madera,179.19
Butte,88.92
Kern,164.25
Stanislaus,141.47
Kern,223.31
Fresno,142.66
Madera,146.02
Colusa,146.02
Stanislaus,103.57
San Joaquin,72.99
Other,178.45
Fresno,188.32
Merced,172.21
San Joaquin,168.93
Butte,154.33
Madera,123.65
San Joaquin,185.76
Stanislaus,149.31
Merced,135.45
Fresno,118.66
Other,193.05
Madera,161.86
Butte,117.9
Kern,190.24
Kern,91.01
Other,195.4
Kern,203.62
Glenn,139.78
Madera,61.48
Other,162.98
Tulare,181.01
Kern,171.79
Colusa,127.33
Tulare,231.12
Butte,56.43
Other,195.4
Stanislaus,159.14
Kern,196.42
Stanislaus,144.11
Other,201.84
Kern,74.7
San Joaquin,74.79
Merced,144.25
Colusa,151.28
Fresno,145.8
San Joaquin,121.23
Stanislaus,170.48
Kern,165.38
Madera,171.17
Merced,121.61
Kern,51.3
Glenn,145.1
Fresno,120.08
Kern,215.89
Madera,143.15
Merced,176.28
Fresno,140.13
Fresno,157.04
Stanislaus,145.34
Glenn,123.54
Glenn,161.59
Kern,223.99
Merced,157.03
Madera,132.56
Butte,101.57
Madera,166.42
Fresno,152.79
Other,162.24
Fresno,133.04
Kern,162.56
Stanislaus,127.86
Tulare,178.63
Stanislaus,146.19
Other,204.06
Tulare,127.01
Madera,163.84
Other,181.79
Other,130.68
Merced,134.48
Other,150.98
Stanislaus,113.12
Stanislaus,121.05
Fresno,129.9
Fresno,154.0
Madera,54.45
Fresno,178.0
Kern,223.31
Kern,149.96
Tulare,56.48
Kern,191.36
Kern,173.36
Stanislaus,77.77
Fresno,129.09
San Joaquin,105.48
Tulare,204.98
Fresno,167.57
Stanislaus,148.74
Butte,118.93
Colusa,130.4
Stanislaus,168.4
Other,160.13
Kern,227.59
Butte,95.42
Glenn,170.91
Madera,169.39
Stanislaus,175.77
Fresno,171.52
Glenn,57.36
Other,215.57
Kern,219.71
Stanislaus,52.73
Merced,146.19
Other,172.76
San Joaquin,103.5
Other,81.55
Tulare,90.61
Madera,155.03
Colusa,115.74
Kern,170.44
San Joaquin,139.59
Other,219.28
San Joaquin,129.78
Madera,158.1
Merced,165.54
Colusa,124.08
Merced,153.16
Butte,130.13
Fresno,105.0
Madera,51.88
Stanislaus,152.43
Fresno,198.65
Stanislaus,165.28
Tulare,153.36
Merced,56.6
Fresno,148.13
Tulare,80.24
Kern,238.84
Other,156.54
Kern,163.58
Butte,154.5
Other,193.92
Kern,178.09
Stanislaus,142.51
Kern,204.98
Madera,198.59
Kern,100.69
Merced,133.61
Glenn,156.76
Kern,120.49
Madera,156.62
Tulare,179.82
Butte,155.78
Fresno,186.0
Madera,128.5
Colusa,125.13
Butte,127.14
Other,200.48
Madera,111.97
Stanislaus,55.19
Merced,179.96
Merced,155.19
Kern,152.33
San Joaquin,200.25
Other,175.48
Butte,110.98
Kern,154.01
Other,174.12
Fresno,155.72
Fresno,154.2
Madera,122.07
San Joaquin,125.64
Colusa,154.09
Fresno,121.9
Butte,87.72
Other,210.62
Fresno,155.72
Tulare,172.48
Madera,134.05
Fresno,112.89
Fresno,105.7
Stanislaus,174.92
Stanislaus,179.46
Other,232.03
Fresno,166.56
San Joaquin,129.51
Fresno,157.34
Other,149.24
Stanislaus,148.55
Madera,172.16
Fresno,165.85
Fresno,155.22
Merced,149.19
Stanislaus,176.43
San Joaquin,159.21
Tulare,144.07
Stanislaus,135.8
Fresno,176.98
Madera,171.96
Other,179.07
Madera,185.92
Fresno,197.34
Kern,130.5
Colusa,160.49
Other,67.2
Madera,193.94
Butte,87.81
Madera,156.12
Colusa,103.28
Butte,103.2
Merced,158.96
Kern,184.28
Kern,138.26
Fresno,216.17
Stanislaus,161.03
Butte,150.91
Stanislaus,151.67
Other,168.55
Glenn,141.86
Stanislaus,128.05
Other,213.1
Colusa,142.51
Kern,214.54
Kern,199.01
Merced,155.86
Kern,185.74
Stanislaus,133.62
Other,61.88
Madera,172.76
Kern,249.08
San Joaquin,142.56
Butte,144.41
Merced,136.9
Fresno,147.01
Fresno,91.33
Kern,212.85
Kern,160.43
Kern,148.61
Stanislaus,149.31
Kern,209.02
Kern,227.92
San Joaquin,139.23
Kern,159.19
Merced,189.92
Butte,96.27
Other,239.08
Other,176.59
Fresno,202.2
Glenn,129.54
Glenn,129.54
Colusa,48.35
Madera,186.81
Butte,61.39
Kern,183.15
Other,207.16
Butte,149.97
Other,185.13
Other,160.63
Fresno,172.94
Madera,129.1
Butte,141.59
Stanislaus,159.04
Glenn,143.77
Fresno,134.36
Stanislaus,142.51
Kern,67.16
Other,163.97
Other,170.4
Other,64.84
Stanislaus,196.28
San Joaquin,123.03
Kern,217.8
Merced,164.96
Merced,151.99
Kern,218.25
Stanislaus,156.68
Tulare,213.62
Other,253.19
Other,200.1
Fresno,133.75
Butte,126.03
Tulare,132.95
Other,213.72
Fresno,151.06
Madera,131.08
Tulare,187.92
Kern,139.39
Kern,60.86
Stanislaus,72.39
Madera,143.65
Stanislaus,104.99
Merced,171.92
Kern,178.09
Colusa,118.9
Fresno,176.98
Madera,140.98
Glenn,133.7
Other,237.97
San Joaquin,95.31
Madera,128.3
Merced,217.4
Glenn,173.33
Colusa,151.02
Madera,177.8
Stanislaus,96.48
Merced,185.37
Stanislaus,72.29
San Joaquin,132.66
Tulare,159.08
Fresno,167.47
Stanislaus,144.49
Stanislaus,172.27
Merced,127.32
Tulare,162.43
Butte,130.99
Stanislaus,112.55
Butte,138.08
Kern,85.95
Madera,167.71
San Joaquin,139.95
Stanislaus,170.76
Madera,121.47
Merced,152.48
Kern,135.0
Kern,127.58
Madera,173.15
Butte,121.75
Other,192.18
Kern,181.46
Colusa,108.37
Tulare,209.41
Fresno,187.01
Stanislaus,143.17
Fresno,157.24
Madera,89.2
Madera,203.44
Kern,212.51
Fresno,163.32
Kern,157.61
Kern,191.48
Fresno,186.2
Other,235.0
Other,188.84
Merced,155.77
Other,104.69
San Joaquin,103.86
Stanislaus,144.87
Glenn,141.52
Butte,139.11
Kern,173.48
Stanislaus,188.72
Kern,164.02
Other,172.01
Madera,136.42
San Joaquin,140.76
Glenn,141.52
Fresno,148.64
Merced,147.93
Stanislaus,183.9
Fresno,149.04
Kern,175.28
Kern,184.39
Fresno,112.08
Kern,120.6
Merced,76.14
Fresno,174.86
Tulare,174.85
Merced,141.64
Glenn,153.01
Butte,122.09
Madera,175.03
Merced,120.07
Madera,93.16
Other,174.86
Madera,176.22
Merced,147.06
Other,180.43
San Joaquin,47.7
Other,88.23
Fresno,76.24
Other,166.57
Butte,126.45
Fresno,202.1
Fresno,103.17
Glenn,114.05
Merced,144.64
Kern,144.79
Madera,164.83
Other,241.19
Stanislaus,152.33
Tulare,208.12
Madera,165.73
Other,192.31
Other,232.16
Merced,150.83
Kern,200.14
Butte,187.07
Tulare,133.6
Stanislaus,131.36
Butte,116.19
Stanislaus,184.28
San Joaquin,161.82
Kern,143.21
Tulare,208.33
Other,252.57
Fresno,183.77
Kern,171.23
Butte,138.08
Tulare,219.67
Kern,218.14
Glenn,138.44
Butte,105.42
Butte,154.67
Merced,155.67
Stanislaus,137.5
Kern,168.98
Tulare,155.95
Butte,123.55
Stanislaus,145.91
Stanislaus,138.63
Fresno,148.13
Colusa,130.22
Merced,161.57
Madera,139.39
Tulare,129.17
Other,227.33
Fresno,136.48
San Joaquin,42.48
Merced,160.12
Butte,150.48
Stanislaus,125.87
Butte,176.04
Kern,145.91
Stanislaus,43.85
Merced,81.27
Fresno,201.59
Other,145.53
Colusa,143.21
Kern,173.7
Stanislaus,120.39
Stanislaus,53.49
Butte,103.28
Merced,160.9
Other,188.22
Merced,168.83
Other,177.21
Kern,114.08
San Joaquin,100.89
Fresno,102.57
San Joaquin,54.45
Merced,118.42
Madera,187.21
Merced,118.42
Merced,146.48
Fresno,176.28
Colusa,141.19
Other,180.43
Kern,177.75
Kern,157.84
Stanislaus,189.0
Madera,57.72
Fresno,179.01
Kern,133.43
Stanislaus,138.82
Fresno,152.89
Kern,158.74
Madera,181.07
Stanislaus,141.75
Fresno,134.36
Merced,156.35
Merced,162.15
Kern,218.81
Madera,201.27
Madera,160.78
San Joaquin,195.12
Kern,133.88
Fresno,150.86
Fresno,125.85
Stanislaus,135.89
Butte,149.8
Madera,119.59
Fresno,175.67
Other,144.54
San Joaquin,109.53
Other,234.38
Stanislaus,66.81
Other,109.15
Fresno,166.46
Fresno,167.77
Stanislaus,147.8
Other,180.06
San Joaquin,158.85
Butte,95.93
Fresno,148.94
Madera,176.02
Glenn,130.95
Madera,145.04
Tulare,170.53
Fresno,148.03
Fresno,169.59
Madera,142.76
Butte,160.57
Merced,157.41
Colusa,141.45
Stanislaus,134.1
Glenn,155.43
Kern,147.94
Stanislaus,174.35
Butte,143.98
San Joaquin,145.8
Madera,165.92
Butte,162.19
Madera,144.34
Madera,153.05
San Joaquin,164.16
Kern,167.85
Fresno,177.59
Other,204.93
Kern,137.59
Tulare,212.44
Madera,154.04
Merced,120.07
Fresno,200.88
Other,196.39
San Joaquin,142.56
Other,245.15
Butte,121.67
Kern,217.01
Stanislaus,164.81
Merced,178.12
Other,190.33
San Joaquin,105.66
Stanislaus,153.75
Fresno,166.86
Kern,160.09
Fresno,169.49
Merced,139.8
Kern,166.95
San Joaquin,121.59
Butte,148.09
Butte,143.64
Other,150.98
Merced,139.22
Madera,46.53
Madera,187.7
Kern,208.46
Fresno,150.86
Stanislaus,158.85
Madera,159.29
Tulare,198.72
Butte,154.84
Other,195.52
San Joaquin,55.26
Merced,163.6
San Joaquin,140.49
Madera,190.77
Kern,211.84
Glenn,119.13
Madera,149.0
Butte,154.84
Madera,110.38
Merced,142.42
Other,146.89
Other,186.86
Butte,142.96
Other,212.6
Other,139.34
Fresno,156.84
Other,159.88
Merced,155.67
Kern,164.14
Kern,210.71
Madera,166.52
Stanislaus,134.57
Stanislaus,127.01
Glenn,150.27
Other,214.21
Madera,73.76
Madera,122.96
Fresno,134.16
Butte,137.23
Stanislaus,166.7
Tulare,180.68
Madera,198.2
Kern,168.19
San Joaquin,165.69
Other,245.27
San Joaquin,146.52
Colusa,61.34
Other,216.56
Kern,141.75
Madera,70.69
Stanislaus,159.61
Kern,71.55
Fresno,173.04
Colusa,58.44
Kern,192.15
Merced,164.38
Tulare,163.19
Butte,132.01
Other,233.89
Other,146.64
Stanislaus,186.35
Other,150.36
Stanislaus,112.64
Stanislaus,163.3
Kern,139.28
Madera,187.6
Kern,162.23
Madera,196.22
Kern,169.42
Madera,163.75
Colusa,154.53
Kern,184.84
Merced,166.99
Tulare,129.82
Fresno,196.32
Stanislaus,117.18
Butte,117.9
Stanislaus,154.04
Merced,127.03
Stanislaus,143.07
Colusa,40.28
Fresno,157.65
Merced,147.64
Merced,160.8
Butte,61.56
Stanislaus,104.9
Butte,119.02
Fresno,65.81
Stanislaus,115.29
Butte,163.13
Madera,173.15
Madera,201.27
Butte,77.12
Other,191.44
Fresno,138.41
Other,149.74
Other,214.09
Colusa,154.79
Kern,202.73
Colusa,129.61
Butte,139.02
Butte,56.09
Kern,214.99
Tulare,123.44
Fresno,205.54
Madera,144.14
San Joaquin,94.41
Glenn,87.16
Other,63.11
Kern,224.89
Stanislaus,185.5
Fresno,185.49
Madera,172.95
San Joaquin,140.22
Fresno,179.42
San Joaquin,161.73
Stanislaus,154.6
Kern,140.18
Merced,146.67
Kern,176.4
Stanislaus,88.36
Fresno,143.17
Stanislaus,152.33
Stanislaus,191.17
Kern,232.76
Kern,207.9
Kern,197.21
Butte,163.65
Glenn,145.94
San Joaquin,134.37
Tulare,192.78
Merced,75.66
Madera,173.74
Kern,206.1
Stanislaus,154.04
Glenn,130.2
San Joaquin,59.85
Other,189.09
Merced,128.1
Merced,190.98
Fresno,120.69
Madera,112.36
Other,120.78
Stanislaus,188.34
Merced,186.05
San Joaquin,131.76
Fresno,180.83
Madera,158.5
Other,216.81
Stanislaus,135.23
Fresno,140.74
Merced,151.99
Kern,183.38
Stanislaus,78.81
Stanislaus,155.17
Stanislaus,116.71
Fresno,143.27
Other,202.83
Other,204.56
Fresno,143.88
Stanislaus,63.69
Fresno,133.24
Glenn,157.84
Fresno,125.55
Kern,166.05
Fresno,163.01
Stanislaus,154.51
Other,244.04
Other,96.28
Fresno,199.16
Madera,198.49
Stanislaus,142.13
Fresno,171.72
Fresno,195.82
Fresno,142.05
Fresno,114.51
Fresno,145.7
Fresno,151.57
Kern,161.66
Butte,138.34
San Joaquin,158.76
Butte,156.89
Other,170.03
Kern,130.61
Other,228.32
Madera,172.36
Butte,132.01
Merced,132.84
Fresno,110.46
Other,198.5
Kern,134.78
Kern,157.39
Fresno,199.16
Madera,168.4
Glenn,124.04
Tulare,195.7
Butte,139.88
Fresno,176.48
Glenn,102.31
Other,213.47
Kern,151.09
Kern,218.59
Madera,134.44
Fresno,126.26
Kern,210.94
Tulare,187.6
San Joaquin,169.11
Butte,145.26
San Joaquin,171.18
Butte,123.29
Merced,156.64
San Joaquin,145.44
Other,97.64
Fresno,45.87
Fresno,145.19
Stanislaus,130.5
Madera,165.03
Fresno,140.33
Kern,79.31
Stanislaus,149.4
Stanislaus,122.19
Stanislaus,119.45
Other,188.6
Stanislaus,146.1
Merced,155.19
Merced,44.99
Merced,198.24
Merced,150.35
Fresno,138.31
Stanislaus,110.85
Kern,205.31
Fresno,168.28
Kern,158.29
San Joaquin,199.26
Butte,137.91
Merced,157.51
Stanislaus,156.11
Butte,127.99
Kern,182.14
Colusa,141.8
Merced,174.54
Colusa,130.92
San Joaquin,87.66
Madera,184.04
Stanislaus,114.35
Stanislaus,170.86
Glenn,92.74
Madera,122.66
Stanislaus,124.46
Stanislaus,60.01
Other,236.12
Merced,139.03
Kern,148.95
Kern,171.9
Kern,155.93
Butte,132.1
Stanislaus,129.46
Fresno,185.19
Madera,130.48
Butte,80.88
Stanislaus,205.16
Madera,137.61
Colusa,157.77
Tulare,81.65
Kern,132.64
Colusa,149.53
Colusa,124.34
Colusa,107.67
Other,193.54
Glenn,119.21
Merced,168.34
Kern,187.2
Butte,105.25
Tulare,140.62
Merced,42.67
Fresno,151.17
Colusa,191.65
Fresno,66.22
Fresno,195.11
Kern,169.76
Other,185.38
Fresno,168.88
Kern,183.26
Merced,158.48
Madera,119.0
Madera,191.86
Stanislaus,57.83
Fresno,178.5
Kern,141.86
Butte,125.26
Tulare,160.16
Glenn,150.43
Other,231.16
Merced,154.8
Stanislaus,162.07
Other,226.46
Other,185.13
Tulare,200.23
Other,181.66
Madera,162.46
Merced,154.61
Stanislaus,117.75
Glenn,158.76
San Joaquin,101.34
Kern,50.06
San Joaquin,136.8
Fresno,166.05
Madera,152.95
San Joaquin,139.5
Fresno,162.51
Fresno,143.98
Merced,165.93
Merced,144.83
Stanislaus,167.83
Other,250.35
Kern,205.99
Madera,212.06
Kern,202.05
Kern,218.02
Kern,152.21
Fresno,116.34
Kern,166.28
Merced,198.14
Merced,160.02
Merced,143.09
San Joaquin,145.71
San Joaquin,109.98
Fresno,183.46
Merced,139.32
Kern,93.15
Butte,131.16
Madera,183.94
Madera,161.17
Stanislaus,126.63
Stanislaus,167.64
Stanislaus,114.16
Butte,149.11
Other,164.09
Kern,60.08
Madera,159.29
Kern,85.84
Fresno,146.2
Butte,137.23
Merced,149.09
Butte,136.71
Fresno,55.48
Other,174.12
Merced,195.14
Colusa,198.49
Butte,120.04
Stanislaus,149.22
Glenn,125.46
Kern,153.79
Glenn,117.38
Stanislaus,69.08
San Joaquin,116.64
San Joaquin,134.73
Kern,216.0
Fresno,197.13
Kern,193.95
Glenn,147.02
Butte,137.66
Stanislaus,149.78
Merced,71.89
Merced,139.71
Merced,172.89
San Joaquin,157.95
Merced,181.02
Glenn,42.29
Kern,137.48
Kern,171.56
Stanislaus,180.97
San Joaquin,97.02
Fresno,174.86
Butte,109.44
Colusa,114.16
Fresno,128.38
Kern,201.49
San Joaquin,129.96
Kern,65.25
San Joaquin,178.29
San Joaquin,126.0
Fresno,216.27
Merced,161.48
Merced,156.06
Stanislaus,132.68
Stanislaus,145.44
Stanislaus,116.99
Kern,161.44
Kern,177.75
Fresno,125.45
Colusa,146.54
Colusa,125.04
Madera,163.65
Merced,170.38
Stanislaus,158.1
Tulare,161.57
San Joaquin,108.36
Madera,208.99
Stanislaus,136.93
Fresno,135.17
Tulare,114.37
Fresno,175.16
Kern,216.56
Merced,65.89
Merced,178.6
Butte,134.92
Stanislaus,161.12
Kern,127.12
Butte,153.99
Kern,181.46
Stanislaus,144.77
Merced,196.6
Butte,118.25
Fresno,107.12
Merced,159.83
Fresno,198.45
Stanislaus,190.8
Kern,174.26
San Joaquin,161.73
Merced,161.77
San Joaquin,64.17
Stanislaus,169.63
Madera,161.47
Fresno,52.75
San Joaquin,145.98
Butte,171.34
Butte,153.64
Kern,145.01
Other,218.17
Stanislaus,56.42
Fresno,110.67
Butte,143.04
Fresno,165.75
Butte,100.72
San Joaquin,128.43
Stanislaus,154.41
Kern,200.36
Kern,188.32
Fresno,166.15
Butte,159.97
Other,227.82
Fresno,172.94
Kern,186.98
Butte,41.98
Kern,65.03
Stanislaus,171.71
Merced,151.8
Kern,170.32
Kern,162.0
Other,157.16
Other,150.23
Butte,161.94
Glenn,119.88
Colusa,59.23
Madera,161.17
Tulare,85.97
Butte,97.73
Madera,148.8
Madera,169.19
Kern,202.05
Fresno,168.28
Kern,206.78
Fresno,152.28
Colusa,134.43
Madera,137.71
Merced,73.05
Butte,117.48
Merced,164.96
Merced,151.22
Merced,161.86
Fresno,169.7
Other,163.23
Kern,158.74
Fresno,145.7
San Joaquin,144.36
Butte,131.41
Madera,65.24
Glenn,113.3
Other,169.04
Kern,192.04
Other,251.21
Fresno,148.23
San Joaquin,163.89
Merced,142.61
Kern,49.5
Fresno,174.05
Other,213.59
Tulare,156.71
Kern,204.86
Merced,195.63
Stanislaus,121.9
Stanislaus,126.82
Other,182.9
Madera,132.56
Stanislaus,153.09
Stanislaus,138.25
Tulare,133.6
Merced,146.67
Fresno,55.59
Stanislaus,123.32
San Joaquin,159.03
Merced,196.11
Other,168.67
San Joaquin,163.8
San Joaquin,168.48
Kern,191.36
Tulare,205.2
Stanislaus,159.42
Merced,185.86
Colusa,133.47
Merced,70.63
Kern,129.38
Kern,56.7
Fresno,186.1
Merced,122.78
Fresno,109.65
Tulare,165.89
Fresno,146.0
Merced,140.58
San Joaquin,103.05
Merced,165.83
Other,162.98
Madera,171.37
Kern,192.71
Butte,149.45
Butte,157.83
Glenn,115.63
Tulare,195.8
Colusa,144.44
Kern,181.69
Fresno,182.15
Fresno,103.88
Fresno,168.68
San Joaquin,108.09
Fresno,121.3
Other,172.14
Merced,136.9
Kern,186.08
Stanislaus,46.02
Merced,183.15
Tulare,173.88
Colusa,142.07
Kern,199.12
Stanislaus,135.99
Kern,204.19
Other,194.16
Stanislaus,131.07
Colusa,146.37
Stanislaus,132.21
Tulare,145.8
San Joaquin,123.66
Other,197.5
Fresno,161.49
Other,203.07
Butte,119.36
Other,169.29
Merced,186.73
Butte,159.03
San Joaquin,97.02
Merced,167.86
Butte,126.2
Kern,157.73
Kern,176.62
Kern,185.29
Madera,155.83
Tulare,168.8
Butte,126.97
Other,194.54
Other,189.46
Other,65.34
Merced,214.4
Tulare,173.77
Fresno,190.86
Madera,180.58
Colusa,112.23
Kern,189.45
Merced,155.57
Stanislaus,165.28
Colusa,129.52
Butte,116.79
Merced,197.37
Colusa,132.68
Other,207.03
Butte,51.64
Fresno,143.07
Fresno,200.98
Merced,118.71
Other,149.49
Stanislaus,154.04
Fresno,183.97
Madera,186.81
Butte,153.99
Kern,166.5
Other,199.86
Madera,176.32
Merced,164.57
Merced,167.67
Other,56.18
Other,239.58
Glenn,94.82
Colusa,126.54
Tulare,190.62
Merced,181.41
Fresno,153.5
Butte,142.87
Merced,163.8
Stanislaus,138.63
Madera,141.67
Merced,123.16
Madera,139.89
Butte,141.25
Other,173.62
Colusa,156.98
Stanislaus,133.91
Stanislaus,170.38
Fresno,172.63
Stanislaus,160.65
Tulare,161.78
Kern,179.55
Butte,174.68
Butte,141.07
Madera,51.78
Butte,128.08
Madera,154.64
Colusa,158.21
Tulare,176.69
San Joaquin,166.5
Merced,148.7
Kern,140.29
Other,162.48
Colusa,158.13
Merced,150.25
Other,72.89
Madera,46.63
Fresno,121.6
Madera,75.54
Glenn,113.22
Kern,168.41
Fresno,187.52
Stanislaus,162.92
Stanislaus,38.84
Kern,85.28
Fresno,188.83
Other,178.82
Kern,192.82
Other,232.4
Other,144.42
Other,174.12
Other,89.72
Other,179.31
Stanislaus,170.01
Fresno,200.78
Madera,181.96
Kern,181.91
San Joaquin,166.77
Stanislaus,149.78
Madera,129.39
Madera,172.56
Kern,167.74
Butte,126.28
Stanislaus,165.56
Merced,161.57
Butte,152.28
Merced,160.6
Butte,163.48
Tulare,56.92
Other,212.48
Kern,218.7
Madera,146.02
Kern,221.29
Other,176.84
Stanislaus,111.6
Butte,63.01
Fresno,149.34
Stanislaus,206.67
Merced,194.47
Butte,79.34
Kern,197.78
Glenn,110.39
Tulare,128.2
Kern,162.79
San Joaquin,136.71
Colusa,146.37
Other,190.58
Butte,110.38
Butte,144.24
Stanislaus,122.85
San Joaquin,101.88
Fresno,187.21
Madera,128.7
Madera,146.92
Fresno,161.7
Fresno,190.55
Merced,184.02
San Joaquin,126.72
Other,237.35
Tulare,161.78
Merced,193.79
Madera,135.53
Fresno,182.15
Kern,255.04
San Joaquin,102.24
Fresno,189.24
Stanislaus,149.88
Kern,153.68
Kern,172.91
Fresno,174.56
San Joaquin,103.86
Madera,171.07
San Joaquin,170.1
Kern,75.26
Butte,78.75
Other,58.16
Other,229.06
Colusa,143.38
Butte,102.0
Fresno,66.82
Tulare,199.91
Fresno,190.15
Kern,138.38
Kern,192.15
Stanislaus,133.91
San Joaquin,138.6
San Joaquin,135.81
Kern,170.89
Fresno,169.39
Fresno,144.08
Glenn,117.97
Fresno,136.48
Other,164.09
Stanislaus,167.45
Fresno,174.35
Kern,129.6
Stanislaus,150.16
Stanislaus,155.17
Kern,105.41
Fresno,157.04
Stanislaus,130.22
Butte,144.15
Other,258.02
Butte,125.0
Glenn,126.87
Other,225.22
Fresno,185.49
Fresno,159.27
Madera,148.3
Merced,131.39
Fresno,166.35
Other,223.49
Madera,149.09
Merced,173.38
Stanislaus,151.39
Stanislaus,123.51
Other,199.48
Fresno,137.09
San Joaquin,140.58
Other,180.8
Madera,126.32
Merced,108.65
Kern,146.59
Stanislaus,140.99
Tulare,197.64
Madera,127.71
Tulare,145.26
Merced,117.36
Fresno,147.82
Merced,122.58
Tulare,162.0
Other,186.37
Stanislaus,161.6
San Joaquin,86.13
Fresno,66.72
Kern,220.61
Fresno,183.87
Tulare,178.96
Kern,140.62
San Joaquin,153.0
Tulare,166.97
Madera,159.19
Fresno,59.03
Fresno,139.12
Butte,92.34
Other,197.75
Tulare,197.96
Tulare,186.52
Fresno,172.83
Fresno,177.29
Stanislaus,143.45
San Joaquin,177.12
Other,146.4
Merced,171.63
Fresno,45.66
Fresno,168.58
Fresno,115.93
Fresno,153.7
Kern,152.55
Madera,165.82
San Joaquin,166.95
San Joaquin,125.73
Other,194.66
Butte,111.15
Merced,160.6
Other,207.4
Kern,215.55
Merced,161.28
San Joaquin,165.24
Other,182.04
Glenn,126.96
Merced,161.19
Other,210.25
Glenn,169.25
Kern,129.15
Other,211.98
Colusa,183.57
San Joaquin,162.36
Stanislaus,113.4
Other,222.5
Fresno,192.38
Madera,70.88
Fresno,198.86
Stanislaus,142.41
Madera,136.22
Stanislaus,174.07
Stanislaus,170.95
Fresno,161.9
Stanislaus,213.0
Other,168.8
Butte,95.16
Merced,143.09
Stanislaus,153.0
Merced,138.64
Fresno,135.07
Fresno,179.42
Madera,88.11
Kern,163.24
Merced,175.7
Madera,147.81
Tulare,162.0
Madera,166.72
San Joaquin,147.78
Butte,111.32
Kern,194.85
Madera,168.3
Glenn,135.45
Kern,178.88
Madera,192.46
Stanislaus,109.53
Fresno,170.2
Merced,164.67
Stanislaus,53.01
Fresno,198.55
Madera,160.18
San Joaquin,162.36
Kern,181.24
Merced,151.51
Fresno,134.16
Other,67.57
Glenn,128.87
Fresno,165.95
Fresno,177.19
Madera,166.72
Madera,74.94
Butte,147.23
Other,192.43
Fresno,179.62
Other,193.79
Fresno,171.82
Fresno,183.06
Merced,138.16
Kern,147.26
Merced,158.28
Glenn,140.78
Madera,161.86
Madera,117.22
Merced,68.11
Stanislaus,57.17
Merced,148.32
Kern,229.84
Other,180.68
Fresno,175.67
Madera,167.01
Stanislaus,120.96
Fresno,137.09
Merced,128.48
Kern,139.28
Madera,137.21
Colusa,63.62
Merced,137.87
Colusa,56.34
Tulare,199.69
Other,100.86
Fresno,51.23
Colusa,121.62
San Joaquin,139.95
Glenn,94.74
Fresno,153.6
Butte,163.99
Butte,123.55
Colusa,120.22
Kern,203.74
Kern,209.48
Glenn,138.78
Glenn,141.86
Fresno,192.68
Kern,134.66
Fresno,145.7
Madera,159.29
Butte,125.94
Butte,126.8
Other,181.17
Kern,183.04
Fresno,167.57
Butte,140.9
Butte,126.88
Kern,58.28
San Joaquin,101.16
Other,85.26
Other,158.65
Fresno,189.54
Tulare,172.04
Madera,124.34
Merced,180.73
Fresno,200.48
Merced,175.02
Tulare,161.68
Butte,65.75
Merced,184.31
Tulare,150.66
Fresno,53.36
Fresno,169.09
Tulare,156.71
Fresno,136.89
Tulare,135.43
Glenn,127.54
Colusa,169.62
Madera,181.37
Other,234.26
Kern,142.31
Merced,150.16
Fresno,179.21
Kern,201.6
San Joaquin,103.32
Other,89.72
Kern,109.8
Other,245.02
Kern,112.16
Tulare,180.04
Fresno,131.12
Madera,207.11
Kern,152.21
Stanislaus,149.69
Kern,191.92
Tulare,185.65
Tulare,157.25
Kern,183.04
Madera,192.06
Butte,131.33
Kern,186.3
Merced,144.45
Madera,178.89
Merced,134.1
Kern,187.2
Kern,90.79
Kern,147.04
Merced,129.16
Stanislaus,131.64
Kern,212.85
Butte,130.82
San Joaquin,171.0
Merced,77.11
Colusa,158.83
San Joaquin,109.26
Other,160.26
Fresno,150.46
San Joaquin,115.56
Butte,142.19
San Joaquin,37.08
Merced,149.38
Merced,200.37
Fresno,150.26
Fresno,172.83
Stanislaus,146.66
Stanislaus,155.45
Stanislaus,191.93
Kern,146.14
Tulare,160.92
Kern,196.54
Merced,50.89
Butte,144.07
Tulare,149.9
Kern,178.09
San Joaquin,172.53
Madera,159.09
Stanislaus,165.66
Kern,235.8
Other,241.06
Glenn,96.24
Other,222.13
Madera,165.73
Fresno,171.62
Kern,131.62
Kern,121.5
Merced,157.99
Merced,144.83
San Joaquin,128.52
Fresno,142.05
Fresno,179.21
Stanislaus,106.12
Fresno,129.4
Tulare,169.78
Other,227.33
Butte,136.12
Fresno,168.78
Other,147.63
Stanislaus,155.74
Madera,141.37
Fresno,140.03
Stanislaus,165.66
Merced,74.98
Tulare,152.71
Kern,220.73
Stanislaus,114.53
Butte,131.93
Fresno,178.1
Other,96.4
Glenn,159.17
Tulare,130.79
Madera,143.15
Kern,157.5
Other,161.0
Stanislaus,73.14
Kern,198.45
Stanislaus,194.1
Kern,165.04
Madera,164.54
Merced,139.32
Stanislaus,143.07
Fresno,193.39
Stanislaus,109.53
Stanislaus,131.64
Other,62.74
Other,211.24
Stanislaus,161.03
Fresno,118.77
Kern,207.9
Stanislaus,115.57
Merced,129.74
Stanislaus,139.95
Other,157.66
Glenn,124.38
Glenn,129.45
Kern,154.24
Tulare,154.44
Madera,143.65
Kern,60.64
Other,215.08
Fresno,167.16
Fresno,54.47
Kern,151.54
Merced,147.06
Kern,158.51
Kern,180.34
Madera,158.5
Other,259.88
San Joaquin,111.33
Tulare,106.38
Butte,121.67
Kern,150.75
Glenn,59.86
Merced,139.13
Other,228.2
Fresno,193.79
Colusa,156.46
Tulare,109.94
Merced,176.18
Fresno,163.01
Tulare,60.48
Merced,95.11
Madera,147.21
Butte,143.21
Madera,159.59
Kern,186.41
Tulare,210.28
Merced,148.7
Colusa,140.66
Kern,89.55
Fresno,153.09
Kern,120.82
Merced,142.9
Kern,152.55
Fresno,157.54
Kern,152.66
Stanislaus,150.63
Fresno,178.81
Fresno,179.72
Fresno,138.71
Butte,131.5
Fresno,187.72
Fresno,195.72
Fresno,66.02
Glenn,121.88
Butte,135.43
Madera,184.83
Butte,56.52
Kern,46.46
Glenn,114.88
Stanislaus,139.1
Fresno,148.64
Kern,193.39
Madera,151.17
Stanislaus,158.29
Fresno,153.7
Merced,170.38
Other,155.18
Madera,165.63
Glenn,128.95
Madera,139.29
Stanislaus,67.38
Colusa,159.09
Butte,121.32
Kern,178.88
San Joaquin,188.73
Fresno,161.39
Merced,131.68
Other,242.92
Merced,140.19
Other,137.36
Fresno,159.67
Other,199.73
Glenn,130.45
Other,156.79
Madera,169.98
Stanislaus,176.81
Other,230.55
Kern,174.82
Fresno,113.2
Fresno,146.61
San Joaquin,154.8
Stanislaus,170.57
San Joaquin,163.89
Other,186.49
Other,212.97
Kern,84.04
Glenn,186.4
Madera,112.07
Fresno,185.08
Kern,55.24
Other,183.03
Other,164.59
Kern,177.19
Other,161.25
Colusa,131.01
Stanislaus,170.48
Tulare,205.63
Stanislaus,138.92
Kern,160.76
Stanislaus,99.13
Fresno,179.21
Fresno,121.7
Stanislaus,169.25
Madera,193.84
Colusa,150.32
Fresno,130.21
Kern,113.74
Tulare,113.72
Butte,108.33
Stanislaus,190.23
Butte,113.46
Butte,56.69
San Joaquin,107.1
Fresno,126.36
Stanislaus,177.19
Kern,142.09
Fresno,130.31
Kern,157.95
Merced,195.34
Madera,113.06
Kern,136.69
Other,156.79
Fresno,134.66
Fresno,129.09
Butte,156.21
Fresno,115.02
Kern,176.4
Colusa,54.67
Merced,170.28
Fresno,164.13
Other,174.24
Kern,172.58
Tulare,172.26
Other,246.39
Tulare,204.12
Kern,80.78
Stanislaus,205.63
Stanislaus,129.84
Kern,193.5
Kern,204.3
Kern,205.2
Fresno,193.69
Colusa,150.84
Madera,152.26
Kern,194.96
Fresno,157.04
Kern,202.05
Merced,151.22
Madera,199.19
Merced,173.86
Butte,155.1
Kern,174.82
Tulare,146.56
Other,165.7
San Joaquin,133.83
Tulare,229.61
Fresno,102.97
Kern,208.24
San Joaquin,116.82
San Joaquin,110.79
Fresno,149.34
Merced,146.38
Merced,144.54
Glenn,47.04
Fresno,144.08
Colusa,181.55
Madera,135.04
Madera,160.28
Merced,167.47
Other,193.42
Colusa,148.82
Butte,47.45
Madera,203.05
Madera,130.48
Butte,141.16
Fresno,165.34
Other,161.0
San Joaquin,145.98
Stanislaus,177.09
Stanislaus,131.83
Colusa,71.52
Tulare,163.51
Glenn,67.18
Stanislaus,150.82
Tulare,68.8
Glenn,82.67
Other,193.67
Stanislaus,184.75
Other,250.35
Fresno,153.09
Glenn,121.63
Other,82.29
Madera,209.09
Glenn,105.23
Fresno,160.08
Fresno,159.87
Merced,186.15
Fresno,213.94
Other,188.97
Stanislaus,125.87
Other,212.48
Glenn,151.1
Other,210.5
Fresno,66.32
Madera,98.7
Glenn,119.21
Other,245.4
Butte,135.43
Kern,147.26
Madera,188.2
Madera,171.57
San Joaquin,43.74
Stanislaus,58.5
Madera,139.19
San Joaquin,53.64
Kern,179.44
Other,179.93
Kern,187.2
Other,134.76
Madera,177.8
Other,229.93
Madera,48.21
Madera,146.72
Kern,198.68
Kern,187.99
Merced,174.63
Butte,134.15
Kern,226.46
Kern,178.99
San Joaquin,156.69
Glenn,153.85
Fresno,160.18
Kern,103.5
Merced,64.73
Kern,65.48
Fresno,178.91
Kern,175.61
Other,184.76
Glenn,125.04
Kern,169.99
Stanislaus,148.93
Stanislaus,120.96
Kern,197.78
Kern,143.21
Stanislaus,150.73
Tulare,205.85
Merced,85.82
Tulare,54.86
Butte,94.48
Madera,210.47
Kern,169.2
Merced,46.05
Madera,184.54
Fresno,112.89
Fresno,143.78
Stanislaus,177.66
Tulare,186.08
Merced,77.88
Merced,128.97
Merced,140.77
San Joaquin,153.99
San Joaquin,132.66
Kern,158.96
San Joaquin,135.27
Madera,133.85
Other,106.92
Madera,131.08
Kern,191.14
San Joaquin,121.68
Madera,169.98
Fresno,122.51
Colusa,158.21
Madera,173.25
Kern,156.83
Kern,63.79
Kern,177.08
Stanislaus,128.43
Colusa,130.31
Fresno,76.34
San Joaquin,160.74
Kern,201.15
Merced,125.29
Other,154.07
Colusa,121.97
Other,209.63
Other,227.82
Butte,129.1
Butte,140.05
Colusa,94.51
Other,249.23
Merced,135.74
Stanislaus,121.81
San Joaquin,100.62
Butte,154.58
Butte,165.7
Fresno,161.49
San Joaquin,74.25
Butte,102.6
Merced,175.31
Stanislaus,171.52
Stanislaus,147.61
Kern,171.56
Madera,56.53
Stanislaus,128.24
Stanislaus,162.26
Stanislaus,54.62
Kern,216.23
Tulare,222.26
Madera,177.61
Stanislaus,132.96
Kern,147.04
Other,208.02
Madera,121.18
San Joaquin,125.01
San Joaquin,57.42
Fresno,133.24
Stanislaus,161.5
Glenn,159.76
Fresno,158.96
Madera,140.68
Stanislaus,151.86
Fresno,167.37
Fresno,181.24
Other,181.29
San Joaquin,161.28
Kern,185.85
Kern,182.25
Fresno,187.62
Glenn,137.95
Fresno,141.85
Other,236.24
Madera,172.06
San Joaquin,66.24
Kern,192.82
Madera,116.13
Butte,100.46
Fresno,38.88
Merced,162.15
San Joaquin,122.4
San Joaquin,154.71
Colusa,161.11
Stanislaus,164.71
Kern,156.94
Tulare,179.5
Stanislaus,155.64
Fresno,133.24
Madera,61.18
San Joaquin,149.22
Merced,143.87
Other,148.0
Glenn,154.68
Fresno,144.58
Fresno,187.92
Merced,70.43
Fresno,145.7
Kern,172.35
Butte,116.71
Merced,129.74
Other,193.67
Madera,129.29
Stanislaus,145.62
Stanislaus,150.54
Merced,170.67
Other,176.96
Madera,163.65
Glenn,47.37
Fresno,159.47
San Joaquin,146.34
Kern,112.95
Stanislaus,118.31
Stanislaus,165.94
Stanislaus,143.83
San Joaquin,191.25
Other,215.45
Fresno,94.97
Fresno,90.82
Stanislaus,108.58
Fresno,182.15
Fresno,182.86
Butte,97.73
Fresno,191.26
Kern,177.86
Fresno,172.43
Other,188.97
Kern,235.8
Stanislaus,116.8
Fresno,51.13
Kern,120.94
Stanislaus,150.63
Other,138.72
Kern,197.55
Merced,153.74
Kern,201.82
Merced,198.14
Colusa,149.09
Colusa,129.61
San Joaquin,138.69
San Joaquin,165.42
Kern,171.45
Merced,112.81
Stanislaus,130.41
Fresno,160.38
Madera,121.57
Colusa,136.8
Glenn,154.84
Merced,194.85
Stanislaus,197.69
Madera,146.92
Fresno,178.3
Fresno,150.96
Stanislaus,156.87
Kern,190.01
Merced,172.41
Fresno,155.01
Stanislaus,188.62
Stanislaus,190.13
Madera,121.37
Other,202.58
Fresno,186.2
Fresno,56.7
Kern,195.64
Madera,199.88
Stanislaus,169.34
Merced,146.38
Kern,195.98
Colusa,154.62
Tulare,199.04
San Joaquin,108.27
Butte,46.34
Madera,76.43
Madera,99.79
Fresno,215.46
Glenn,146.94
Stanislaus,163.67
Fresno,108.94
Kern,186.08
Kern,197.55
Madera,138.8
San Joaquin,158.13
Stanislaus,155.55
Colusa,133.29
Fresno,119.68
Stanislaus,127.01
Other,178.45
Madera,166.62
Fresno,154.41
Tulare,188.03
Other,208.77
Other,147.88
Fresno,155.82
Other,214.95
Stanislaus,99.7
Stanislaus,159.89
San Joaquin,156.51
Madera,122.96
San Joaquin,153.9
Glenn,95.07
Other,65.83
Kern,196.76
Stanislaus,168.87
Other,71.78
Fresno,154.0
Madera,166.02
San Joaquin,134.82
Kern,228.04
Fresno,148.23
Stanislaus,172.18
Tulare,117.83
Other,161.99
Fresno,58.12
Stanislaus,172.27
Kern,152.66
Stanislaus,145.53
Merced,202.5
Other,161.62
San Joaquin,144.54
Colusa,175.15
Fresno,183.67
Tulare,214.6
Stanislaus,39.12
Other,178.45
Fresno,154.41
Fresno,178.71
Merced,156.73
Fresno,97.0
Butte,156.29
Other,166.2
Stanislaus,108.3
Kern,186.41
Kern,171.56
Other,198.0
Fresno,217.59
Glenn,117.13
Butte,142.19
Madera,178.6
Stanislaus,117.56
San Joaquin,107.1
Merced,179.08
Other,195.28
Colusa,154.88
Fresno,121.6
Kern,163.91
Tulare,194.51
Merced,197.95
Kern,135.22
Kern,222.41
Glenn,103.56
San Joaquin,68.31
Merced,112.52
Tulare,61.67
Butte,144.07
Fresno,144.18
Kern,178.2
Stanislaus,192.21
Colusa,154.97
Stanislaus,110.09
Tulare,155.74
Other,216.56
Madera,181.37
Madera,182.56
Fresno,229.94
Kern,125.32
Other,209.76
Madera,164.24
Merced,227.36
Stanislaus,193.25
Kern,118.8
Stanislaus,137.12
Glenn,149.68
Madera,165.92
Madera,140.28
Merced,168.34
Tulare,155.3
Other,200.85
Merced,128.19
Glenn,154.1
Kern,189.68
Fresno,145.9
Fresno,61.76
Kern,120.94
Glenn,110.31
Kern,184.28
Other,138.97
Merced,144.16
Other,188.84
San Joaquin,168.3
Kern,188.1
Madera,110.88
Stanislaus,162.54
Colusa,158.65
Madera,63.36
Butte,129.45
Merced,66.56
Kern,167.06
Butte,139.79
Stanislaus,155.55
Tulare,197.86
San Joaquin,108.09
Merced,125.39
Madera,145.13
Stanislaus,134.57
Butte,124.49
Merced,159.83
Other,167.68
Madera,121.57
San Joaquin,142.29
Stanislaus,111.32
Fresno,193.29
Other,225.97
Tulare,53.03
Other,208.4
Butte,160.65
Butte,172.11
Tulare,189.54
Stanislaus,178.51
San Joaquin,168.3
Madera,149.59
Merced,179.18
Butte,155.18
Stanislaus,169.53
Other,181.05
Kern,213.64
Butte,169.8
Madera,125.83
Madera,125.14
Fresno,167.97
Kern,198.9
Fresno,177.8
Butte,114.66
Merced,111.46
Fresno,128.18
Fresno,124.13
Merced,120.55
Butte,144.07
Tulare,224.64
Fresno,157.54
Other,165.45
Fresno,186.1
Fresno,161.9
Other,66.08
Stanislaus,197.32
Stanislaus,120.68
Kern,151.09
Other,170.65
Fresno,212.62
Fresno,65.41
Kern,192.38
Stanislaus,157.44
Kern,207.79
Butte,164.5
Butte,118.76
Kern,132.75
Merced,202.5
Fresno,120.69
Madera,123.55
Butte,146.38
Merced,108.55
Tulare,164.38
San Joaquin,120.33
San Joaquin,111.51
Fresno,158.05
Madera,156.32
San Joaquin,118.17
Colusa,67.74
Stanislaus,150.54
Stanislaus,137.31
Stanislaus,147.7
Other,218.17
Stanislaus,132.58
Fresno,161.49
Butte,143.73
Tulare,183.17
Other,176.34
Madera,67.72
Kern,199.24
Merced,155.57
Kern,215.66
Fresno,150.05
Madera,157.9
Stanislaus,163.49
Fresno,151.06
Stanislaus,138.92
Kern,213.3
Tulare,162.86
Glenn,144.94
Merced,156.35
Madera,152.46
Fresno,151.37
Other,166.57
Other,87.74
Stanislaus,168.87
Butte,124.15
Madera,146.42
Stanislaus,129.65
Stanislaus,183.52
Stanislaus,96.96
Fresno,173.34
Stanislaus,38.93
Colusa,149.18
Stanislaus,184.56
Kern,170.89
Madera,155.43
Other,65.83
Stanislaus,116.24
Stanislaus,137.69
Butte,101.23
Stanislaus,132.68
Other,203.44
Kern,177.86
Merced,171.83
San Joaquin,137.97
Madera,159.49
Kern,191.48
Kern,172.8
Colusa,143.21
Other,171.39
Fresno,184.58
Madera,101.57
Fresno,136.18
Tulare,139.1
Kern,202.73
Tulare,185.87
Madera,205.72
Other,255.67
Kern,207.79
Colusa,138.56
Other,207.9
Other,252.94
Fresno,192.78
Merced,146.09
Butte,74.13
Merced,121.71
Other,214.46
Other,271.76
Glenn,127.21
Merced,131.0
Merced,120.55
Kern,172.35
San Joaquin,159.3
Madera,188.4
Kern,187.42
Other,158.52
Stanislaus,144.11
Kern,186.64
Kern,145.35
Kern,177.75
Kern,159.64
Stanislaus,137.31
Butte,135.43
Fresno,82.52
Madera,148.2
Kern,110.14
Other,225.47
Tulare,220.1
Kern,83.7
Fresno,182.15
Fresno,156.03
Madera,128.4
Stanislaus,180.02
Madera,149.49
Fresno,191.87
Merced,161.38
Kern,193.95
Stanislaus,128.05
Kern,212.96
Tulare,189.86
Stanislaus,48.38
Tulare,173.23
Merced,160.7
Kern,191.14
Merced,159.64
Madera,171.17
Madera,146.02
Madera,188.6
Other,195.52
Kern,194.62
Fresno,138.71
Butte,151.93
Merced,106.33
Merced,141.55
Madera,142.86
Fresno,85.35
Butte,159.97
Stanislaus,53.01
Kern,153.34
Stanislaus,156.96
Tulare,175.28
Other,196.89
Merced,162.64
Tulare,159.73
Other,157.16
Fresno,157.95
Fresno,85.66
Merced,136.61
Fresno,174.45
San Joaquin,140.94
Merced,176.28
Merced,74.01
Fresno,167.77
Fresno,202.7
Merced,159.64
Merced,170.18
Madera,111.87
Other,63.73
Other,241.31
Merced,146.0
Stanislaus,152.81
Kern,127.12
Tulare,189.54
Fresno,144.48
Merced,58.53
Kern,161.1
Butte,102.34
Colusa,146.02
Stanislaus,188.06
Stanislaus,114.63
Kern,174.15
Stanislaus,137.4
Kern,213.08
San Joaquin,133.29
Tulare,172.04
Tulare,197.1
Butte,181.69
Madera,154.94
Glenn,79.09
Merced,153.25
Madera,121.97
Other,214.83
Fresno,206.45
Other,77.34
Tulare,202.5
Stanislaus,141.28
Merced,45.18
Fresno,113.3
Glenn,119.55
San Joaquin,134.28
Stanislaus,147.61
Other,162.85
Tulare,219.24
Merced,175.12
Butte,154.76
Kern,141.52
Kern,174.94
Kern,195.19
Merced,177.15
Colusa,69.85
Fresno,121.2
Madera,115.24
Merced,154.99
Glenn,132.87
Other,188.47
Butte,150.22
Kern,197.89
Fresno,158.35
San Joaquin,82.89
San Joaquin,144.0
San Joaquin,168.84
Kern,178.54
Other,238.22
Kern,211.73
Madera,168.89
Merced,141.45
Other,208.89
Other,168.55
Other,157.53
Stanislaus,212.34
Merced,107.78
San Joaquin,132.03
Merced,140.96
Kern,136.35
Kern,175.05
Fresno,124.94
Kern,194.18
Fresno,54.17
Merced,160.51
Kern,188.21
Fresno,76.14
Other,213.1
Merced,136.71
Madera,122.96
Kern,206.1
Glenn,43.04
Fresno,138.61
Tulare,140.18
Madera,151.17
Stanislaus,148.55
Stanislaus,158.76
Tulare,176.04
Madera,186.91
Kern,213.75
Madera,168.4
Madera,148.1
Stanislaus,134.1
Madera,148.6
Fresno,158.25
Merced,81.27
Other,183.27
San Joaquin,104.76
Colusa,48.79
Stanislaus,70.59
Merced,152.48
Fresno,168.99
Kern,181.8
Fresno,192.58
Other,234.14
Madera,166.72
Kern,103.28
San Joaquin,121.23
Kern,193.28
Madera,120.88
Tulare,117.61
Merced,176.76
Kern,230.29
Butte,162.02
Merced,185.18
Kern,185.85
Other,177.21
Merced,99.56
Madera,171.47
Kern,228.15
Madera,118.9
Fresno,46.58
Fresno,210.4
Other,205.18
Stanislaus,175.96
Tulare,154.12
Madera,163.45
Merced,157.22
Tulare,155.41
Merced,130.81
Other,257.65
Tulare,204.23
Merced,54.95
Madera,182.56
Glenn,136.45
Glenn,126.29
Butte,150.99
Madera,120.38
Merced,143.19
Fresno,185.39
Kern,163.01
Fresno,200.17
Madera,146.22
Fresno,188.53
Fresno,60.04
Butte,117.22
Stanislaus,150.07
Fresno,70.27
San Joaquin,167.76
Merced,139.61
Stanislaus,45.64
Stanislaus,168.78
Butte,126.8
Merced,107.88
Other,196.52
Fresno,171.92
Stanislaus,140.99
Colusa,83.89
Stanislaus,156.02
Colusa,141.01
Butte,135.18
Tulare,187.6
Stanislaus,151.86
Madera,136.03
Kern,162.45
Stanislaus,150.73
Kern,138.04
Fresno,180.33
Butte,183.48
Kern,169.65
Fresno,134.97
Fresno,176.78
Other,210.25
Merced,125.0
Colusa,138.29
Other,203.94
Other,193.05
Kern,221.85
Madera,200.87
Butte,158.94
Butte,118.42
Other,95.04
Fresno,109.05
Tulare,173.56
Fresno,135.78
San Joaquin,199.71
Butte,127.57
Kern,189.45
Other,187.36
San Joaquin,141.57
Colusa,141.28
Fresno,127.98
Stanislaus,46.21
Stanislaus,97.52
Madera,154.44
San Joaquin,133.83
Fresno,211.11
San Joaquin,154.62
Stanislaus,157.06
Stanislaus,171.52
Fresno,131.12
Butte,104.05
Madera,170.58
Other,201.71
Kern,166.39
Kern,189.0
Madera,192.36
Fresno,144.38
Butte,156.72
Merced,140.48
Fresno,146.51
Kern,206.44
Kern,208.01
Tulare,180.68
Butte,137.48
San Joaquin,102.6
Fresno,153.9
Stanislaus,138.44
San Joaquin,128.79
Kern,187.31
Kern,216.79
Kern,192.49
Stanislaus,104.61
Madera,145.43
Tulare,67.5
Fresno,166.86
Kern,129.15
Kern,217.8
Other,53.83
Madera,162.46
Merced,211.79
Kern,138.38
San Joaquin,128.43
Kern,154.01
Stanislaus,155.55
Merced,157.41
Merced,184.6
Stanislaus,137.5
Kern,130.39
Fresno,183.97
Butte,135.09
Madera,162.16
Colusa,145.66
Fresno,141.55
Stanislaus,142.22
Stanislaus,142.79
Other,215.57
Madera,187.9
Kern,50.29
Kern,209.81
Fresno,198.25
Glenn,169.75
Butte,124.32
Butte,116.28
Merced,128.77
Madera,142.06
San Joaquin,47.61
Kern,166.61
Stanislaus,130.98
Other,102.96
Stanislaus,46.21
Other,231.54
Kern,197.66
Other,197.88
Fresno,179.31
Butte,190.49
Butte,68.57
Butte,114.31
Kern,151.2
Colusa,191.73
Fresno,143.57
Kern,51.98
Stanislaus,148.08
Butte,153.99
Colusa,117.76
Merced,142.42
Madera,167.9
Kern,205.99
Fresno,65.81
Merced,191.86
Other,235.74
Stanislaus,151.67
Madera,138.01
Merced,108.46
Fresno,235.2
Other,263.71
San Joaquin,161.46
Fresno,187.92
Fresno,168.48
Kern,171.34
Tulare,184.9
Other,187.23
Kern,181.69
Stanislaus,141.18
Madera,199.19
Fresno,158.46
Stanislaus,113.97
Stanislaus,142.22
Kern,109.69
San Joaquin,177.39
Madera,127.12
Kern,189.0
San Joaquin,146.34
Kern,155.93
Merced,143.96
Kern,171.56
Madera,151.47
Other,184.76
Kern,110.81
Merced,105.94
Other,229.8
Fresno,116.84
Kern,120.04
Fresno,141.55
Kern,171.56
Merced,88.04
Stanislaus,187.87
Tulare,206.82
Kern,197.21
San Joaquin,173.25
Colusa,112.67
Madera,154.44
Fresno,151.47
Stanislaus,154.7
Fresno,199.26
San Joaquin,158.85
Other,221.39
Kern,164.81
Other,228.2
Butte,125.26
Kern,69.86
Fresno,160.08
Merced,149.09
Madera,185.03
Fresno,130.82
Fresno,125.14
Colusa,141.8
Colusa,144.17
Other,202.33
Fresno,158.56
Butte,110.55
Butte,130.9
Madera,176.22
Butte,175.79
Merced,163.6
Kern,186.86
Fresno,187.01
Stanislaus,198.45
Stanislaus,49.99
Tulare,182.95
Other,276.09
Stanislaus,122.47
Madera,176.02
San Joaquin,117.72
Fresno,154.71
Stanislaus,148.65
Tulare,174.96
Tulare,163.84
Other,196.52
Butte,105.25
San Joaquin,104.67
Kern,189.11
Fresno,135.17
Other,167.56
Merced,169.99
Other,190.45
Fresno,167.97
Butte,38.99
Colusa,39.66
Other,136.0
Other,196.14
Stanislaus,112.64
Kern,194.4
Kern,144.0
Madera,175.43
Madera,119.49
Stanislaus,194.76
Madera,142.26
Other,189.58
Kern,199.12
Kern,200.25
Merced,46.05
Butte,105.42
Kern,192.6
Stanislaus,138.25
Fresno,133.75
Butte,47.45
Kern,140.29
Tulare,135.0
San Joaquin,162.27
San Joaquin,133.47
Stanislaus,130.79
Stanislaus,151.48
Stanislaus,52.83
Kern,186.52
Tulare,162.86
Colusa,193.4
Colusa,130.13
Stanislaus,178.32
Other,169.91
Kern,155.48
Kern,203.96
Madera,129.59
Colusa,94.16
Kern,192.6
Stanislaus,123.32
San Joaquin,130.41
Kern,160.99
Butte,89.09
San Joaquin,140.76
Tulare,168.16
Kern,73.69
Kern,194.06
Madera,178.5
Merced,83.3
Stanislaus,158.76
Stanislaus,192.21
Merced,106.42
Merced,150.45
Kern,202.39
Fresno,155.62
Merced,201.43
Merced,150.16
San Joaquin,144.81
Kern,152.78
Kern,168.75
San Joaquin,179.64
Kern,193.61
Stanislaus,140.24
Merced,134.87
Tulare,211.57
San Joaquin,176.4
Butte,134.92
Fresno,209.08
Butte,122.44
Other,86.25
Kern,131.29
Madera,150.88
Madera,164.74
Madera,189.39
Fresno,166.86
Kern,238.39
Fresno,126.97
Fresno,73.51
Fresno,161.7
Kern,93.49
Kern,212.85
Fresno,200.98
Merced,181.89
Stanislaus,185.6
Kern,133.54
Merced,138.16
Other,151.84
Fresno,130.0
Kern,230.51
Madera,140.68
Butte,68.57
San Joaquin,41.22
Merced,157.61
Madera,152.46
Merced,113.29
Kern,108.34
Madera,181.07
Tulare,135.76
Stanislaus,113.87
Fresno,144.79
Kern,163.46
Madera,162.95
Kern,229.5
Merced,131.48
Merced,159.93
Other,268.91
Fresno,200.27
Glenn,167.58
Glenn,135.53
Merced,120.55
Fresno,103.28
Stanislaus,173.12
Kern,193.61
Other,209.76
Kern,197.78
San Joaquin,152.1
Butte,142.27
Butte,132.27
Merced,167.47
Glenn,103.23
Kern,194.06
Stanislaus,126.54
Kern,194.18
Kern,211.39
Tulare,126.04
Stanislaus,162.35
Glenn,149.68
Fresno,102.46
Butte,152.62
Other,155.18
Glenn,123.29
Stanislaus,149.03
Stanislaus,121.24
Stanislaus,153.94
Madera,139.39
Stanislaus,159.14
Kern,215.89
Fresno,151.27
San Joaquin,133.02
Madera,164.34
Madera,187.7
Stanislaus,166.13
Fresno,148.03
San Joaquin,165.24
Kern,156.15
Tulare,142.88
Kern,155.93
Fresno,148.53
Merced,154.22
Fresno,174.86
Colusa,144.79
Merced,149.29
Kern,196.09
Stanislaus,173.03
Glenn,142.36
Merced,137.29
Fresno,194.2
Merced,164.86
Stanislaus,172.94
Madera,133.35
Kern,176.62
Fresno,175.87
Kern,144.34
Stanislaus,157.15
Madera,155.33
Other,80.68
Tulare,116.86
Stanislaus,148.36
Stanislaus,125.21
Colusa,149.96
Fresno,181.34
Madera,75.44
Madera,156.72
Kern,166.61
Fresno,166.76
Fresno,186.5
Madera,200.57
Madera,138.3
Tulare,118.8
Other,152.46
Butte,125.51
Other,173.13
Kern,184.05
Kern,153.0
Tulare,148.61
Kern,139.39
Other,60.64
Stanislaus,159.23
Madera,45.34
Kern,170.78
Stanislaus,166.89
Stanislaus,38.75
Madera,135.14
Other,186.0
Madera,149.29
Stanislaus,178.51
Other,227.58
Butte,145.09
Fresno,131.32
Fresno,130.82
Other,250.72
Other,157.9
Colusa,120.13
Other,178.32
Fresno,156.73
Kern,179.21
Madera,46.04
Other,207.03
Kern,203.18
Kern,159.98
Fresno,150.76
Kern,193.73
Merced,180.34
Madera,146.52
Other,79.08
Fresno,180.53
Tulare,197.96
Kern,210.94
Stanislaus,63.88
San Joaquin,106.11
Other,190.7
Stanislaus,100.08
Fresno,175.16
Kern,185.18
Glenn,140.03
Fresno,173.74
Madera,117.12
San Joaquin,133.83
Stanislaus,193.54
Tulare,143.53
Fresno,176.18
Fresno,71.99
Madera,156.32
Madera,102.37
Other,141.32
Other,111.99
Butte,179.04
Fresno,168.99
San Joaquin,156.6
Butte,123.03
Kern,179.78
Madera,185.13
Madera,176.32
Tulare,198.5
Other,240.82
Fresno,170.81
Madera,177.41
Kern,192.71
Glenn,149.6
Butte,148.68
Other,194.66
Stanislaus,150.54
Tulare,181.44
Butte,163.73
Tulare,164.38
Kern,70.76
Other,153.7
Fresno,164.13
Fresno,99.02
Merced,154.99
Fresno,204.83
Other,198.5
Madera,154.44
Merced,149.48
Madera,69.7
Fresno,164.53
San Joaquin,133.74
Madera,147.31
Merced,131.39
Stanislaus,144.77
Madera,141.57
Fresno,112.69
Butte,161.6
Kern,183.6
Fresno,145.29
Merced,188.95
Tulare,191.27
Fresno,155.62
Other,162.61
Kern,143.21
Stanislaus,154.6
Kern,51.98
Tulare,200.88
Merced,46.15
Merced,130.03
Madera,152.06
Fresno,171.42
Madera,154.04
Colusa,134.78
Colusa,133.82
Stanislaus,77.77
Fresno,178.4
Madera,134.34
Merced,144.06
Madera,136.92
Stanislaus,146.19
Other,169.91
Butte,144.15
Stanislaus,177.94
Kern,164.92
Madera,168.5
Fresno,163.52
Fresno,77.46
Kern,186.3
Tulare,165.78
Kern,207.56
Colusa,142.07
Colusa,173.22
Other,130.06
Other,219.53
Kern,196.42
Other,60.88
Fresno,146.31
Butte,109.35
Stanislaus,158.38
Colusa,151.63
Fresno,157.44
Other,200.1
Colusa,150.93
Madera,76.53
Other,193.54
Kern,84.71
Stanislaus,143.36
Other,180.92
Other,230.05
Madera,182.85
Stanislaus,181.25
Fresno,152.79
Merced,171.44
Stanislaus,161.22
Fresno,95.58
Madera,202.36
Merced,124.42
Stanislaus,150.07
Other,104.94
Other,101.97
Butte,152.1
Other,175.23
Glenn,110.56
Kern,204.64
Fresno,106.62
Kern,155.36
Other,237.1
Merced,131.48
Merced,174.15
Butte,138.6
Other,242.06
Kern,192.94
Colusa,166.29
Kern,183.49
Fresno,116.24
Butte,138.34
Other,191.94
Fresno,192.78
Colusa,43.0
Tulare,69.01
Merced,107.3
Fresno,145.29
Glenn,151.68
Fresno,169.29
Merced,182.95
Fresno,222.55
Stanislaus,48.01
Butte,159.54
Madera,111.38
Madera,128.3
Butte,145.78
San Joaquin,130.41
Stanislaus,139.2
Tulare,206.93
Fresno,182.86
Butte,110.98
Butte,92.25
Madera,133.35
Fresno,156.43
Merced,181.12
Other,241.44
Kern,184.73
Butte,170.4
Stanislaus,199.4
Stanislaus,175.68
Stanislaus,134.57
San Joaquin,153.63
Kern,190.01
Fresno,143.07
Kern,216.9
Merced,118.33
Madera,153.55
Madera,91.77
Other,221.02
Other,205.55
Kern,225.34
Fresno,124.64
Stanislaus,151.48
Other,152.96
Fresno,176.98
Merced,173.28
Madera,150.98
Madera,135.33
Kern,178.54
Fresno,133.45
Kern,206.32
Madera,135.83
Merced,96.65
Butte,109.95
Other,190.08
Fresno,208.47
Stanislaus,158.1
Other,249.36
Madera,137.61
Other,213.47
Madera,173.05
Madera,124.64
Fresno,149.85
Butte,105.08
Colusa,147.6
Colusa,43.79
Stanislaus,172.27
Other,168.67
San Joaquin,97.56
Other,224.98
Madera,141.57
Madera,161.77
Glenn,106.73
Other,194.41
Merced,170.67
Other,208.27
Colusa,131.1
Butte,63.95
Kern,241.09
Other,174.98
Madera,182.16
Kern,105.41
Kern,187.88
Fresno,140.54
Stanislaus,131.64
Other,209.88
Kern,147.94
Stanislaus,158.1
Stanislaus,45.17
Colusa,147.33
Fresno,153.19
Kern,84.26
Other,169.54
Other,198.62
Kern,175.05
Kern,199.69
Colusa,123.73
Kern,184.95
Kern,204.86
Merced,135.45
Glenn,136.45
Madera,203.54
Merced,50.89
Madera,166.91
Other,153.82
Other,95.29
Stanislaus,165.28
Kern,104.29
Kern,114.86
Kern,130.61
Other,212.6
Kern,63.34
Stanislaus,144.49
Butte,87.38
San Joaquin,109.26
Fresno,146.2
Fresno,177.19
Fresno,167.57
Other,195.28
Madera,174.14
Fresno,124.54
Merced,78.08
Merced,190.6
Kern,132.41
Kern,118.8
Butte,137.74
Other,189.34
Other,184.51
Kern,166.05
Fresno,196.73
Madera,152.36
Fresno,162.91
Colusa,135.22
Kern,142.99
Other,79.08
Fresno,196.32
Kern,191.81
Other,218.54
Colusa,124.78
Other,158.9
Kern,200.14
San Joaquin,129.42
Other,183.89
Stanislaus,141.47
Glenn,132.78
Merced,140.38
Merced,158.19
Madera,155.83
Other,210.5
Fresno,148.74
Kern,199.91
Butte,62.84
Fresno,162.2
Merced,112.71
Other,247.87
Stanislaus,130.41
Glenn,115.88
Fresno,149.44
Butte,162.62
Kern,174.26
Other,61.75
Madera,128.01
Glenn,119.38
Madera,174.74
Stanislaus,145.06
Merced,145.51
Kern,238.95
Other,237.97
Kern,158.85
Merced,189.44
Merced,206.37
Butte,125.26
Fresno,133.65
Stanislaus,184.37
Colusa,152.42
Fresno,156.84
Tulare,174.85
Stanislaus,156.4
Kern,200.14
Merced,117.65
Merced,129.74
Madera,165.43
Madera,165.73
Fresno,162.71
Other,181.05
Fresno,191.97
Other,149.0
Merced,192.82
Merced,99.46
Butte,141.59
Merced,183.05
Fresno,183.77
Butte,137.4
Butte,153.47
Merced,143.67
Butte,142.02
Kern,74.92
Other,203.69
Fresno,162.61
Stanislaus,101.59
Kern,187.2
Merced,170.67
Butte,161.85
Kern,251.78
Butte,116.71
Kern,85.28
Other,203.57
Fresno,138.41
Kern,166.05
San Joaquin,53.55
Merced,121.32
Merced,181.89
Madera,117.22
Fresno,231.46
Kern,125.32
Colusa,146.02
Kern,173.14
Colusa,65.81
Madera,46.53
Merced,152.96
Butte,123.12
Tulare,171.18
Kern,218.36
Fresno,165.14
Glenn,144.44
Fresno,173.64
Fresno,198.15
Glenn,94.49
Other,226.59
Madera,154.44
Fresno,189.84
Stanislaus,168.87
Kern,127.91
Other,172.88
Kern,84.94
Colusa,128.9
Stanislaus,144.68
Merced,64.63
Merced,175.99
Kern,93.6
San Joaquin,141.21
Butte,150.14
Merced,167.57
Fresno,159.77
Kern,171.11
Stanislaus,134.95
Madera,151.77
Merced,59.02
Fresno,189.03
Stanislaus,126.72
Colusa,133.12
Fresno,148.64
Kern,175.95
Madera,158.1
San Joaquin,127.62
Colusa,34.75
Tulare,193.86
Stanislaus,165.28
Merced,60.47
Stanislaus,46.59
Madera,157.01
Tulare,208.44
Fresno,198.15
Fresno,79.18
Merced,87.27
Kern,210.71
Fresno,183.77
Fresno,167.87
San Joaquin,62.73
Fresno,216.78
Butte,131.07
Kern,47.25
Kern,191.25
Other,183.15
Butte,131.5
Other,208.77
Madera,174.34
Glenn,151.6
Kern,175.5
Merced,53.5
Madera,143.75
Kern,199.91
Madera,139.19
Other,177.46
Madera,129.89
Kern,209.25
San Joaquin,130.14
Stanislaus,127.95
Colusa,131.8
Madera,146.92
Tulare,201.53
Butte,134.41
Fresno,115.02
Other,217.68
Madera,91.48
Glenn,134.86
San Joaquin,144.27
San Joaquin,96.12
Fresno,177.19
Fresno,174.56
Stanislaus,149.97
Fresno,155.92
Butte,160.83
Madera,162.95
Colusa,174.1
Kern,185.4
Tulare,132.62
Tulare,160.49
Merced,177.44
Merced,168.73
Fresno,158.35
Glenn,134.12
Butte,143.13
Tulare,161.68
Madera,185.23
Stanislaus,151.96
Madera,158.2
Other,87.62
Stanislaus,160.08
Stanislaus,149.22
Madera,64.45
Other,247.0
Fresno,156.23
Fresno,157.44
Other,228.69
Fresno,154.81
Madera,141.87
Other,200.85
Madera,203.74
Fresno,161.29
Butte,157.75
Other,210.0
Kern,186.08
Stanislaus,157.06
Fresno,164.63
Kern,196.99
San Joaquin,61.2
Madera,126.72
Fresno,121.6
Madera,221.66
Kern,54.9
Stanislaus,155.17
Fresno,139.22
Butte,120.73
Merced,127.13
Butte,179.46
Butte,138.17
Butte,117.48
Fresno,123.93
Kern,176.4
Merced,142.03
Glenn,69.6
Glenn,120.3
Butte,141.33
Stanislaus,50.37
Merced,156.44
Merced,193.79
Colusa,172.08
Stanislaus,152.9
Merced,167.09
Other,172.01
Glenn,151.85
Fresno,151.37
Merced,148.32
Other,140.08
Glenn,143.77
Kern,229.28
San Joaquin,167.49
Colusa,162.51
Butte,136.71
Butte,158.35
Merced,159.15
Stanislaus,164.71
Kern,47.7
Fresno,146.61
Fresno,80.09
Madera,133.45
Kern,155.36
Other,168.05
Fresno,137.4
Fresno,144.18
San Joaquin,44.82
Merced,160.02
Glenn,78.59
Other,176.1
San Joaquin,125.82
Glenn,146.6
Stanislaus,115.1
Fresno,157.24
Fresno,125.85
Madera,158.8
Other,160.63
Fresno,181.34
Fresno,162.81
Fresno,168.48
Madera,116.42
San Joaquin,70.02
Fresno,149.85
Fresno,152.18
Colusa,135.49
Fresno,165.95
Glenn,122.79
Stanislaus,169.16
Fresno,176.28
Merced,159.35
Kern,176.29
Colusa,52.65
Madera,149.19
Stanislaus,49.42
Kern,150.08
Kern,92.7
Merced,140.96
Merced,179.76
Stanislaus,146.0
Madera,129.39
Other,205.3
Fresno,74.32
Stanislaus,50.18
Stanislaus,172.84
Other,69.3
Other,169.66
San Joaquin,141.48
Stanislaus,113.12
Tulare,82.62
Fresno,182.96
Colusa,126.71
San Joaquin,145.89
Kern,143.66
Merced,142.03
Other,129.07
Madera,167.61
San Joaquin,123.39
Kern,144.34
Kern,189.68
Merced,208.5
Merced,158.77
San Joaquin,173.7
Colusa,173.48
Stanislaus,137.97
Stanislaus,152.52
Glenn,124.63
Tulare,187.6
San Joaquin,182.79
San Joaquin,158.94
Other,190.58
Other,214.09
Kern,219.26
Fresno,80.19
Kern,184.5
Merced,171.63
Kern,152.1
Stanislaus,50.84
Butte,108.24
Stanislaus,175.49
Kern,187.88
Madera,140.88
Kern,165.38
Other,167.43
Colusa,56.07
Kern,165.6
Fresno,162.91
Stanislaus,158.95
Fresno,156.03
Madera,156.92
Fresno,194.6
Fresno,77.15
Merced,181.89
Madera,122.17
Merced,119.0
Merced,99.07
Colusa,140.14
Kern,226.91
Tulare,180.47
Merced,135.16
Butte,120.38
Stanislaus,159.33
Other,151.35
Kern,199.35
Fresno,45.56
Madera,164.93
Madera,152.36
Tulare,144.4
Madera,160.78
Fresno,212.83
Merced,168.25
Kern,202.95
Fresno,173.85
Fresno,167.37
Madera,55.84
Merced,159.15
Fresno,159.77
San Joaquin,38.61
Glenn,37.8
Merced,111.75
Kern,164.92
Other,214.95
Madera,158.4
Merced,152.38
Madera,177.9
Other,233.89
San Joaquin,115.83
Merced,154.9
Stanislaus,48.86
Other,147.76
Stanislaus,184.46
Madera,74.74
Fresno,129.6
Glenn,105.81
Tulare,173.56
San Joaquin,139.14
Butte,147.15
Stanislaus,151.86
Glenn,102.06
Merced,175.02
Kern,233.32
Other,235.5
Fresno,199.36
Stanislaus,99.6
Stanislaus,136.08
Fresno,141.85
Kern,166.73
Merced,117.94
Stanislaus,148.18
Tulare,170.21
Glenn,113.89
Kern,191.14
Stanislaus,180.97
San Joaquin,72.54
Other,169.54
Fresno,188.53
Madera,178.7
Merced,173.76
Madera,138.8
Madera,189.19
Merced,158.09
Butte,139.28
Butte,127.74
Other,245.64
Merced,54.95
Fresno,173.64
Madera,151.27
Madera,147.41
Madera,185.23
Glenn,145.77
Fresno,171.11
Kern,180.56
Other,64.23
Glenn,146.1
Fresno,141.24
Fresno,119.68
Kern,200.25
Butte,108.16
Fresno,211.71
Kern,207.68
Kern,159.64
Glenn,131.62
Fresno,111.58
Merced,142.8
Madera,139.39
Merced,171.63
Tulare,161.46
Madera,185.53
Stanislaus,155.45
Butte,154.16
Butte,164.07
Fresno,148.53
Glenn,154.26
Tulare,135.0
Fresno,85.96
Fresno,182.66
Stanislaus,163.67
Butte,153.39
Kern,197.66
Stanislaus,70.31
Fresno,151.88
Butte,124.06
Tulare,59.94
Kern,203.62
Butte,149.11
Stanislaus,181.35
Kern,162.56
Colusa,128.12
Glenn,150.02
San Joaquin,109.98
Stanislaus,129.94
Madera,130.09
Merced,133.22
Kern,163.12
Fresno,176.78
Madera,127.12
Kern,169.88
Other,60.76
Fresno,136.08
Merced,40.44
Merced,116.87
Other,174.36
Other,203.32
Stanislaus,164.15
Merced,145.22
Tulare,99.68
Butte,148.6
Madera,169.88
Other,172.38
Tulare,149.47
Madera,182.85
Kern,164.14
Fresno,104.59
Colusa,144.17
Fresno,166.86
Stanislaus,182.01
Fresno,162.2
Butte,150.31
Kern,187.99
Butte,115.85
Madera,157.61
Fresno,124.94
Butte,144.84
Fresno,177.09
Kern,211.84
Kern,201.26
Colusa,143.12
Tulare,165.78
Colusa,168.22
Fresno,162.91
Tulare,185.54
Other,175.6
Fresno,170.71
San Joaquin,178.74
Butte,104.05
Butte,150.65
Butte,159.97
San Joaquin,136.89
Kern,183.49
Kern,185.4
Fresno,175.67
Fresno,134.86
Butte,137.57
Merced,152.19
Fresno,203.61
Madera,184.34
Fresno,156.23
Butte,157.32
Butte,156.38
Other,201.34
Kern,172.91
Kern,217.35
Madera,106.62
Fresno,173.24
Butte,136.29
Tulare,180.36
Butte,96.53
Kern,188.66
Kern,228.26
Other,183.15
Glenn,155.93
Madera,181.57
Other,212.73
Madera,187.01
Merced,131.0
San Joaquin,181.26
Kern,147.71
Madera,121.87
Tulare,155.95
Tulare,186.73
Fresno,132.84
Kern,181.12
Merced,165.44
Madera,145.63
Madera,140.68
Other,217.43
Fresno,130.11
Fresno,175.87
Fresno,186.1
Other,134.15
Stanislaus,131.26
Fresno,171.42
Kern,191.36
Stanislaus,123.8
Fresno,154.0
Fresno,171.11
Glenn,148.85
Stanislaus,197.32
Fresno,184.48
Other,229.06
Fresno,117.75
Merced,153.93
Kern,175.5
Colusa,181.55
Kern,81.79
Butte,144.32
Kern,149.4
Glenn,127.87
Stanislaus,139.67
Fresno,167.16
Fresno,186.91
Merced,168.93
San Joaquin,165.87
Stanislaus,146.95
Butte,55.23
Other,246.51
Other,148.75
Fresno,142.46
Stanislaus,135.42
Butte,135.69
Stanislaus,185.41
Fresno,150.56
Merced,189.24
Merced,134.97
Madera,161.47
Fresno,193.69
Madera,142.06
Stanislaus,114.06
Stanislaus,159.14
Fresno,125.85
Butte,142.02
Stanislaus,135.8
Other,155.43
Tulare,186.95
Madera,152.76
Kern,184.61
Other,201.59
Madera,50.0
Kern,190.01
Madera,149.39
San Joaquin,168.84
Madera,162.66
Madera,118.01
Madera,220.97
Butte,122.61
Other,225.47
Madera,115.53
Other,243.79
Glenn,135.03
San Joaquin,149.22
Merced,150.54
Other,170.16
Madera,123.26
Madera,150.68
Stanislaus,147.14
Other,204.93
Other,72.27
Kern,136.69
Madera,159.49
Kern,192.15
Fresno,161.9
Madera,163.35
San Joaquin,144.27
Fresno,143.67
Kern,149.18
Kern,181.12
Stanislaus,124.36
Madera,128.2
Tulare,76.57
Stanislaus,138.92
Tulare,54.0
Stanislaus,152.33
Stanislaus,169.25
Fresno,182.66
Kern,149.18
Fresno,115.02
Glenn,147.1
Kern,205.65
Other,200.1
Kern,65.7
Fresno,117.35
Glenn,100.23
Butte,112.69
Stanislaus,129.37
Glenn,113.8
Butte,149.45
Stanislaus,153.94
Stanislaus,148.46
Merced,111.36
Kern,183.04
Kern,171.34
Butte,168.01
San Joaquin,144.09
Merced,114.55
Fresno,154.61
Madera,137.11
Stanislaus,191.55
Other,192.56
Madera,173.74
Madera,176.32
Fresno,151.98
Fresno,178.0
Glenn,122.13
Merced,163.12
Fresno,169.8
Other,189.71
Merced,88.72
Fresno,149.44
Stanislaus,141.47
Fresno,133.45
Merced,177.44
Fresno,142.26
San Joaquin,144.09
Fresno,160.28
Madera,195.52
Fresno,143.88
Colusa,146.02
Merced,196.11
Merced,45.76
Other,201.09
Merced,156.73
Other,134.15
Other,203.57
Kern,196.09
Colusa,167.87
Kern,156.83
Glenn,131.95
Butte,136.2
Colusa,146.54
Stanislaus,145.25
Fresno,133.55
Madera,201.76
Kern,158.96
Stanislaus,124.08
Fresno,134.76
Fresno,161.19
Kern,221.06
Kern,204.75
Tulare,193.32
Tulare,64.15
Glenn,130.12
Kern,128.25
Butte,169.46
Stanislaus,168.68
Merced,114.46
Fresno,167.16
Fresno,188.63
Kern,155.7
Madera,181.07
Tulare,163.4
Fresno,136.18
Colusa,100.47
Kern,201.15
Kern,149.62
Kern,182.25
San Joaquin,164.16
Stanislaus,130.13
Tulare,158.33
Stanislaus,119.64
San Joaquin,151.65
Colusa,104.42
Kern,148.84
Kern,207.56
Stanislaus,111.89
Other,209.63
Merced,74.69
Kern,175.84
Merced,176.28
Glenn,102.23
Kern,178.88
Other,194.29
Tulare,174.31
Fresno,201.08
Fresno,200.37
Stanislaus,188.15
Fresno,182.86
Fresno,157.04
Kern,180.11
Madera,159.19
Fresno,197.44
Kern,185.4
Other,184.39
Fresno,159.98
Other,214.71
Fresno,164.73
Tulare,165.35
Madera,175.03
Kern,184.39
Kern,167.74
Fresno,188.12
Madera,71.18
Butte,148.0
Butte,165.02
Stanislaus,142.41
Madera,166.12
Stanislaus,147.7
Butte,119.02
San Joaquin,115.65
Stanislaus,66.72
Merced,119.78
Stanislaus,135.32
Stanislaus,113.31
Kern,135.0
Merced,131.87
Madera,132.86
Kern,192.71
Other,216.93
Other,153.82
Tulare,183.38
Other,210.13
Butte,119.02
Merced,169.8
Madera,132.96
Stanislaus,46.87
Kern,88.43
San Joaquin,67.23
Tulare,156.6
Tulare,119.66
Madera,142.56
Kern,56.92
Stanislaus,147.33
Merced,190.31
Other,155.43
Madera,160.38
Madera,178.3
Glenn,144.69
Kern,196.65
Butte,119.53
Butte,51.04
San Joaquin,160.11
Kern,204.98
San Joaquin,156.78
Fresno,166.15
Fresno,157.14
Stanislaus,157.15
Kern,198.56
Madera,178.5
Butte,79.26
Colusa,153.65
Tulare,174.42
Stanislaus,144.11
Kern,171.11
Kern,155.7
Madera,160.78
Madera,181.96
Glenn,168.16
Fresno,215.46
Kern,148.28
Merced,173.86
Merced,133.42
Stanislaus,134.28
Kern,191.25
Kern,163.24
Fresno,165.95
San Joaquin,141.66
San Joaquin,146.88
Fresno,134.86
San Joaquin,128.16
Madera,134.84
Fresno,64.6
Fresno,165.14
Kern,191.36
Tulare,189.65
Merced,160.9
Kern,207.68
Fresno,152.99
Kern,188.32
Madera,106.52
Fresno,167.26
Kern,121.5
Kern,160.99
Butte,155.01
Fresno,201.28
Butte,105.16
Other,186.37
Fresno,117.25
Colusa,98.37
Kern,139.84
Other,170.78
Fresno,111.98
Butte,100.21
Stanislaus,154.89
Tulare,177.23
Colusa,104.86
Tulare,133.16
Merced,128.48
San Joaquin,132.66
Kern,196.42
Fresno,71.99
Glenn,140.53
Other,236.73
Other,209.14
Madera,187.21
Kern,208.58
Stanislaus,170.1
Stanislaus,176.81
Madera,152.86
Merced,183.24
Stanislaus,144.02
Stanislaus,143.64
Other,190.08
Fresno,54.07
Stanislaus,202.14
Tulare,144.18
Other,238.34
Madera,99.99
Kern,215.66
Stanislaus,149.69
Fresno,182.96
Stanislaus,159.42
Merced,186.15
Stanislaus,199.11
Other,206.66
Merced,160.99
Madera,99.89
Kern,184.61
Merced,164.67
Kern,111.71
Merced,145.12
Kern,175.5
Madera,195.23
Butte,148.17
Kern,136.24
Madera,160.58
Fresno,148.33
Fresno,170.0
Butte,127.65
Other,225.47
Merced,151.8
Merced,142.32
Other,183.52
Butte,139.28
Fresno,175.36
Fresno,159.77
Fresno,199.06
Fresno,164.94
Merced,169.22
Merced,192.34
Stanislaus,135.8
Merced,126.36
Glenn,148.52
Kern,129.83
Merced,152.28
Merced,191.27
Fresno,152.58
Madera,173.55
Fresno,155.82
Madera,132.26
Fresno,175.87
Merced,151.32
Fresno,162.51
Stanislaus,132.49
Kern,165.49
Kern,187.31
Fresno,151.37
Stanislaus,163.96
Stanislaus,168.78
Madera,188.69
San Joaquin,154.08
Fresno,126.36
San Joaquin,143.64
Fresno,138.0
Colusa,144.35
Kern,200.36
Other,203.69
Kern,162.9
Butte,116.71
San Joaquin,132.93
Stanislaus,137.88
Butte,159.2
Tulare,193.75
San Joaquin,167.13
Colusa,147.77
San Joaquin,177.48
Kern,90.9
Butte,142.78
Stanislaus,178.7
San Joaquin,111.24
Butte,143.73
Madera,164.34
Stanislaus,103.1
Merced,167.47
Stanislaus,194.1
Stanislaus,121.43
Colusa,100.47
Glenn,118.88
San Joaquin,129.6
Fresno,71.08
Fresno,174.35
Merced,157.9
Tulare,192.46
Butte,145.01
Other,208.02
Kern,136.91
Colusa,156.11
Stanislaus,149.69
Kern,199.58
Madera,202.36
Merced,46.92
Merced,101.3
Kern,209.92
Merced,131.39
Madera,143.75
Stanislaus,136.17
Kern,95.85
Other,184.64
Fresno,167.37
Tulare,168.91
Other,207.28
San Joaquin,182.43
Madera,183.74
Madera,203.74
Colusa,157.16
Fresno,155.82
Fresno,165.44
Stanislaus,122.94
Colusa,108.28
Fresno,202.6
Stanislaus,155.93
Other,141.45
Kern,185.29
Merced,137.48
Merced,109.81
Fresno,67.84
Stanislaus,107.45
Merced,57.76
Madera,173.05
Madera,123.26
Fresno,159.77
Glenn,147.1
Fresno,76.75
Stanislaus,120.68
Merced,133.71
San Joaquin,155.52
Other,231.16
Tulare,171.94
San Joaquin,148.05
Butte,158.77
Stanislaus,131.92
Other,68.56
Tulare,186.19
Stanislaus,150.82
Kern,192.15
Other,245.52
Other,202.21
Glenn,63.94
Fresno,217.38
Merced,150.93
Merced,171.05
Madera,137.11
Fresno,150.26
Kern,176.4
Stanislaus,123.13
Merced,146.29
Merced,155.77
Merced,168.15
Other,144.04
Merced,141.06
Stanislaus,179.27
Stanislaus,161.03
Madera,171.57
Butte,151.08
Stanislaus,160.74
Merced,149.67
San Joaquin,150.3
Stanislaus,180.97
Kern,136.12
Merced,178.21
Fresno,108.64
Other,189.83
Madera,158.89
Stanislaus,123.7
Fresno,49.82
Stanislaus,121.15
Fresno,222.85
Madera,153.55
San Joaquin,106.2
Kern,171.34
Kern,147.71
Merced,151.51
Fresno,143.57
Stanislaus,166.41
Fresno,161.6
San Joaquin,109.44
Fresno,167.37
Merced,62.02
Fresno,197.74
Butte,126.88
Madera,72.37
Other,135.51
Fresno,163.11
Tulare,179.93
Other,199.61
Other,210.62
Other,236.73
Butte,152.36
Fresno,158.66
Merced,191.47
Stanislaus,135.8
Butte,133.98
Other,234.51
Tulare,122.36
Kern,163.69
Fresno,195.31
Merced,63.37
Fresno,168.48
Kern,219.82
Kern,58.95
Kern,130.72
Butte,161.25
Madera,182.26
Butte,157.15
Fresno,152.89
Merced,129.94
Fresno,171.11
San Joaquin,171.27
Glenn,100.9
Kern,160.43
Fresno,133.75
Madera,126.13
Kern,211.28
Madera,148.7
Merced,140.09
Fresno,75.53
Colusa,120.74
Merced,98.49
Fresno,185.69
Tulare,150.88
Madera,164.64
Madera,128.5
Merced,156.93
Tulare,175.82
Merced,156.25
Colusa,149.26
Stanislaus,172.37
San Joaquin,133.56
Madera,158.99
Other,178.94
Fresno,197.54
Other,182.41
Glenn,156.34
Merced,164.86
Stanislaus,137.5
Colusa,112.41
Colusa,85.29
Other,226.46
Fresno,157.85
Stanislaus,133.06
Fresno,169.9
Stanislaus,117.75
Kern,191.02
Kern,223.76
Merced,143.96
Fresno,144.58
Tulare,138.78
Glenn,156.34
Fresno,167.37
Other,188.22
Other,213.96
Glenn,129.2
Tulare,173.99
Tulare,50.11
San Joaquin,119.61
Fresno,167.57
Kern,186.75
Stanislaus,187.02
Other,148.38
Kern,176.62
Fresno,138.71
Fresno,118.16
San Joaquin,107.19
Other,209.01
Butte,48.56
Merced,121.23
Stanislaus,165.38
Madera,163.65
Kern,180.23
Other,228.57
Fresno,144.28
Colusa,150.49
Tulare,202.93
Fresno,56.4
Kern,171.68
Stanislaus,178.42
Kern,216.68
Kern,190.35
Madera,135.04
Other,212.48
Fresno,191.36
Other,171.64
Stanislaus,141.09
Kern,190.8
Kern,150.08
Fresno,159.87
Fresno,165.24
San Joaquin,193.05
Other,255.54
Stanislaus,135.89
Stanislaus,175.01
Merced,47.31
Madera,138.8
Merced,169.89
Other,233.39
Fresno,104.9
Glenn,122.88
Other,196.14
Other,191.56
Fresno,145.29
Stanislaus,145.81
Merced,164.18
Kern,220.5
Fresno,137.5
Kern,166.5
Stanislaus,178.04
Fresno,177.8
Kern,205.42
Butte,143.13
Stanislaus,167.45
Butte,182.37
Fresno,50.22
Other,180.43
Madera,151.07
Stanislaus,151.39
Merced,178.6
Merced,44.31
Kern,161.33
San Joaquin,115.83
Other,153.7
Fresno,174.66
Butte,171.77
Kern,177.52
Stanislaus,134.1
Madera,174.93
Colusa,135.92
Merced,182.28
Merced,164.09
Tulare,196.67
Fresno,144.58
Kern,172.8
Fresno,163.62
San Joaquin,125.46
Kern,218.02
Butte,141.67
Madera,169.98
Merced,119.87
San Joaquin,126.0
Madera,123.95
Fresno,155.42
Colusa,165.5
Stanislaus,143.55
Tulare,172.8
Merced,117.84
Stanislaus,186.54
Stanislaus,157.15
Fresno,111.58
Stanislaus,159.52
Stanislaus,41.39
Stanislaus,138.44
Colusa,109.69
Tulare,124.96
Kern,175.73
Tulare,189.86
Stanislaus,165.38
Colusa,150.93
Other,103.33
Kern,166.28
Kern,54.11
Kern,204.52
Fresno,155.82
Fresno,114.01
Merced,171.15
Butte,155.35
Other,218.3
Kern,191.7
Other,153.7
Other,192.06
Fresno,98.92
Stanislaus,149.4
Kern,192.82
Madera,132.86
Butte,139.62
Other,227.95
San Joaquin,132.12
Madera,163.84
Other,177.33
Madera,179.88
Glenn,144.11
Merced,135.16
Merced,146.67
Madera,170.68
Madera,150.58
Glenn,125.04
Merced,113.87
Stanislaus,190.98
Colusa,124.52
Other,223.74
Other,150.6
Butte,184.77
Stanislaus,113.21
San Joaquin,104.94
Fresno,176.58
Merced,137.68
Merced,142.42
San Joaquin,164.25
Kern,175.73
Fresno,201.39
Kern,191.14
Tulare,107.78
Glenn,134.12
Kern,75.6
Kern,177.19
Kern,174.15
Kern,171.34
Other,51.6
Other,165.21
Madera,125.04
Kern,179.66
San Joaquin,151.74
Glenn,118.46
Kern,155.81
Butte,101.23
San Joaquin,135.09
Madera,177.31
Stanislaus,156.4
Other,233.64
Kern,171.79
San Joaquin,201.06
San Joaquin,113.22
Kern,189.79
Stanislaus,181.91
Colusa,137.86
Other,148.5
Other,209.51
San Joaquin,138.06
Stanislaus,149.22
Merced,74.3
Glenn,140.19
Kern,196.2
San Joaquin,151.83
Other,145.65
Kern,171.0
Stanislaus,177.66
Fresno,215.86
Fresno,114.51
Kern,193.84
Glenn,114.88
Other,126.97
Fresno,142.86
Kern,54.56
San Joaquin,144.72
Merced,173.18
Fresno,59.54
Glenn,127.71
Merced,157.8
Stanislaus,65.96
Colusa,155.05
Butte,169.89
Madera,164.54
Fresno,168.99
Merced,142.42
Stanislaus,117.75
Madera,151.17
Fresno,158.96
Other,139.47
Stanislaus,186.64
Butte,146.8
Merced,176.47
Stanislaus,51.31
Merced,195.73
Stanislaus,143.92
Colusa,130.05
Stanislaus,172.84
Kern,212.29
Other,284.25
Merced,109.71
Madera,159.59
Fresno,184.28
Kern,200.92
Butte,104.48
Stanislaus,148.27
Merced,195.43
Tulare,232.63
Other,225.22
Merced,109.62
Fresno,140.94
Kern,220.28
Kern,215.78
Merced,108.94
Fresno,188.73
Kern,147.83
Stanislaus,178.98
Stanislaus,125.87
Kern,147.94
Colusa,132.5
San Joaquin,106.65
Colusa,141.45
Kern,198.34
San Joaquin,128.79
Butte,121.67
San Joaquin,114.03
Fresno,146.71
Kern,166.84
Other,141.07
Glenn,144.85
San Joaquin,157.59
Colusa,165.5
San Joaquin,127.89
Kern,114.52
Fresno,78.06
Fresno,153.7
Stanislaus,153.0
Butte,96.02
Glenn,136.45
Merced,165.15
Merced,202.59
Madera,197.31
Stanislaus,164.05
Other,191.07
Butte,104.31
Stanislaus,147.04
Stanislaus,137.02
Stanislaus,136.55
Stanislaus,126.44
Other,198.5
Other,174.74
Stanislaus,149.78
Stanislaus,112.46
Other,221.76
Fresno,188.83
Other,206.91
Colusa,165.94
Stanislaus,125.12
Kern,174.15
Butte,145.86
Tulare,188.46
Stanislaus,102.53
Stanislaus,161.12
San Joaquin,170.64
Stanislaus,153.18
Stanislaus,158.67
Fresno,137.09
Merced,174.05
Madera,186.91
Tulare,206.93
San Joaquin,169.65
Kern,126.68
Madera,194.93
San Joaquin,142.11
Other,260.37
Madera,138.01
Madera,173.94
Glenn,169.33
Fresno,130.21
Kern,193.16
Fresno,82.01
Colusa,130.4
San Joaquin,147.87
Fresno,174.35
Butte,127.82
Merced,150.16
Other,78.09
Madera,151.77
Tulare,162.22
Fresno,185.08
Butte,93.71
Merced,144.35
Kern,179.1
Other,246.26
San Joaquin,142.92
Merced,201.72
Butte,137.74
Tulare,201.42
Merced,138.74
Madera,178.5
Fresno,166.46
Tulare,142.02
Stanislaus,174.35
Stanislaus,148.36
Fresno,189.84
Kern,145.91
Butte,172.2
Other,134.27
Kern,190.24
Stanislaus,109.9
Other,57.3
Other,199.61
Stanislaus,171.8
Tulare,185.11
Fresno,126.36
Other,220.03
Tulare,173.99
Glenn,106.64
Kern,169.31
Stanislaus,155.17
Fresno,67.13
Glenn,48.45
Fresno,151.17
Merced,159.25
Other,172.76
Tulare,213.73
Merced,174.83
Fresno,138.0
San Joaquin,158.76
Madera,58.61
Stanislaus,103.95
Kern,182.02
Fresno,146.31
Madera,172.06
Madera,152.95
Fresno,182.86
Madera,129.29
Kern,168.75
Butte,125.94
Fresno,177.09
Kern,187.88
Kern,185.29
Fresno,188.93
Colusa,102.67
Other,187.98
Merced,179.66
Other,70.54
Tulare,189.22
Stanislaus,147.51
Stanislaus,134.0
Colusa,113.55
Kern,176.4
Madera,107.71
San Joaquin,129.51
Stanislaus,155.17
Fresno,105.3
Other,193.79
Merced,166.12
Fresno,109.45
Stanislaus,147.99
San Joaquin,145.8
Kern,88.54
Tulare,180.14
Other,169.41
Other,135.26
Fresno,124.84
Colusa,145.4
Merced,130.52
Stanislaus,133.24
Stanislaus,194.86
Kern,189.79
Glenn,124.13
Kern,205.2
Kern,155.48
Merced,40.25
Butte,139.96
Kern,197.89
Madera,164.04
Stanislaus,147.33
Other,134.89
Kern,176.18
Kern,167.62
Other,189.46
Butte,118.33
Stanislaus,145.62
Merced,147.74
Kern,170.1
Other,178.94
Stanislaus,141.09
Other,201.22
Kern,194.18
Madera,141.77
Fresno,143.67
Fresno,147.22
Fresno,164.43
Stanislaus,142.6
Other,157.9
Stanislaus,41.96
Colusa,172.6
Merced,149.67
Other,105.31
San Joaquin,153.54
Glenn,114.88
Madera,161.67
Stanislaus,138.54
Madera,181.17
Madera,129.1
Merced,160.41
Stanislaus,130.69
Kern,183.82
Merced,134.48
Butte,123.72
Merced,140.38
Colusa,83.54
Butte,130.13
Stanislaus,168.68
Glenn,159.84
Fresno,159.06
Fresno,111.78
Madera,196.02
Fresno,168.38
Stanislaus,171.52
Stanislaus,158.85
Fresno,130.41
Glenn,67.02
Fresno,155.32
Stanislaus,146.57
Colusa,94.07
Merced,136.03
Fresno,182.45
Stanislaus,145.34
Fresno,205.84
Colusa,130.57
Stanislaus,124.74
Merced,129.94
Other,176.59
Merced,139.42
Madera,165.53
Stanislaus,158.95
San Joaquin,142.83
Madera,192.06
Stanislaus,143.92
Tulare,169.67
Butte,154.58
Butte,134.66
Kern,202.84
Glenn,181.24
Merced,147.64
Other,174.12
Stanislaus,101.49
Merced,151.61
Butte,117.31
Madera,145.23
Stanislaus,110.47
Other,228.81
Fresno,146.71
Butte,134.83
Stanislaus,164.05
Merced,161.77
San Joaquin,41.67
Other,170.9
Merced,176.18
Fresno,144.79
Stanislaus,183.8
Stanislaus,140.9
Other,179.44
Stanislaus,147.61
Butte,148.94
Stanislaus,180.97
Stanislaus,142.22
Merced,166.41
Tulare,167.29
Merced,160.41
Other,217.55
Merced,120.94
Kern,211.95
Fresno,186.2
Merced,161.67
Kern,198.68
Madera,169.78
Fresno,132.03
Fresno,188.83
Madera,168.2
Butte,142.7
Other,197.26
Fresno,166.46
Colusa,120.13
Kern,191.48
San Joaquin,133.65
Colusa,111.79
Other,172.38
Kern,146.93
San Joaquin,144.27
Other,190.33
Merced,117.74
Stanislaus,141.37
San Joaquin,172.17
San Joaquin,173.25
San Joaquin,197.91
Kern,117.22
Fresno,175.36
Madera,123.16
Madera,149.0
San Joaquin,158.04
Kern,166.84
Madera,170.08
Tulare,205.63
Fresno,169.29
Fresno,186.0
Merced,58.63
San Joaquin,123.39
San Joaquin,148.77
Butte,152.62
Tulare,138.13
Merced,127.9
Fresno,192.68
Madera,174.83
San Joaquin,174.69
Merced,167.47
Stanislaus,160.74
Kern,143.1
Butte,139.19
Butte,156.29
Fresno,150.76
Madera,169.39
Stanislaus,181.25
Other,80.19
Other,207.4
Fresno,135.78
Kern,210.49
Fresno,181.95
San Joaquin,156.24
Other,86.25
Merced,144.93
Fresno,191.16
Madera,151.17
Madera,50.39
Fresno,162.2
Glenn,155.18
Kern,125.66
Colusa,182.26
Other,248.37
Stanislaus,66.34
Tulare,157.68
Fresno,170.61
Butte,139.45
Madera,129.1
Tulare,168.91
Fresno,212.52
Butte,101.83
Fresno,152.99
Merced,146.67
Stanislaus,130.03
Kern,202.28
Fresno,164.94
Fresno,135.88
Tulare,97.52
Stanislaus,129.84
Madera,177.8
Tulare,187.38
Stanislaus,142.03
Madera,194.83
Butte,163.13
Merced,185.76
Fresno,141.24
Merced,159.35
Stanislaus,109.15
San Joaquin,121.59
Merced,148.41
Madera,209.88
Fresno,152.28
Merced,154.22
Kern,50.06
Butte,107.13
Kern,199.91
Other,200.1
Merced,125.58
Madera,169.59
Glenn,115.55
Kern,114.86
Kern,168.52
Kern,163.69
Merced,152.96
Merced,135.06
Madera,67.12
Merced,153.83
Fresno,169.8
Fresno,163.62
Other,185.62
Stanislaus,174.92
Other,221.51
Stanislaus,152.05
Merced,129.64
Kern,183.82
Colusa,153.65
Glenn,85.66
Kern,161.78
Other,237.6
San Joaquin,124.92
Stanislaus,138.44
Merced,161.09
Merced,167.86
Stanislaus,195.9
Kern,187.42
Other,167.43
San Joaquin,132.75
Kern,205.42
Merced,139.61
Fresno,177.19
Butte,155.52
Other,220.65
Kern,77.51
Fresno,162.2
Kern,177.19
Butte,118.93
Merced,141.74
Other,206.04
Other,174.86
Kern,200.36
Stanislaus,182.67
Stanislaus,156.59
Stanislaus,176.05
Kern,145.58
Kern,63.34
Other,192.31
Fresno,149.34
Butte,54.63
Kern,164.02
Madera,59.4
Tulare,59.72
Stanislaus,157.63
Tulare,124.96
Other,175.72
Stanislaus,158.95
San Joaquin,65.61
Madera,146.22
Kern,157.73
Other,262.47
Tulare,144.83
Kern,151.43
Stanislaus,147.23
Glenn,67.77
Kern,177.86
Stanislaus,182.39
Fresno,142.36
Other,71.03
Stanislaus,142.32
Stanislaus,103.19
Merced,170.57
Glenn,63.94
Merced,93.27
Other,223.74
Butte,149.45
Other,223.37
Merced,172.7
Fresno,179.11
Kern,162.11
Stanislaus,155.64
Stanislaus,173.6
Kern,118.35
Other,157.53
Other,224.85
Tulare,46.98
Other,192.68
Colusa,125.66
Glenn,165.67
Stanislaus,146.48
Madera,160.38
Colusa,144.61
Merced,144.93
Fresno,177.29
San Joaquin,148.41
San Joaquin,60.84
Stanislaus,115.67
Tulare,197.86
Stanislaus,174.64
Kern,185.4
Kern,183.26
Tulare,159.73
Stanislaus,110.57
Fresno,115.12
Kern,242.44
Merced,111.46
Butte,162.19
Merced,186.53
San Joaquin,117.09
Kern,153.68
Butte,141.84
Tulare,138.78
Fresno,166.46
Fresno,137.09
Stanislaus,179.55
Glenn,133.53
Madera,200.18
Merced,116.29
Fresno,116.64
Madera,152.76
Merced,158.86
Other,158.65
Stanislaus,163.01
Merced,127.42
Fresno,163.11
Kern,199.46
Merced,136.61
San Joaquin,151.92
Kern,170.66
Glenn,145.69
Merced,145.71
Merced,128.19
Colusa,164.71
Kern,195.75
Fresno,169.49
Fresno,136.48
Colusa,38.61
Madera,154.04
Kern,180.34
Stanislaus,176.62
Tulare,181.44
San Joaquin,168.48
Kern,193.84
Kern,162.79
Merced,158.28
Other,228.44
Butte,134.06
Kern,221.51
Fresno,138.61
San Joaquin,150.21
Butte,139.11
Kern,163.8
Tulare,186.95
Colusa,146.02
Stanislaus,191.74
San Joaquin,149.76
Merced,132.06
Stanislaus,174.26
Tulare,200.02
Stanislaus,154.13
Tulare,167.18
Kern,203.74
Glenn,139.28
San Joaquin,101.43
Stanislaus,170.29
Stanislaus,126.63
Kern,183.6
Fresno,214.04
Merced,179.28
Merced,174.15
Merced,135.84
Other,191.94
Stanislaus,111.32
Merced,156.64
Stanislaus,155.17
Glenn,139.94
Madera,151.87
Merced,172.31
Butte,162.28
San Joaquin,115.74
San Joaquin,124.38
Colusa,124.96
Merced,172.21
Butte,143.64
Colusa,112.85
Fresno,174.45
Butte,74.47
Other,231.66
Kern,170.32
Madera,168.8
San Joaquin,163.62
Stanislaus,115.57
Fresno,119.07
Kern,211.95
Tulare,173.88
Tulare,120.74
Stanislaus,187.2
Merced,136.32
Other,221.26
Fresno,130.61
Butte,176.22
Kern,216.79
Merced,170.38
Butte,70.54
Butte,139.54
Butte,118.16
Kern,132.86
Merced,144.35
Merced,188.47
Stanislaus,109.43
Merced,168.15
Fresno,135.47
Fresno,174.86
Fresno,73.91
Kern,215.1
Other,65.96
San Joaquin,130.32
Other,192.68
Kern,210.04
Kern,217.24
Madera,172.76
Fresno,127.17
Kern,173.14
Other,194.66
Stanislaus,159.42
Butte,146.55
San Joaquin,155.97
Kern,237.15
Madera,183.74
Butte,149.03
Fresno,184.98
Kern,199.01
Other,227.08
Madera,139.39
Other,259.26
Other,207.16
Other,219.53
Merced,201.05
Kern,177.41
Madera,207.5
Stanislaus,103.95
Fresno,144.79
San Joaquin,55.17
Butte,95.67
Kern,188.78
Fresno,143.17
Colusa,124.25
Kern,150.64
Fresno,133.24
Tulare,162.11
Other,101.6
Other,194.04
Madera,126.32
Kern,218.48
Butte,138.17
Merced,133.03
Colusa,81.78
Stanislaus,120.58
Tulare,153.68
San Joaquin,48.33
Colusa,149.35
Madera,178.7
Fresno,164.13
Colusa,147.68
Stanislaus,152.9
Butte,137.4
Merced,178.99
Kern,167.74
Stanislaus,157.63
San Joaquin,131.76
Madera,152.36
San Joaquin,103.68
Butte,135.86
Fresno,169.8
Other,69.05
San Joaquin,138.42
Madera,79.69
Madera,48.31
Butte,134.06
Kern,163.8
Other,190.08
San Joaquin,122.58
Merced,59.89
Merced,127.42
Kern,189.56
Kern,213.52
Merced,116.2
Colusa,129.43
Other,162.98
Stanislaus,152.24
Other,224.73
Kern,170.55
Colusa,154.09
San Joaquin,164.34
Butte,39.24
Kern,184.73
Madera,117.51
Kern,148.16
Stanislaus,117.27
Merced,183.53
Stanislaus,124.17
San Joaquin,157.77
Madera,149.98
Other,238.59
Kern,190.35
Colusa,157.16
Tulare,127.22
Other,204.19
Tulare,135.11
Tulare,180.36
Merced,133.42
Fresno,224.47
Stanislaus,190.7
Stanislaus,184.56
Fresno,159.98
Madera,173.45
San Joaquin,156.87
Other,67.07
Colusa,44.14
Madera,170.18
Fresno,188.53
Merced,163.8
Stanislaus,185.88
Other,220.28
San Joaquin,120.24
Tulare,57.89
Merced,118.33
Other,202.21
Madera,114.84
Merced,203.76
Merced,172.6
Butte,93.11
Madera,143.25
Butte,61.3
Kern,195.3
Kern,66.15
Stanislaus,138.35
Stanislaus,141.94
Other,196.64
Madera,214.43
Madera,150.18
Butte,150.82
Fresno,116.54
Madera,143.55
Kern,177.41
Kern,205.99
Tulare,187.16
Kern,150.52
Kern,199.58
Kern,176.4
Fresno,200.48
Fresno,84.24
Stanislaus,120.68
Stanislaus,143.64
Merced,189.73
Fresno,174.66
San Joaquin,131.85
Other,215.2
Other,218.91
Butte,120.56
San Joaquin,167.4
Fresno,167.97
San Joaquin,153.27
Stanislaus,165.56
Kern,162.79
Fresno,168.38
Glenn,119.63
Stanislaus,78.06
San Joaquin,48.51
Other,75.12
Fresno,144.18
Fresno,102.57
Butte,55.75
Merced,153.25
Madera,114.74
Fresno,133.14
Stanislaus,102.82
Butte,166.38
Fresno,165.34
Madera,143.15
Madera,163.94
Kern,202.95
Merced,144.25
Colusa,104.16
Stanislaus,170.1
Tulare,175.28
Colusa,157.34
Fresno,149.85
Stanislaus,178.6
Madera,210.47
Butte,145.86
Kern,179.66
Stanislaus,134.57
San Joaquin,128.34
Fresno,129.4
San Joaquin,167.94
Fresno,174.35
Madera,147.31
Other,212.36
Stanislaus,69.55
Fresno,128.79
Other,122.26
Kern,81.23
Other,204.81
Kern,150.41
Fresno,153.29
Kern,236.7
Madera,201.27
Other,204.81
Other,149.86
Fresno,210.3
Fresno,187.01
Glenn,172.41
Stanislaus,122.57
Merced,130.52
Madera,178.1
Colusa,113.29
Kern,168.08
Madera,175.53
Kern,145.46
Other,188.6
Other,240.45
Tulare,78.3
Other,149.12
Tulare,216.65
Other,194.29
San Joaquin,130.41
Kern,183.26
Other,89.22
San Joaquin,131.58
Tulare,209.95
Kern,212.62
Fresno,204.12
Kern,165.04
Butte,162.02
Madera,199.39
Merced,49.54
San Joaquin,151.29
Madera,166.62
Fresno,165.04
Other,188.22
Other,204.44
Kern,230.29
Kern,176.62
Stanislaus,142.03
Stanislaus,78.25
Fresno,136.89
Fresno,185.08
Stanislaus,119.16
Other,182.41
Kern,65.92
Colusa,45.54
Colusa,93.28
Stanislaus,131.17
Glenn,44.96
Stanislaus,137.69
Fresno,162.3
Fresno,166.15
Fresno,168.68
San Joaquin,186.66
Other,160.38
Tulare,179.5
Fresno,147.52
Stanislaus,148.65
Glenn,148.02
Other,64.6
Merced,49.25
Butte,52.33
Madera,68.71
Tulare,114.05
Merced,183.15
Kern,194.62
Fresno,155.11
Glenn,121.96
Stanislaus,43.66
Other,169.54
Other,191.69
Merced,165.64
Stanislaus,118.41
Stanislaus,159.33
Other,178.7
Fresno,158.25
Fresno,160.89
Other,205.42
Madera,176.81
Butte,124.4
Stanislaus,193.91
Stanislaus,152.33
Butte,138.6
Kern,157.05
San Joaquin,137.07
Kern,196.31
Other,231.29
Stanislaus,139.29
Stanislaus,169.91
Madera,158.6
Stanislaus,173.03
Kern,196.42
Fresno,161.8
Stanislaus,134.28
Merced,174.15
Kern,180.23
Other,201.96
Fresno,174.96
Butte,121.24
San Joaquin,152.82
Madera,200.67
Butte,94.39
Madera,145.33
Fresno,148.43
Kern,154.01
Other,200.6
Merced,142.61
Stanislaus,144.87
Madera,146.32
Tulare,149.69
Kern,196.88
Fresno,199.46
Madera,161.17
Fresno,135.98
Butte,141.42
Glenn,113.22
Stanislaus,169.34
Colusa,171.64
Kern,169.31
Colusa,157.95
Stanislaus,89.49
Merced,146.87
Other,64.35
Merced,163.22
Fresno,180.02
Other,174.98
Stanislaus,143.83
Fresno,212.83
Madera,114.64
Kern,235.91
Kern,160.54
Other,211.61
Kern,205.65
Tulare,210.49
Stanislaus,165.28
Other,188.72
Fresno,132.23
Stanislaus,151.29
Tulare,178.31
Kern,239.85
Madera,190.28
Fresno,79.58
Tulare,212.11
Other,235.62
Fresno,61.76
Kern,98.1
Kern,228.49
Kern,178.42
Fresno,146.61
Fresno,99.22
Butte,162.96
Stanislaus,56.79
Kern,210.26
Butte,170.83
Merced,155.57
San Joaquin,187.38
Kern,203.06
Butte,117.99
Butte,167.92
Madera,146.32
Stanislaus,142.6
Tulare,160.49
Stanislaus,200.34
Merced,168.64
Colusa,162.43
Fresno,147.01
Other,114.34
Kern,150.52
Other,198.5
Madera,50.98
Kern,153.79
Fresno,168.08
Stanislaus,136.46
Kern,144.45
Madera,158.4
Madera,168.5
Tulare,160.6
Merced,129.94
San Joaquin,198.09
Kern,141.52
Other,215.32
Butte,153.73
Merced,145.8
Madera,138.2
Fresno,156.03
Fresno,146.91
Colusa,123.64
Madera,181.96
Stanislaus,157.06
Other,201.46
Kern,66.49
Kern,175.16
Madera,149.29
Madera,157.11
Madera,65.74
Merced,196.11
Fresno,175.87
San Joaquin,141.93
Madera,150.58
Kern,222.3
Stanislaus,191.74
Madera,56.23
Merced,150.54
Tulare,133.38
Fresno,119.07
Fresno,148.33
Fresno,168.58
Other,253.44
Stanislaus,166.23
Stanislaus,125.59
Stanislaus,173.03
Madera,153.45
Merced,61.63
Other,171.39
Fresno,185.49
Stanislaus,143.07
Fresno,177.29
Kern,72.56
Merced,199.79
Butte,127.74
Other,189.58
Butte,134.75
Merced,147.16
Fresno,194.91
Butte,109.61
Merced,154.7
Kern,166.5
San Joaquin,156.24
